Employee Name,Punch In Times,Punch Out Times,Total Hours Worked,Task Completed (%)
Emma Rodriguez,"09:02,12:48,15:47","11:36,14:39,16:27",5.09,96.45
Robert Williams,"09:14,13:01,15:18","12:09,14:21,15:31",4.47,95.71
Alice Martinez,"09:22,13:05,16:14","11:56,15:19,17:51",6.42,68.06
Sophia Smith,"09:13,12:30,14:42,16:38,18:47,21:48","11:26,13:32,15:58,17:44,20:49,21:59",7.84,59.89
Emma Miller,"09:22,11:29,15:25,18:57","10:34,14:00,18:03,19:49",7.23,70.78
Olivia Garcia,"09:00,11:19,14:32,16:40,19:35","10:20,13:38,15:33,18:16,21:04",7.76,67.8
Sophia Garcia,"09:27,12:32,14:58,18:48","11:26,13:54,17:50,20:19",7.75,81.74
Alice Miller,"09:01,10:58,13:50,16:43,18:59","10:22,12:43,15:23,18:01,19:22",6.34,72.43
James Brown,"09:22,13:09,15:48,18:37","11:59,15:01,17:34,20:08",7.77,94.92
Alice Williams,"09:21,13:29,15:22,18:35","12:20,14:38,17:17,19:31",6.99,52.15
Maria Johnson,"09:29,12:08,14:12,18:11","11:10,13:13,17:09,19:59",7.53,79.63
David Johnson,"09:27,13:08,15:42","12:00,14:47,17:09",5.65,51.26
Robert Miller,"09:16,12:55,15:38,19:06","12:01,14:10,18:12,19:37",7.09,79.64
Alice Rodriguez,"09:28,11:45,15:52,18:08","10:38,14:43,17:26,18:22",5.95,52.34
Maria Smith,"09:19,12:23,14:47,18:11","11:30,13:58,17:40,18:58",7.45,85.43
Emma Jones,"09:03,11:37,13:45,16:07,18:26","10:31,13:05,14:55,17:30,18:52",5.93,61.6
Robert Jones,"09:01,12:27","11:22,14:08",4.03,67.49
Emma Brown,"09:27,11:43,14:14","11:00,13:07,15:46",4.49,90.66
Olivia Williams,"09:08,11:36,14:26,18:25","10:29,13:08,17:18,19:17",6.62,56.31
Maria Garcia,"09:05,12:27,15:11","11:14,14:32,15:35",4.65,93.15
Olivia Jones,"09:18,13:05,15:58","12:08,14:38,17:43",6.13,52.64
Maria Davis,"09:25,13:21,16:48","12:02,15:56,16:49",5.23,74.97
Sophia Jones,"09:05,11:24,15:11","10:28,14:07,16:13",5.14,86.43
Sophia Rodriguez,"09:04,12:00,13:51,16:47","11:25,13:02,15:36,17:55",6.28,79.26
David Williams,"09:27,12:53,15:04","12:08,13:59,16:38",5.35,70.37
Sophia Jones,"09:21,11:14,14:21,17:16","10:21,13:38,16:31,19:11",7.48,89.45
James Brown,"09:14,12:51,16:05,19:15","11:43,15:06,18:30,19:29",7.39,70.39
David Johnson,"09:10,11:27,15:04,16:59,19:02","10:47,13:47,16:09,18:31,19:11",6.73,75.23
Maria Jones,"09:27,12:47","11:55,14:27",4.15,67.58
Michael Johnson,"09:29,11:38,15:00,17:29","10:57,14:01,16:33,18:05",6,74.59
James Smith,"09:22,12:17,15:37,17:21,20:03","11:24,14:27,16:44,18:59,20:30",7.41,76
James Martinez,"09:18,13:16,16:04,18:50","12:09,14:56,17:47,20:08",7.54,74.5
Maria Smith,"09:25,12:46,15:00,19:03","11:29,13:50,17:54,20:38",7.63,62.73
David Smith,"09:16,13:13,16:16","12:01,15:17,18:01",6.57,95.93
Robert Johnson,"09:14,12:20,14:40","11:19,13:50,15:18",4.23,96.37
John Jones,"09:06,12:14,14:59","11:27,14:04,15:42",4.91,55.83
Alice Rodriguez,"09:25,12:56,15:58,18:14","11:56,14:48,16:59,20:32",7.7,90.91
Emma Jones,"09:03,11:39,14:18,16:41,19:30","10:43,13:18,15:36,18:26,20:25",7.28,73.66
Emma Martinez,"09:25,12:39,15:25","11:43,14:20,16:16",4.84,94.83
David Williams,"09:30,12:37,15:50,19:08","11:46,14:40,18:13,19:58",7.55,52.51
Emma Johnson,"09:00,11:19,13:37,16:40","10:18,12:29,15:39,17:41",5.53,79.56
Sophia Jones,"09:16,11:47,14:09","10:40,13:02,15:35",4.09,82.51
David Garcia,"09:29,13:05,15:49","12:19,14:32,16:11",4.66,97.13
Robert Smith,"09:01,12:47,16:12","11:59,15:01,16:48",5.82,87.19
Alice Brown,"09:18,13:36,16:02","12:09,14:44,17:55",5.87,74.8
Sophia Rodriguez,"09:27,12:20,15:01","11:31,14:06,16:36",5.42,89.64
Olivia Williams,"09:20,11:18,15:05","10:33,14:17,16:12",5.33,58.38
Olivia Miller,"09:18,13:13,16:51","12:15,15:50,17:19",6.05,52.37
John Miller,"09:00,12:36,15:35","11:30,14:31,17:00",5.85,82.66
Michael Brown,"09:24,12:45,16:12,18:40","11:39,15:27,17:36,19:49",7.5,55.06
Alice Smith,"09:10,12:19,14:39,17:18","11:25,13:53,16:07,18:09",6.14,83.24
James Martinez,"09:01,11:27,14:27,17:20,20:18","10:26,13:40,16:07,19:00,21:11",7.86,67.84
John Smith,"09:24,11:37,14:39,18:33","10:42,13:35,17:10,19:25",6.66,97.89
David Garcia,"09:08,11:29,14:31,17:04,20:05","10:50,13:33,16:03,18:58,20:38",7.75,79.04
David Williams,"09:29,13:21,16:23","12:19,15:14,16:36",4.93,63.44
Alice Rodriguez,"09:26,11:43,15:26,19:40","10:29,14:29,18:25,20:36",7.74,61.34
David Johnson,"09:06,12:16,16:07,19:25","10:57,15:13,18:37,20:06",7.99,88.64
David Williams,"09:22,13:12,15:17","11:58,14:26,15:39",4.21,86.07
James Jones,"09:07,11:23,14:02,16:20","10:32,12:55,15:12,18:17",6.08,87.22
James Williams,"09:17,13:08","11:49,15:01",4.42,71.91
Olivia Williams,"09:09,12:47,16:11","11:43,15:10,17:00",5.77,63.3
David Johnson,"09:13,12:35,16:04,18:09","11:31,14:59,17:12,18:41",6.37,97.33
James Rodriguez,"09:06,11:47,15:15,18:22","10:52,14:32,17:11,18:42",6.79,82.95
Sophia Johnson,"09:25,12:55","11:54,15:26",5.01,80.85
Olivia Johnson,"09:10,12:09,14:20,17:17","10:59,13:41,16:24,17:29",5.62,68.71
John Johnson,"09:01,10:45,14:47","10:10,13:44,14:57",4.32,53.71
David Williams,"09:03,13:01,15:22,17:34","11:52,14:43,16:45,18:39",6.99,97.24
James Smith,"09:25,11:46,14:09,17:33","10:54,12:48,16:13,18:06",5.14,63.85
Sophia Smith,"09:10,13:14,16:29","11:58,15:34,18:05",6.74,97.36
Emma Williams,"09:27,11:50,14:47","10:37,13:57,16:57",5.46,96.04
James Rodriguez,"09:20,11:30,14:10,17:15","10:26,13:07,16:04,18:21",5.73,86.8
Olivia Johnson,"09:26,12:14,16:01","11:14,14:59,18:15",6.79,94.61
Michael Williams,"09:09,11:40,14:44,17:00","10:26,14:01,15:57,18:04",5.93,96.82
Emma Jones,"09:12,12:50,15:12","11:53,14:14,15:40",4.56,78.6
James Williams,"09:04,11:44,13:58,17:09","10:51,12:49,16:04,19:25",7.24,61.08
Maria Brown,"09:05,11:31,14:06,16:44","10:33,13:03,15:27,16:53",4.5,98.78
David Johnson,"09:09,12:23","11:31,14:27",4.44,63.89
Emma Davis,"09:27,12:41,14:51","11:51,14:04,15:54",4.85,94.17
Michael Miller,"09:12,12:10,14:47","11:13,13:56,15:59",4.99,92.73
Michael Davis,"09:09,12:32,15:44,18:46","11:49,14:30,17:45,18:53",6.78,81.29
Olivia Jones,"09:07,10:49,14:11,16:53","10:11,13:09,15:49,16:53",5.05,82.62
Robert Jones,"09:06,12:00,14:13,16:31","10:46,13:19,15:57,17:55",6.12,89.4
Sophia Williams,"09:07,12:56,15:58,19:15","12:03,14:48,18:04,19:56",7.6,84.95
Maria Miller,"09:24,13:11,16:28","11:47,15:39,17:25",5.8,66.97
Alice Garcia,"09:13,11:52,14:39,18:17","10:57,14:03,17:23,18:36",6.98,63.6
Alice Miller,"09:29,12:43,16:25","11:55,15:09,17:33",6.01,95.22
James Martinez,"09:26,12:30,15:43,18:05","11:38,14:27,16:49,19:04",6.24,59.92
Michael Martinez,"09:08,12:38,16:14","11:41,15:08,17:40",6.49,77.36
Maria Miller,"09:15,11:43,15:08","11:00,14:11,16:10",5.25,52.74
James Jones,"09:16,13:00,15:01,17:08","11:58,14:07,16:33,17:56",6.16,98.92
Olivia Smith,"09:27,13:28,16:57","11:59,16:14,18:58",7.32,68.05
Michael Smith,"09:13,11:17,14:12,16:36","10:23,13:06,15:47,19:21",7.33,69.11
John Jones,"09:19,12:37,14:44","11:45,13:50,15:34",4.49,80.01
James Rodriguez,"09:27,11:27,14:08,16:50,19:40","10:47,12:51,15:37,18:40,20:15",6.65,63.62
James Davis,"09:07,11:15,13:25,17:24","10:07,12:17,16:16,19:25",6.91,59.83
Robert Smith,"09:28,13:15,16:39,20:15","12:09,15:24,19:05,20:44",7.75,54.04
Emma Miller,"09:15,13:07,16:32","11:59,15:26,18:21",6.87,56.06
James Rodriguez,"09:23,12:37,15:16","11:49,14:09,15:50",4.54,91.62
John Jones,"09:01,11:40,14:59","10:57,13:46,17:38",6.7,56.74
Olivia Williams,"09:11,11:22,13:52,17:21","10:17,12:40,16:08,19:49",7.15,60.16
David Williams,"09:06,12:33,14:52","11:25,13:56,15:12",4.04,97.4
James Rodriguez,"09:14,11:53,13:52,17:30","10:42,12:54,16:28,18:01",5.62,63.13
David Garcia,"09:19,12:08,16:03,18:57","10:50,14:54,17:57,19:40",6.9,90.67
Robert Smith,"09:20,11:25,14:47","10:21,13:33,16:36",4.98,54.72
David Williams,"09:24,12:06,14:43,19:00","11:11,13:38,17:38,19:56",7.17,79.33
Alice Jones,"09:00,12:42,15:12,18:19","11:33,14:18,16:52,18:35",6.1,54.71
David Williams,"09:11,11:39,13:51,16:47","10:23,12:40,16:10,18:08",5.89,69.43
James Williams,"09:20,11:44,15:10","11:04,13:54,17:25",6.15,50.73
David Smith,"09:25,11:49,13:56,16:59,19:05","10:47,12:58,16:08,18:24,19:42",6.76,66.69
James Davis,"09:17,11:29,14:27","10:57,13:32,16:09",5.42,76.93
Maria Smith,"09:23,13:09,16:34,19:18","11:42,15:08,17:59,20:05",6.5,81.54
Maria Martinez,"09:21,12:54,15:27","11:51,14:20,17:36",6.09,86.03
John Rodriguez,"09:04,11:37,14:27,17:37","10:24,13:24,16:14,17:38",4.93,98.65
Emma Garcia,"09:22,12:40,15:34,19:02","11:37,14:22,18:14,19:09",6.74,99.81
Michael Davis,"09:04,11:52,14:38,18:38","11:13,13:37,17:14,20:03",7.93,78.3
Michael Davis,"09:04,12:44,16:01","11:57,14:57,16:52",5.96,71.78
James Brown,"09:01,11:08,14:14","10:26,13:03,14:58",4.08,54.24
James Smith,"09:00,11:12,13:50,17:44","10:30,12:49,16:48,18:36",6.96,99.82
Olivia Davis,"09:24,11:43,14:57,16:59","10:59,14:03,16:16,17:12",5.46,96.31
Olivia Jones,"09:15,11:56,15:11,18:07","10:44,13:53,16:56,19:49",6.88,63.77
James Garcia,"09:28,13:14,16:22","12:05,15:05,16:28",4.58,70.87
Michael Rodriguez,"09:18,13:09,16:12","12:17,15:10,18:52",7.67,72.72
James Martinez,"09:05,12:50,15:24,17:50","11:51,14:39,17:10,19:25",7.94,56.52
John Smith,"09:18,11:56,15:10","10:59,14:09,16:42",5.45,79.49
Alice Johnson,"09:06,12:12,14:17,16:48","11:04,13:14,15:47,19:03",6.76,50.72
Sophia Smith,"09:18,12:28,14:48","11:20,13:51,16:59",5.6,96.22
Olivia Miller,"09:24,11:36,14:17","10:47,13:09,16:32",5.19,70.28
Alice Martinez,"09:08,11:34,14:17,17:24","10:16,13:19,16:05,18:24",5.69,92.35
Olivia Garcia,"09:10,12:44,15:17","11:53,14:12,15:18",4.2,53.75
Sophia Garcia,"09:01,10:49,13:57,16:40","10:13,12:52,15:37,17:29",5.74,75.15
Olivia Miller,"09:14,11:31,15:31,18:44","10:17,14:19,17:36,18:55",6.13,69.22
David Miller,"09:24,13:18,16:41","12:21,15:48,17:20",6.1,93.6
Olivia Johnson,"09:09,12:06,15:18,18:39","11:07,14:05,17:48,19:11",6.99,53.39
Maria Garcia,"09:06,12:50,16:10","11:24,15:35,16:46",5.66,85.39
Olivia Smith,"09:06,11:28,15:06,18:06","10:09,14:00,16:40,18:21",5.4,71.05
Alice Johnson,"09:16,12:14,15:24,18:16","11:13,14:22,17:22,19:15",7.04,65.21
James Jones,"09:21,13:17,15:29","12:19,14:39,16:36",5.46,59.6
Emma Miller,"09:00,11:47,14:36,17:20","10:35,14:04,16:32,19:04",7.54,74.89
David Jones,"09:20,12:09,14:35","11:20,13:26,15:39",4.36,67.07
Olivia Miller,"09:16,13:21,16:42","11:59,16:00,17:15",5.93,86.6
Michael Johnson,"09:22,13:25,16:32","12:18,15:39,17:36",6.25,78.37
David Davis,"09:04,12:56,15:56,18:23","11:57,15:00,17:28,18:42",6.81,57.28
Sophia Jones,"09:04,12:44,15:07,17:24","11:37,13:56,16:25,19:37",7.27,54.88
Emma Jones,"09:03,12:30,16:22","11:41,15:14,16:33",5.57,61.7
James Davis,"09:04,12:52,15:24,17:05,19:31","11:39,14:45,16:27,18:39,19:44",7.3,71.28
James Jones,"09:22,11:56,14:36,16:53,19:41","11:13,13:25,15:42,18:27,20:41",7,82
Emma Martinez,"09:18,12:04,15:46","10:47,14:47,16:49",5.26,79.34
Alice Williams,"09:09,11:46,15:12","10:58,14:13,15:45",4.83,87.52
Maria Smith,"09:22,11:15,14:07","10:22,13:08,15:15",4.03,71.76
John Johnson,"09:06,12:00,14:42","11:00,13:37,16:31",5.34,57.03
Olivia Garcia,"09:07,11:31,15:31","10:23,14:15,17:56",6.42,84.76
John Rodriguez,"09:25,12:21,15:19,17:19","11:26,14:22,16:28,17:53",5.76,58
Sophia Martinez,"09:17,11:56,15:10,18:36,21:12","10:45,13:57,17:34,19:58,21:55",7.98,94.34
Alice Johnson,"09:16,11:26,13:57","10:31,13:19,16:07",5.3,56.03
Robert Miller,"09:05,11:05,13:55","10:12,13:13,16:23",5.72,97.95
Olivia Miller,"09:15,11:32,14:40","10:50,14:03,15:38",5.07,51.1
Michael Martinez,"09:22,13:02,15:11","12:13,14:19,16:03",5.01,74.61
David Smith,"09:03,12:19,14:23,16:36","11:09,13:39,15:53,16:53",5.22,82.25
James Martinez,"09:02,12:10,15:54","11:00,14:33,17:09",5.61,56.08
Maria Jones,"09:21,11:33,15:04,18:38","10:36,13:53,17:29,19:10",6.54,83.31
Michael Martinez,"09:18,12:12,15:47","11:07,14:51,16:15",4.94,79.6
Robert Johnson,"09:03,11:43,15:25,17:38","10:40,14:07,16:51,18:58",6.79,77.35
Emma Smith,"09:19,12:23,16:07","11:22,15:14,16:41",5.47,69.87
Maria Smith,"09:26,11:48,15:35,18:22","10:37,14:23,17:46,19:43",7.31,73.17
John Martinez,"09:26,11:51,14:53,17:56","10:44,13:49,17:04,18:50",6.36,60
John Jones,"09:17,13:38,15:53","12:14,15:12,17:11",5.83,61.77
James Johnson,"09:10,12:01,14:24","10:50,13:08,15:37",4.01,93.32
Maria Garcia,"09:15,11:08,14:54","10:28,14:06,15:32",4.82,78.11
Alice Davis,"09:00,12:35,15:18,17:47","11:36,13:58,17:02,19:56",7.87,88.97
James Brown,"09:30,11:19,15:06,18:59","10:39,13:42,18:03,20:04",7.58,71.98
Robert Brown,"09:10,12:51,15:31,18:33,20:46","11:46,14:15,17:34,19:56,20:57",7.62,54.58
Emma Jones,"09:26,12:09,15:05,18:58","11:08,14:18,17:34,20:28",7.85,50.89
James Smith,"09:07,12:25,15:30","11:20,14:14,16:57",5.49,71.42
Michael Martinez,"09:23,11:14,14:22,17:40","10:37,13:23,16:42,19:28",7.52,74.32
Olivia Johnson,"09:21,12:18,15:51","11:09,15:06,16:19",5.07,89.48
John Jones,"09:12,12:32,16:09,18:18","11:12,15:16,17:43,19:22",7.38,51.97
David Brown,"09:23,11:13,13:00","10:35,12:22,15:25",4.77,96.9
Michael Johnson,"09:29,12:58,15:13,18:58","12:00,14:16,18:10,19:21",7.16,77.26
John Williams,"09:15,11:39,14:47,17:24","10:35,13:43,16:24,18:09",5.77,64.21
John Smith,"09:17,12:39,14:42,17:51","11:59,13:58,17:03,18:11",6.72,94.4
Olivia Davis,"09:29,12:30,15:50,19:03","11:11,14:48,18:06,19:18",6.53,96.88
Michael Johnson,"09:22,12:59,16:49","12:12,15:42,16:51",5.59,73.66
James Miller,"09:04,12:47,15:09","11:47,14:20,15:41",4.81,85.94
Maria Smith,"09:08,12:26,15:37","11:09,14:34,16:14",4.78,76.75
James Miller,"09:29,12:59,15:49,17:53","12:03,14:47,16:55,19:46",7.37,75.17
Alice Miller,"09:17,12:44,15:24,18:00","12:04,14:17,16:40,18:47",6.39,54.45
Alice Davis,"09:08,12:02,15:41,19:10","11:03,14:43,18:05,19:24",7.23,64.77
Olivia Garcia,"09:02,11:31,13:28","11:00,12:37,16:18",5.9,92.45
Michael Martinez,"09:17,11:14,14:41","10:22,13:46,15:50",4.77,74.03
David Johnson,"09:08,12:25","11:34,14:15",4.28,56.51
Emma Smith,"09:21,11:59,15:46","11:01,14:52,18:15",7.04,60.32
James Martinez,"09:23,11:59,15:11","11:10,14:06,15:22",4.09,64.9
John Davis,"09:26,13:16,16:44","12:16,15:33,18:46",7.16,59.07
Robert Johnson,"09:08,11:50,14:22,16:59","10:30,13:14,16:01,18:50",6.28,81.12
Sophia Brown,"09:18,13:10,15:41,18:40","11:48,14:36,17:20,19:54",6.83,55.4
Michael Williams,"09:10,12:44","11:30,15:14",4.84,89.88
Sophia Jones,"09:05,10:59,13:15,15:41","10:12,12:36,14:38,15:50",4.27,73.36
Michael Brown,"09:26,13:22,15:54,19:07","12:20,14:53,18:05,19:26",6.92,92.97
Alice Martinez,"09:12,11:04,13:53,17:20","10:14,12:48,16:36,17:45",5.91,63.06
Maria Williams,"09:07,11:47,14:12","10:23,13:16,15:54",4.47,63.81
Sophia Johnson,"09:12,13:06,16:40","12:00,15:39,18:05",6.78,65.76
Olivia Johnson,"09:05,11:53,16:06","10:51,14:51,16:24",5.04,59.04
John Smith,"09:28,13:08,16:17","12:10,15:25,16:56",5.65,96.71
Maria Martinez,"09:21,12:49,15:49","11:47,14:28,16:36",4.88,93.35
Olivia Johnson,"09:06,11:30,13:24,15:57,19:22","10:30,12:33,14:57,18:11,20:13",7.09,64.64
Alice Miller,"09:16,12:09,14:28","11:09,13:31,16:37",5.41,74.48
Robert Miller,"09:07,12:22,15:16,18:54","11:24,14:11,18:02,20:01",7.99,76.6
Michael Martinez,"09:20,12:46,15:07,17:31","11:43,14:07,16:44,19:53",7.73,61.91
Maria Rodriguez,"09:29,12:42,15:43,17:26,20:17","11:40,14:41,16:50,19:17,20:57",7.81,96.72
Emma Johnson,"09:06,11:57,13:40,16:04","10:55,13:06,15:13,16:51",5.31,95.09
Alice Brown,"09:00,11:07,14:37,16:46","10:07,13:21,15:39,17:14",4.85,56.7
David Davis,"09:22,11:55,14:42,18:15","11:01,13:22,17:19,19:13",6.69,82.47
Olivia Miller,"09:27,12:02,15:50,17:57","10:41,14:30,17:06,18:08",5.16,60.23
David Garcia,"09:22,11:24,13:36,15:56","10:33,13:03,14:49,17:24",5.53,93.48
David Rodriguez,"09:05,12:37,14:40","11:40,13:43,16:21",5.38,99.09
Sophia Brown,"09:25,13:26","12:19,15:25",4.9,81.71
Alice Rodriguez,"09:01,12:14,14:31,17:11,18:59","11:36,13:52,16:09,18:16,19:03",7.01,84.19
David Johnson,"09:03,11:42,15:05,17:48","10:40,14:18,16:46,19:33",7.66,97.59
Olivia Martinez,"09:20,11:57,14:17,16:07,19:40,22:46","10:45,13:03,15:22,18:32,21:32,22:51",7.98,62.83
Robert Martinez,"09:15,12:53,16:16","12:11,15:24,16:59",6.18,96.23
Olivia Garcia,"09:03,11:04,14:05,17:09","10:09,13:11,15:58,19:03",7.01,59.36
David Martinez,"09:28,12:42,16:07","11:52,14:57,17:52",6.42,89.27
John Martinez,"09:07,12:12,14:59","10:52,13:36,16:36",4.78,82.06
Maria Johnson,"09:03,11:01,14:19,17:43","10:15,13:24,16:51,19:12",7.61,53.3
Emma Rodriguez,"09:13,12:42,15:59,17:36,20:12","11:36,15:02,17:05,19:17,20:19",7.63,65.11
James Garcia,"09:16,12:07,14:46,18:18","11:05,13:48,17:13,18:47",6.43,50.34
Sophia Rodriguez,"09:21,13:08","11:59,15:01",4.52,84.43
Robert Garcia,"09:13,12:09,14:39,17:55","10:52,13:46,16:55,19:35",7.21,97.68
Alice Davis,"09:20,11:58,15:49,19:34","11:24,14:40,18:30,19:41",7.58,53.34
Michael Miller,"09:08,13:00,17:22","11:59,15:57,17:29",5.93,78.34
Michael Rodriguez,"09:08,11:24,15:05","10:40,14:10,15:23",4.61,58.18
Maria Miller,"09:04,12:15,14:27,16:15,19:29","11:23,13:28,15:39,18:08,19:36",6.75,59.81
Maria Williams,"09:05,12:51","11:54,15:07",5.09,64.07
Maria Jones,"09:10,11:33,13:35,16:53","10:26,12:34,15:48,17:00",4.63,50.05
Michael Rodriguez,"09:04,11:51,14:27,16:14,19:08,21:52","10:47,13:31,15:30,17:55,20:47,21:59",7.89,65.35
James Jones,"09:03,11:32,14:10","10:29,13:21,16:14",5.32,77.68
Michael Martinez,"09:06,12:52,15:57","11:46,14:58,17:24",6.22,96.16
Michael Davis,"09:19,11:13,14:52","10:29,14:00,16:31",5.61,87.12
Robert Davis,"09:24,11:28,14:14","10:53,13:31,15:59",5.29,62.05
Maria Davis,"09:12,13:18,16:13","12:08,15:19,16:40",5.41,68.63
Sophia Miller,"09:24,12:30,15:33,18:02","11:25,14:28,16:43,18:58",6.08,69.48
James Johnson,"09:24,12:16","11:23,14:28",4.19,70.05
Olivia Jones,"09:11,12:50","11:58,14:50",4.79,53.12
Emma Rodriguez,"09:17,11:59,15:35,19:18","10:48,14:24,18:14,20:16",7.55,89.42
Maria Garcia,"09:27,12:51","11:45,15:12",4.67,83.57
David Garcia,"09:05,12:43","11:55,14:22",4.49,71.01
David Davis,"09:19,12:15,15:44","10:51,14:32,17:19",5.42,72.23
Emma Martinez,"09:25,12:21,15:56,19:25","11:18,14:59,18:01,19:34",6.76,90.55
James Williams,"09:22,12:56,15:14,19:01","11:52,14:24,17:52,19:34",7.17,98.37
Emma Smith,"09:03,12:33,15:50,17:47","11:19,14:52,17:01,19:37",7.61,84.4
Emma Miller,"09:14,13:13,16:35","12:12,15:49,17:08",6.13,50.88
James Miller,"09:19,11:23,14:54","10:19,14:13,16:31",5.46,83.83
Maria Miller,"09:03,11:59,14:28,17:52,20:28","10:41,13:14,16:50,19:26,21:38",7.99,90.36
James Davis,"09:12,11:44,15:15","10:58,14:15,15:28",4.51,52.92
Emma Garcia,"09:15,12:06","11:17,14:24",4.35,70.51
Michael Martinez,"09:07,12:48,14:56","11:42,13:49,16:30",5.18,92.62
Michael Brown,"09:04,12:08,14:00,15:55,17:58,20:16","11:04,13:10,15:15,17:01,19:40,20:47",7.6,83.2
Olivia Smith,"09:22,11:28,14:26,18:26","10:30,13:17,17:23,19:24",6.87,79.99
John Miller,"09:10,11:03,13:47,17:31","10:13,13:09,16:29,17:49",6.17,55.33
Olivia Smith,"09:10,11:47,14:49","10:55,13:54,15:37",4.68,52.52
Maria Johnson,"09:05,12:32,14:50,17:24,19:58","11:07,13:37,16:37,18:40,20:42",6.9,73.08
Emma Rodriguez,"09:24,12:42","11:31,15:37",5.05,86.5
James Smith,"09:16,11:31,14:01,16:42","10:17,12:58,15:48,18:12",5.77,85.28
Maria Rodriguez,"09:23,11:52,15:15","10:54,14:34,17:39",6.63,81.88
Michael Martinez,"09:02,11:05,13:30","10:17,12:32,15:17",4.48,71.83
Michael Smith,"09:04,10:41,13:03,16:32","10:07,12:04,15:23,18:53",7.13,99.78
David Smith,"09:16,11:59,13:55,17:23","10:56,13:01,16:07,17:42",5.22,75.63
Michael Rodriguez,"09:09,12:05,15:02,19:01","11:16,14:03,17:59,19:21",7.38,98.15
James Garcia,"09:19,11:17,13:53,16:49","10:28,12:44,15:49,18:43",6.43,93.57
John Martinez,"09:30,11:49,15:08","11:12,13:49,15:37",4.2,75.25
Olivia Davis,"09:02,12:43,14:54","11:50,13:58,16:44",5.88,55.83
James Smith,"09:13,11:36,14:57","10:44,13:52,15:44",4.58,58.7
Michael Martinez,"09:09,12:35,15:55","11:39,15:12,17:34",6.78,52.28
John Williams,"09:19,13:04,16:12","12:12,15:28,17:15",6.34,90.59
Maria Brown,"09:28,11:33,14:22,16:46,18:54","10:32,13:04,15:45,17:54,20:40",6.88,98.43
David Rodriguez,"09:08,12:14,14:27,18:24,20:40","10:49,13:26,17:27,19:35,21:27",7.86,68.94
John Martinez,"09:12,12:40,16:32","11:44,15:19,17:23",6.04,73.3
James Johnson,"09:13,11:58,16:10","10:50,14:48,17:00",5.29,61.6
Olivia Miller,"09:21,12:59,15:54,18:08","11:53,14:59,16:58,19:47",7.26,75.04
James Johnson,"09:20,13:11,15:17,17:18,19:30","12:15,14:40,16:24,18:56,20:18",7.95,79.63
David Martinez,"09:20,12:20,15:19,18:27,20:42","11:07,14:27,17:05,19:36,21:44",7.85,73
Maria Rodriguez,"09:23,11:54,14:50,17:20,21:26","10:37,13:51,15:51,20:15,21:31",7.21,76.89
Alice Jones,"09:10,12:03,15:38","11:07,14:44,16:46",5.77,79.99
James Jones,"09:09,13:14","12:04,14:20",4.03,67.99
David Davis,"09:15,12:36,16:08,18:39","11:54,14:57,17:43,18:51",6.79,64.09
Alice Jones,"09:08,11:21,13:16,15:26","10:08,12:34,14:48,17:12",5.53,85.43
James Garcia,"09:21,12:51,16:37","12:02,15:32,17:02",5.78,74.11
Michael Williams,"09:22,11:11,13:42","10:23,12:52,15:26",4.44,68.15
John Smith,"09:26,12:48,16:15","11:42,15:37,17:41",6.52,57.03
Maria Williams,"09:30,12:39,15:54,19:04","11:26,15:04,17:44,20:32",7.66,82.75
John Rodriguez,"09:14,11:55,13:59","11:13,13:21,15:10",4.61,92.38
Sophia Rodriguez,"09:05,11:46,14:56,18:57","10:42,13:42,17:52,19:11",6.72,61.45
Sophia Williams,"09:03,12:42","11:29,14:22",4.11,61.71
Robert Rodriguez,"09:19,11:26,15:14","10:24,14:13,16:38",5.27,90.5
John Jones,"09:24,11:43,14:47,18:28","10:47,13:43,17:15,19:21",6.75,90.44
Michael Garcia,"09:02,11:16,14:26,18:39","10:03,13:36,17:25,20:09",7.84,87.93
Alice Williams,"09:02,12:36,16:19,18:32","11:31,15:27,17:52,18:56",7.29,79.79
Maria Rodriguez,"09:21,12:18,14:35,17:06,19:58","11:12,13:36,16:22,19:17,20:35",7.75,50.08
Emma Jones,"09:17,12:08,14:17,17:59,21:05","10:55,13:09,17:02,19:48,21:51",7.99,92.57
John Garcia,"09:11,12:01,14:45,18:18","11:09,14:07,17:16,19:00",7.29,72.21
Olivia Smith,"09:26,12:20,15:33,18:15","11:21,14:38,16:58,19:40",7.06,95.69
John Miller,"09:20,11:52,14:42,16:50","11:07,13:28,15:59,18:36",6.44,95.31
Emma Garcia,"09:30,11:27,14:49,17:07,19:53","10:35,13:42,16:11,18:44,20:49",7.26,53.35
Robert Garcia,"09:22,13:04,14:46,18:24","12:06,14:07,17:20,19:42",7.66,96.7
John Garcia,"09:24,12:38,15:47,19:02","11:44,15:13,18:00,19:22",7.48,62.62
Robert Davis,"09:01,11:58,14:32","10:59,13:40,16:01",5.15,95.3
Sophia Brown,"09:18,12:32,15:05,16:44,19:25","11:42,14:21,16:13,18:11,19:35",6.97,71.07
Emma Rodriguez,"09:28,12:12,14:43,17:10","11:11,13:38,15:59,17:31",4.78,50.33
Michael Johnson,"09:03,12:12,15:12,18:00,20:50","10:57,14:06,17:01,19:41,21:00",7.47,96.65
James Brown,"09:03,11:42,14:39,17:51,20:00","10:52,13:31,16:53,18:51,20:45",7.62,50.09
David Williams,"09:18,11:17,14:40","10:22,13:20,16:22",4.82,50.05
John Garcia,"09:06,11:39,14:09","10:17,13:14,15:57",4.57,60.72
Alice Johnson,"09:00,11:59,14:49,17:57","11:00,13:44,16:37,18:43",6.33,66.61
David Martinez,"09:05,11:11,13:15,15:48,18:00,20:18","10:20,12:12,14:59,16:51,19:32,20:46",7.07,52.82
John Martinez,"09:09,12:45,15:51","11:32,15:13,16:49",5.82,57.93
Maria Williams,"09:07,12:22,14:55,16:58,19:55","11:40,13:52,15:57,18:50,20:30",7.54,73.76
Emma Jones,"09:04,12:44,16:16","11:49,15:07,16:23",5.25,73.41
James Brown,"09:14,11:58,15:47","10:54,14:30,16:54",5.33,96.63
Michael Smith,"09:06,12:51","11:49,14:41",4.57,92.13
Robert Miller,"09:14,12:19,14:30","11:18,13:39,16:02",4.94,68.54
James Jones,"09:10,11:38,14:32","10:13,13:45,16:03",4.7,97.01
Olivia Davis,"09:22,11:29,14:57,18:55","10:43,14:07,17:49,19:38",7.57,80.4
James Johnson,"09:15,12:59,15:02,17:36","12:11,14:02,16:58,18:19",6.64,56.53
Alice Johnson,"09:03,12:46,16:18,18:53","11:45,14:58,18:03,19:08",6.91,60
John Johnson,"09:14,11:36","10:35,14:18",4.06,99.74
David Williams,"09:08,12:13,15:25,18:59","10:45,14:24,18:05,19:11",6.67,62.39
James Johnson,"09:07,11:36,15:04,18:09","10:27,13:47,17:04,19:28",6.85,56.63
Olivia Brown,"09:12,12:36,15:12","12:03,14:07,15:31",4.7,96
James Miller,"09:16,12:10,15:09,18:43","11:11,13:56,17:33,20:11",7.56,96.38
Michael Martinez,"09:18,12:51","11:53,14:18",4.04,85.44
James Williams,"09:09,11:34,14:09,16:55,19:31","10:30,12:47,15:34,18:51,19:58",6.38,91.14
Emma Davis,"09:24,11:51,15:31,18:24","10:49,14:25,17:32,19:43",7.33,97.48
Maria Williams,"09:05,12:02,14:47","11:09,13:52,16:02",5.15,65.39
Olivia Brown,"09:11,13:09","11:48,15:46",5.23,71.6
Olivia Smith,"09:04,11:42,15:20","10:57,14:15,18:11",7.28,70.41
James Williams,"09:27,12:53","12:03,14:26",4.15,53.49
Robert Miller,"09:08,11:35,13:33,16:43,18:55","10:43,12:42,15:40,18:02,20:43",7.93,63.53
David Jones,"09:27,12:19,14:56","11:29,14:16,15:53",4.94,89.72
Sophia Garcia,"09:30,12:54,16:02","11:35,15:23,16:25",4.96,91.29
David Martinez,"09:09,12:13,16:04,18:20","11:11,15:06,17:10,18:48",6.49,65.63
John Miller,"09:26,12:42,15:13","11:27,14:07,16:58",5.18,77.18
Emma Miller,"09:24,11:36,14:34,17:53","10:36,13:37,17:00,19:28",7.24,65.09
Sophia Jones,"09:13,13:11,16:32,18:56","11:59,15:10,18:00,20:35",7.87,72.27
Sophia Davis,"09:22,11:59,14:58,18:46","10:44,13:39,17:54,19:31",6.73,92.21
Emma Johnson,"09:24,12:03,15:05","11:11,14:13,15:55",4.78,60.15
John Davis,"09:25,12:24,15:34,18:04","11:14,14:20,17:00,18:04",5.18,74.54
John Smith,"09:19,11:07,15:32,18:26","10:28,14:04,17:24,19:42",7.24,57.02
Maria Jones,"09:12,12:43,14:59,17:27","11:38,14:17,16:13,19:01",6.82,99.15
David Miller,"09:25,12:42,14:28,17:05,19:31","11:30,13:54,16:18,18:43,19:31",6.76,88.36
Sophia Garcia,"09:15,13:00,15:36","11:58,14:23,17:27",5.95,99.31
Emma Williams,"09:07,11:21,14:07,16:32","10:38,13:15,15:32,17:42",6,71.93
Robert Williams,"09:22,12:11,14:45,17:46","11:07,13:30,16:43,18:02",5.31,57.27
John Brown,"09:15,12:01,15:23,17:30","11:18,14:37,16:33,18:36",6.92,96.44
Robert Miller,"09:22,12:08,14:10,16:37","10:47,13:33,15:45,17:21",5.15,73.46
David Smith,"09:27,11:30,14:07,17:29","10:45,13:08,16:38,19:02",7.01,85.17
Emma Garcia,"09:10,12:14,15:39","11:09,14:35,17:08",5.83,69.91
David Jones,"09:07,11:36,15:23","10:24,14:12,16:47",5.29,92.3
John Johnson,"09:21,12:36,14:47,16:44","11:41,13:44,16:05,18:09",6.19,74.8
Robert Jones,"09:15,12:38,16:47,19:06","11:48,15:29,17:55,19:11",6.62,93.61
Olivia Miller,"09:28,12:08,14:15,17:02","10:58,13:11,16:07,17:37",5.01,61.77
Maria Brown,"09:27,11:52,15:14,18:49","10:40,14:21,17:35,20:11",7.42,61.3
James Rodriguez,"09:24,13:08,16:37,19:05","12:10,15:41,17:53,19:17",6.79,50.22
Maria Smith,"09:10,11:46,14:51","11:05,13:51,15:25",4.57,73.47
Olivia Brown,"09:24,11:12,14:55,17:31","10:24,14:09,16:31,19:42",7.74,92.13
Emma Miller,"09:15,13:08,17:19","12:02,15:58,19:29",7.8,91
Maria Williams,"09:08,12:41","12:07,14:24",4.71,78.05
Robert Martinez,"09:03,13:04,16:16","12:00,15:01,16:56",5.58,76.23
Alice Williams,"09:05,12:42,15:17,18:54","11:27,14:09,17:42,20:04",7.41,75.68
Olivia Jones,"09:24,12:07,14:47","10:57,13:59,15:50",4.47,50.12
Olivia Martinez,"09:17,12:26,14:22,17:16","11:18,13:30,16:29,19:18",7.23,58.62
John Martinez,"09:04,12:06,14:35,18:04","11:16,13:28,17:17,18:50",7.03,60.35
Michael Smith,"09:03,12:00,15:11","10:39,14:00,17:55",6.35,64.7
Olivia Johnson,"09:19,12:41,16:56","11:39,15:37,17:45",6.09,57.34
Olivia Brown,"09:05,13:02","11:55,14:49",4.63,65.29
David Smith,"09:24,13:02,16:22","12:03,15:11,17:10",5.6,92.03
James Johnson,"09:15,11:37,15:52,18:44","10:37,14:32,17:49,20:09",7.66,83.95
David Rodriguez,"09:17,11:40,15:00,17:20","10:18,14:01,16:42,17:21",5.09,62.79
Sophia Brown,"09:10,12:38","11:55,13:59",4.11,95.24
Emma Williams,"09:01,12:24","11:50,14:25",4.84,69.19
Maria Smith,"09:05,12:26,14:59,18:43","11:17,13:47,17:39,19:41",7.19,85.93
Alice Miller,"09:07,12:53","11:55,14:40",4.6,57.49
John Williams,"09:19,11:12,13:38,15:46,18:11","10:21,12:43,14:49,17:11,18:34",5.55,76.97
James Brown,"09:29,12:56","11:56,14:31",4.04,65.31
Sophia Davis,"09:17,11:10,15:02,18:18","10:20,14:03,16:58,18:21",5.92,64.12
Olivia Johnson,"09:30,13:20,15:48","12:03,15:01,15:55",4.36,76.55
John Smith,"09:12,12:25,15:38,17:57","11:06,14:36,16:53,19:38",7.02,75.69
Sophia Garcia,"09:27,12:28,14:44,18:55","11:57,14:05,17:34,19:37",7.66,80.96
Alice Miller,"09:21,13:06","12:16,14:39",4.47,74.08
Sophia Davis,"09:01,11:33,13:47,17:10,19:57","10:25,12:57,16:06,18:48,21:11",7.99,74.06
David Garcia,"09:24,12:44,16:31","11:19,15:23,17:43",5.78,96.07
Emma Martinez,"09:12,13:05","11:52,14:38",4.22,57.24
James Rodriguez,"09:09,12:04,14:18","11:06,13:17,16:28",5.34,63.25
John Rodriguez,"09:19,12:15,14:47","10:50,13:24,16:57",4.84,69.45
Alice Smith,"09:10,11:57,15:22,18:04","11:03,14:02,17:09,18:33",6.24,61.2
Michael Brown,"09:05,11:18,15:07,17:58","10:26,13:46,16:44,18:51",6.32,64.57
Maria Jones,"09:09,12:52,16:21","12:05,15:31,17:18",6.54,69.95
Maria Williams,"09:27,11:39,15:31","10:29,14:21,16:33",4.78,66.4
Maria Brown,"09:06,11:24,15:45,18:25","10:36,14:22,17:15,18:53",6.43,75.06
Emma Brown,"09:30,12:06,14:34","10:52,13:30,16:22",4.57,61.31
Emma Smith,"09:25,13:18,16:48,19:28","12:22,15:41,18:33,20:22",8,81.45
David Williams,"09:24,12:33,16:14,19:45","11:53,14:56,18:54,20:10",7.96,68.45
Sophia Davis,"09:05,12:15,15:53,17:51","11:24,14:49,17:10,18:53",7.21,60.51
Robert Williams,"09:11,11:35,14:16,16:38,20:00","10:41,13:22,15:39,18:51,20:41",7.57,58.32
John Miller,"09:11,12:10,15:25","11:15,14:32,15:55",4.94,82.73
Olivia Johnson,"09:23,12:23,15:50","11:05,14:52,18:21",6.7,50.81
Robert Smith,"09:16,11:37,14:04,17:21,19:20","10:52,13:31,16:43,18:43,19:48",8,86.67
Emma Williams,"09:13,12:51","11:49,14:26",4.2,56.84
Alice Rodriguez,"09:15,12:12","11:23,14:22",4.31,89.06
Alice Martinez,"09:04,11:32,13:44","10:10,12:47,15:34",4.18,84.39
John Garcia,"09:15,13:30,15:49,18:32","12:02,14:46,17:17,19:34",6.56,91.26
Michael Miller,"09:02,12:15,15:02","11:12,14:18,16:45",5.94,83.07
James Davis,"09:09,11:51,15:36,19:19","10:26,14:10,17:54,19:23",5.98,74.87
Maria Smith,"09:09,13:03,15:01,18:48,21:02","12:05,14:04,17:41,19:55,21:08",7.84,73.53
Maria Miller,"09:24,12:05,14:49,17:31","10:39,13:32,16:34,17:56",4.88,65.28
John Williams,"09:28,13:38,16:10,19:36","12:11,15:13,18:39,19:54",7.09,81.25
Sophia Williams,"09:14,12:36,16:01,18:28","11:32,15:09,17:30,19:51",7.72,68.7
David Rodriguez,"09:13,12:58,15:59","12:00,14:43,16:45",5.3,72.39
Alice Garcia,"09:15,11:00,12:51,15:44,18:35","10:15,12:03,14:46,17:23,19:47",6.82,81.04
John Jones,"09:08,12:09,15:07","11:13,14:09,16:26",5.41,65.08
Alice Johnson,"09:24,12:08,14:42,16:53,19:37","11:12,13:33,16:09,18:33,20:40",7.39,72.11
Emma Brown,"09:14,12:42,15:41","11:39,15:08,17:20",6.51,86.54
John Johnson,"09:01,12:40,15:16","11:33,14:07,16:04",4.8,86.82
Michael Brown,"09:25,11:53,15:43","11:06,14:45,15:58",4.8,98.8
Emma Jones,"09:00,11:16,14:44","10:33,13:54,17:02",6.49,62.38
Emma Johnson,"09:01,12:42,15:14","11:35,14:20,15:23",4.35,92.52
Alice Williams,"09:01,13:08,15:15,17:45","11:51,14:15,16:28,18:30",5.93,62.42
James Brown,"09:03,12:06,15:49,18:43","11:14,14:46,17:34,19:14",7.12,83.96
David Davis,"09:24,12:55,16:29","11:33,15:30,17:55",6.17,94.35
Alice Garcia,"09:05,11:55,14:30,18:01","10:40,13:30,17:11,19:05",6.93,58.28
Maria Miller,"09:27,12:44,16:24","11:34,15:25,16:29",4.89,80.29
Olivia Garcia,"09:29,13:35,17:20","12:24,16:09,18:19",6.48,82.82
Michael Garcia,"09:25,12:04,15:29,18:56","11:08,14:52,17:52,19:35",7.56,90.67
Michael Garcia,"09:27,12:17,16:10,19:49","11:22,15:09,18:58,20:07",7.89,50.86
Emma Brown,"09:01,11:33,14:57,17:47","10:25,13:35,16:44,19:42",7.14,82.37
David Miller,"09:19,12:57","11:49,15:01",4.58,92.72
David Smith,"09:11,11:28,13:45,16:59","10:40,12:41,15:56,17:49",5.73,61.78
James Jones,"09:15,11:37,14:52,17:45,20:50","10:53,13:53,16:46,19:33,20:59",7.76,72.19
Alice Garcia,"09:23,13:00,15:44","12:21,14:33,16:06",4.9,60.57
Emma Jones,"09:13,12:41,15:35,17:24","11:44,14:33,16:50,18:03",6.29,65.19
Alice Jones,"09:11,12:56,15:41","11:47,14:47,16:01",4.79,98.3
Emma Williams,"09:19,12:12,14:38,17:28","11:35,13:57,16:25,17:46",6.11,64.78
David Rodriguez,"09:23,13:09,15:21,17:28,19:44","12:05,14:27,16:54,18:46,20:50",7.96,52.73
Robert Williams,"09:29,11:11,13:59,16:10","10:31,12:57,15:13,18:43",6.6,62.38
Robert Jones,"09:29,12:59","11:30,15:38",4.67,81.86
Sophia Rodriguez,"09:00,12:15,14:55,17:29","11:08,13:49,16:50,17:36",5.75,63.78
Maria Martinez,"09:23,13:37,16:45,19:37","12:13,15:27,18:26,20:53",7.63,87.63
Emma Martinez,"09:23,12:28,15:31,18:32","11:41,14:19,17:26,18:42",6.24,61.14
Emma Smith,"09:15,12:09,16:23,18:20","11:19,15:02,17:36,19:22",7.2,77.36
Emma Smith,"09:14,12:10,14:04,18:27","11:05,13:11,17:02,18:52",6.26,97.9
Emma Miller,"09:03,11:18,13:17,15:25,17:27","10:30,12:22,14:32,16:28,20:14",7.61,89.17
David Davis,"09:03,12:37,15:13,17:00","11:19,14:14,16:17,17:03",5.01,82.32
Michael Davis,"09:27,12:04,15:18","10:49,14:20,16:26",4.77,54.25
John Miller,"09:19,12:10","11:28,14:45",4.73,87.49
Maria Garcia,"09:28,12:11,15:54,18:45","11:30,15:02,17:37,19:56",7.8,77.99
Emma Smith,"09:07,12:12,15:27,17:17,21:00","11:08,14:26,16:27,19:46,21:08",7.88,94.79
John Martinez,"09:20,11:37,14:22,16:55,19:43","10:51,13:16,15:48,18:55,20:21",7.25,89.53
Alice Miller,"09:24,12:08,15:09,18:37","11:00,14:12,17:25,18:58",6.29,73.17
Olivia Johnson,"09:21,12:52,15:52,19:12","11:27,14:56,18:02,19:30",6.64,74.8
Michael Brown,"09:13,11:03,14:19,17:14","10:17,13:23,16:40,17:52",6.39,70.12
Olivia Davis,"09:24,12:46,15:34","11:54,14:36,17:09",5.93,54.55
Maria Davis,"09:26,12:52,15:06","12:02,13:53,17:24",5.92,91.62
Alice Brown,"09:07,12:01,15:33","10:39,14:22,16:51",5.2,60.96
Sophia Johnson,"09:10,11:42,14:56","10:36,13:58,15:51",4.62,65.97
Maria Martinez,"09:11,11:09,14:30","10:25,13:05,16:54",5.57,83.99
John Williams,"09:19,13:24,16:05","12:18,15:03,16:33",5.11,87.91
Maria Johnson,"09:07,11:13,13:18,16:35","10:39,12:32,15:50,17:18",6.11,88.41
Sophia Williams,"09:02,10:56,14:17,16:41,18:46","10:09,13:31,15:44,17:44,19:39",7.09,98.41
James Smith,"09:15,13:00,15:08","11:52,14:23,16:41",5.57,87.87
Olivia Brown,"09:19,11:26,13:54,16:43","10:22,12:41,15:53,19:06",6.68,71.11
John Williams,"09:19,13:11,16:05,20:03","12:02,14:54,19:04,20:16",7.64,91.52
John Davis,"09:26,11:45,14:13","10:57,13:28,15:22",4.4,51.1
Alice Davis,"09:13,11:24,13:27,16:34","10:24,12:28,15:57,17:08",5.33,50.48
Alice Davis,"09:28,12:46,15:46","11:33,14:29,16:51",4.89,86.82
John Smith,"09:00,12:39","11:39,14:46",4.78,97.14
Sophia Miller,"09:24,11:53,14:32","11:04,13:32,16:06",4.89,79.65
Robert Smith,"09:27,12:48,15:41,18:19","11:50,14:35,17:29,19:14",6.9,81.16
Maria Martinez,"09:01,12:47","11:21,15:17",4.84,74.74
Robert Miller,"09:04,12:44,14:58,17:21","11:46,14:03,16:33,18:30",6.76,91.77
Alice Davis,"09:03,12:23,15:51,18:29","11:02,14:26,17:26,19:11",6.32,80.35
Emma Johnson,"09:10,11:03,13:48,16:13","10:21,12:49,15:06,16:54",4.94,77.59
Robert Miller,"09:26,11:47,14:52","10:48,13:46,16:40",5.15,55.14
Alice Garcia,"09:20,12:47,15:12","11:53,14:24,17:45",6.72,57.69
James Martinez,"09:11,11:51,15:21","11:07,14:32,17:00",6.27,62.39
Alice Johnson,"09:17,11:50,15:16,17:32,20:10","10:49,14:42,16:40,18:47,20:26",7.32,53.14
Alice Smith,"09:20,12:24,15:53,18:20","11:51,14:40,17:12,19:40",7.45,78.35
James Jones,"09:16,12:56,15:31,19:22","11:45,14:32,18:06,20:18",7.6,98.4
John Martinez,"09:09,12:44","11:43,15:04",4.91,95.66
Michael Martinez,"09:17,12:24,15:48","11:19,14:38,16:55",5.39,84.63
Maria Davis,"09:29,11:34,15:16","11:00,14:22,15:42",4.75,97.11
David Miller,"09:03,12:08,15:31","11:16,14:12,17:09",5.92,78.74
Alice Brown,"09:28,12:12,14:43,18:10","10:59,14:10,17:15,18:11",6.04,65.46
Sophia Miller,"09:06,12:41,15:16","11:40,14:28,16:30",5.58,99.33
Alice Martinez,"09:11,11:13,14:39,18:01","10:18,13:53,16:47,18:30",6.41,85.51
Sophia Williams,"09:02,11:47","10:24,14:25",4,59.93
Robert Smith,"09:08,12:52,15:56","11:41,15:05,16:27",5.29,86.5
James Jones,"09:29,12:23,15:48","11:34,14:46,16:45",5.43,72.1
Michael Jones,"09:19,11:47,15:15","10:59,14:21,16:41",5.68,55.58
Olivia Miller,"09:03,11:20,14:55","10:25,13:55,16:02",5.08,58.97
John Martinez,"09:03,11:23,14:17,16:51","10:21,13:37,16:06,17:03",5.56,57.31
David Brown,"09:10,12:49","11:49,14:26",4.27,76.13
Emma Miller,"09:26,13:26","12:02,15:00",4.18,77.76
Emma Brown,"09:01,11:08,15:05","10:04,14:06,15:21",4.3,73.3
Michael Rodriguez,"09:28,12:43,15:27","11:39,14:19,16:46",5.11,83.18
John Rodriguez,"09:04,12:42,16:09","12:03,15:09,17:02",6.32,77.59
Emma Jones,"09:23,12:24,14:32,16:42","11:44,13:43,15:37,17:11",5.23,62.18
Alice Brown,"09:11,11:22,15:00,17:50","10:12,13:36,17:19,18:54",6.64,86.82
Maria Williams,"09:06,12:17,14:01,17:43","11:09,13:24,16:23,19:46",7.59,76.79
Maria Rodriguez,"09:21,12:38","11:26,14:50",4.29,50.39
John Miller,"09:20,12:36,14:57,17:08","11:31,14:10,16:09,18:30",6.33,77.45
David Jones,"09:08,12:01,15:39,17:59,20:32","10:42,14:29,16:41,19:35,21:43",7.86,57.42
John Jones,"09:11,12:12,14:43,17:30,19:59","11:11,13:34,16:27,18:32,21:36",7.75,63.56
Olivia Rodriguez,"09:07,12:55,16:44","12:01,15:49,17:07",6.19,79.15
David Miller,"09:30,13:09,15:18","12:14,14:25,15:39",4.36,82.63
James Rodriguez,"09:21,12:07,14:24,17:14","11:22,13:22,16:10,17:51",5.65,56.36
Sophia Miller,"09:29,12:27,15:23","11:25,14:26,15:39",4.18,62.56
Maria Rodriguez,"09:16,12:18,14:42,18:37,21:36","11:02,13:25,17:17,20:57,21:46",7.97,70.66
Maria Jones,"09:21,12:51,16:42","11:34,15:35,17:24",5.66,84.35
Michael Smith,"09:05,11:03,14:00,16:46","10:19,13:15,16:00,17:24",6.07,66.63
Olivia Williams,"09:06,11:31,15:26,18:08,22:12","10:08,14:09,16:47,20:47,22:26",7.91,53.75
James Brown,"09:12,12:30,14:58,17:57","11:16,13:43,17:10,19:37",7.16,76.19
Michael Garcia,"09:16,12:48,15:14,18:32","12:09,14:40,17:43,18:47",7.49,51.38
Sophia Martinez,"09:23,11:10,14:02","10:29,12:36,16:18",4.8,97.23
Alice Williams,"09:28,11:55,15:50","11:02,14:32,18:10",6.53,92.24
Alice Miller,"09:18,11:48,15:45,18:57","10:57,14:43,17:58,20:00",7.85,58
Olivia Garcia,"09:30,13:17,17:34","11:58,16:13,19:10",7,50.32
Robert Garcia,"09:28,12:08,15:37,17:57,21:11","11:17,14:17,16:39,20:19,21:17",7.47,81.11
Olivia Smith,"09:19,13:15,17:35","11:59,16:10,19:25",7.42,96.85
Emma Smith,"09:14,13:28,15:46,18:00,20:20","12:00,14:51,17:15,19:14,21:00",7.54,53.1
Olivia Johnson,"09:30,13:20,17:11","12:00,16:12,17:57",6.14,75.21
Sophia Rodriguez,"09:02,12:59,17:05","11:47,15:53,17:29",6.07,54.85
John Williams,"09:14,12:27,15:06","11:20,14:24,15:33",4.51,78.95
Emma Martinez,"09:07,13:16","12:04,15:20",5.03,78.53
Sophia Garcia,"09:13,12:27,14:36,16:54","11:23,13:29,16:06,17:06",4.91,65.28
Maria Miller,"09:01,12:04,15:49","11:18,14:33,16:10",5.12,57.25
Olivia Martinez,"09:29,12:54,16:11","11:53,15:34,16:47",5.67,87.63
Maria Miller,"09:11,12:03,15:08,17:54","10:41,14:02,16:48,17:54",5.16,50.55
James Brown,"09:28,12:04,14:58,17:19","10:50,13:49,16:26,18:48",6.07,77.27
Maria Brown,"09:30,12:38,15:16","11:34,14:15,16:47",5.21,95.92
David Smith,"09:15,11:31,14:04,17:21,20:07,22:45","10:25,13:18,16:14,18:48,21:30,22:45",7.96,54.57
Olivia Martinez,"09:25,12:50,14:49","11:58,13:52,16:09",4.92,90.42
David Davis,"09:02,12:46,15:53,19:09","11:50,14:44,18:00,19:43",7.46,66.4
Robert Jones,"09:11,11:41,15:26,19:15","10:38,14:28,17:59,20:04",7.6,63.71
Robert Brown,"09:28,11:48,13:54,16:32","10:42,13:07,15:09,18:12",5.48,51.87
Olivia Miller,"09:04,12:11,14:42,17:44,20:14","11:08,13:35,16:19,18:50,20:22",6.33,51.3
John Martinez,"09:29,12:37","11:32,14:51",4.3,67.2
Maria Johnson,"09:03,12:44,16:51","11:27,15:42,18:33",7.07,75.88
Sophia Rodriguez,"09:11,12:33,16:41,19:24","11:26,15:30,18:20,20:26",7.89,53.64
Alice Smith,"09:00,12:39,15:20","11:35,14:34,16:26",5.61,86.94
James Garcia,"09:25,12:53","12:18,14:14",4.24,85.09
David Garcia,"09:03,12:14,15:30,17:53","10:55,14:18,17:05,19:15",6.89,81.17
Michael Johnson,"09:13,13:11","12:09,15:41",5.44,86.05
Michael Davis,"09:24,11:13,13:29","10:37,12:20,15:57",4.8,73.98
John Martinez,"09:10,11:21,13:45","10:20,13:00,15:17",4.36,78.88
Maria Miller,"09:18,12:35,16:15","11:39,14:50,18:43",7.07,57.37
James Davis,"09:09,12:26,16:24","11:30,15:13,17:03",5.8,92.85
Maria Martinez,"09:07,12:37,16:04","11:37,14:43,17:00",5.54,66.21
Sophia Davis,"09:20,12:39,15:08","11:29,14:04,16:19",4.75,97.78
John Brown,"09:17,12:56","11:54,14:20",4.02,62.86
Alice Garcia,"09:02,11:47,14:53,18:25","10:48,13:57,17:17,19:43",7.65,91.72
Sophia Garcia,"09:29,12:59","11:53,14:36",4.03,59.51
Olivia Johnson,"09:29,11:42,14:27,17:57","10:39,13:32,16:57,19:05",6.65,78.73
Olivia Davis,"09:10,12:52,16:10","11:53,15:38,16:52",6.19,68.16
John Garcia,"09:17,12:56,15:54","11:45,14:39,16:08",4.43,53.02
Olivia Rodriguez,"09:23,12:06,16:04","10:58,14:56,18:52",7.23,97.88
John Garcia,"09:01,12:18,15:38","10:54,15:00,16:57",5.9,92.26
David Williams,"09:09,12:51,15:19,17:57","11:37,14:03,16:50,19:02",6.28,69.01
John Martinez,"09:17,11:44,15:01,17:29","11:01,13:48,16:36,18:57",6.86,51.89
Sophia Johnson,"09:21,13:38","12:16,15:52",5.16,63.41
John Smith,"09:17,12:26,16:02,17:49","11:24,14:42,17:07,18:08",5.8,72.09
Maria Miller,"09:21,11:49,15:02,18:07","11:00,13:51,17:15,20:12",8,77.98
James Smith,"09:29,12:34,14:36,16:47","11:42,13:50,15:47,17:33",5.44,55.13
Emma Johnson,"09:26,13:11,15:46","11:58,14:50,16:50",5.26,81.93
Olivia Johnson,"09:01,11:33,15:35","10:35,14:22,16:36",5.41,56.66
Robert Miller,"09:02,12:08,14:07","11:00,13:12,15:45",4.67,90.84
James Rodriguez,"09:11,13:00,15:38,18:16","12:10,14:57,17:34,18:59",7.59,58.52
Robert Jones,"09:06,11:47,15:40","11:15,14:42,17:11",6.59,66.16
David Williams,"09:19,11:37,15:14","10:46,14:22,16:30",5.47,67.77
John Williams,"09:11,13:10,16:17","11:45,15:31,17:27",6.09,72.52
Alice Johnson,"09:04,12:07,14:55,18:51","10:59,13:51,17:40,19:34",7.12,53.88
Robert Johnson,"09:15,13:15,15:42,19:08","12:10,14:36,18:27,19:25",7.31,54.84
Olivia Brown,"09:28,13:13,16:21","11:57,15:29,17:14",5.65,97.84
Sophia Jones,"09:10,11:34,15:16","10:21,14:29,16:05",4.93,91.47
John Rodriguez,"09:13,12:54,16:05","11:57,15:09,18:39",7.55,61.04
Sophia Garcia,"09:26,13:21,17:31","12:17,16:21,18:30",6.84,76.77
Sophia Davis,"09:09,12:33,16:08,19:01","11:14,15:12,18:02,19:14",6.86,63.51
James Brown,"09:26,11:55,14:55","11:18,13:56,16:19",5.29,84.07
James Smith,"09:03,12:25,15:02,17:41","11:01,13:58,16:24,18:07",5.33,64.18
Olivia Miller,"09:04,12:56","11:59,14:35",4.58,94.82
Michael Johnson,"09:26,13:24,15:41","11:59,14:31,18:10",6.16,82.29
Alice Martinez,"09:23,13:37,16:46,20:15","12:18,15:29,18:56,21:02",7.75,89.09
Michael Garcia,"09:14,12:48","12:10,14:02",4.17,54.57
Alice Smith,"09:25,12:58,16:11","11:35,15:00,17:21",5.38,91.57
Sophia Jones,"09:09,11:56,15:02,18:00,20:02","10:49,14:03,16:49,19:08,20:58",7.64,99.57
Emma Johnson,"09:05,10:58,15:01,17:34","10:14,13:46,17:02,17:59",6.4,52.4
Michael Jones,"09:12,12:11,15:53","11:21,14:50,16:37",5.54,55.13
Olivia Rodriguez,"09:24,11:49,15:20","10:54,14:20,16:57",5.64,65.61
Robert Rodriguez,"09:02,12:41,16:29,19:33","11:42,15:31,18:40,19:40",7.8,90.5
Maria Johnson,"09:14,12:43,16:31","11:40,15:28,17:13",5.89,66.78
Michael Williams,"09:28,12:57,15:52,18:46","11:50,14:53,17:50,19:36",7.11,83.39
Maria Garcia,"09:22,12:45,16:08","12:05,15:04,17:11",6.1,83.26
Sophia Miller,"09:04,12:51,15:27","11:58,14:40,15:46",5.05,73.27
Emma Brown,"09:15,12:48,15:38,18:28","12:00,14:35,17:08,19:56",7.51,59.96
James Garcia,"09:01,11:42,13:40,16:02","10:45,12:47,14:42,16:37",4.44,65.29
Robert Garcia,"09:04,11:13,14:43,17:17,19:07","10:13,13:24,16:13,18:19,19:15",6.01,54.89
James Martinez,"09:26,12:32,15:24,18:28","11:18,14:18,17:07,19:26",6.33,57.97
Maria Jones,"09:08,11:59,15:03,17:42,20:15","10:39,13:33,16:54,19:05,21:33",7.63,74.22
Alice Martinez,"09:13,12:47,15:07","12:07,14:02,15:23",4.43,83.47
Olivia Johnson,"09:00,12:15","11:14,14:24",4.39,88.5
Emma Garcia,"09:03,10:56,13:09,15:01,18:07","10:09,12:02,14:09,17:08,18:52",6.07,68.62
Maria Smith,"09:11,12:02,15:43","11:08,14:44,17:56",6.88,91.66
Emma Smith,"09:12,11:18,15:12","10:23,13:54,15:38",4.22,87.11
John Johnson,"09:17,12:26,15:14,18:02","11:44,14:15,16:42,19:25",7.12,71.39
Maria Martinez,"09:12,12:38,15:53","11:35,14:53,17:29",6.23,94.59
David Johnson,"09:04,12:05,14:37,17:57,20:02","10:58,13:42,17:07,19:14,20:28",7.74,59.85
Alice Johnson,"09:06,13:08,15:22,19:22","12:05,14:25,17:59,19:34",7.09,61.33
Maria Garcia,"09:19,12:08,14:42,18:37,20:24","11:24,13:34,17:20,19:40,20:40",7.47,73.07
Emma Jones,"09:06,12:08,14:29,18:16","11:14,13:33,17:12,18:27",6.46,67.06
Olivia Johnson,"09:15,12:51,15:59","12:05,14:56,17:16",6.21,86.75
Sophia Rodriguez,"09:01,11:35,15:25,17:51","10:13,14:32,16:36,19:18",6.78,90.88
Maria Johnson,"09:09,12:50,15:51,18:31","11:54,15:06,17:15,19:02",6.94,84.07
Sophia Williams,"09:05,11:41,14:07","10:48,12:51,15:46",4.54,89.85
Alice Davis,"09:30,12:21,15:43","11:46,14:57,17:07",6.27,65.83
Robert Williams,"09:17,11:48,15:07,18:42","10:47,14:16,17:57,18:54",7,71.94
John Garcia,"09:16,11:38,13:55,16:33,18:24","10:49,12:53,15:24,17:39,19:48",6.79,69.33
Robert Davis,"09:26,11:35,14:29,18:07,20:43","10:37,13:30,16:48,19:37,20:54",7.11,72.9
John Smith,"09:30,11:28,14:09,16:18,18:19,21:06","10:47,13:12,15:25,17:31,20:21,21:11",7.63,81.71
Maria Davis,"09:06,11:28,13:34,16:56","10:31,12:33,16:09,18:04",6.23,95.37
Michael Garcia,"09:23,12:57,15:18","12:16,14:36,17:29",6.73,55.4
Robert Johnson,"09:14,12:41,16:38","11:41,15:37,17:38",6.39,95.05
James Martinez,"09:20,12:43,16:19","11:45,14:58,17:04",5.43,91.92
Robert Davis,"09:03,12:46","11:45,15:17",5.22,94.58
David Martinez,"09:11,12:47,15:57","11:59,14:57,17:14",6.26,52
James Davis,"09:13,11:44,15:35","10:33,14:39,16:04",4.74,70.49
Alice Johnson,"09:06,12:13,15:18,17:23","11:22,14:22,16:28,18:36",6.81,55.62
Emma Williams,"09:02,12:59,15:09,17:42","11:53,14:02,16:55,19:07",7.09,61.79
Maria Smith,"09:00,11:34,14:32,18:12","10:44,13:23,17:13,18:59",7.03,66.39
Michael Williams,"09:08,12:21,14:36,18:01","11:34,13:32,16:39,18:40",6.33,58.08
David Miller,"09:07,12:33,15:51","11:31,14:47,18:00",6.8,68.14
John Johnson,"09:10,12:57","11:39,15:02",4.57,79.21
Maria Johnson,"09:15,11:23,14:08,18:18","10:19,12:54,17:04,20:03",7.27,79.18
Alice Miller,"09:03,12:06,14:09","11:03,13:23,15:11",4.33,53.95
Robert Williams,"09:29,12:10,15:11,18:20","11:25,13:48,17:37,18:50",6.5,83.22
James Martinez,"09:10,12:13,14:39,17:55","11:06,13:38,16:45,18:27",5.99,95.93
Robert Davis,"09:13,11:32,14:19,17:14,19:19","10:34,12:57,16:04,18:33,20:56",7.46,57.41
Emma Miller,"09:21,11:47,14:34","11:07,13:41,15:46",4.88,76.66
Robert Smith,"09:21,12:00,15:16,18:15","11:00,13:57,17:04,19:01",6.17,86.67
Michael Brown,"09:12,11:50,14:00,16:32,18:29","10:41,13:12,15:25,17:37,19:05",5.96,71.89
Michael Rodriguez,"09:25,13:04,15:28,18:37","11:51,14:31,17:24,18:59",6.19,93.73
Emma Johnson,"09:09,11:36,14:54,17:28","10:37,13:35,16:11,19:32",6.81,97.44
Robert Garcia,"09:07,13:02,15:28,17:47","12:01,14:24,16:36,20:01",7.64,74.48
James Jones,"09:26,12:45,14:49,18:12,20:34","12:04,13:50,17:19,19:21,20:54",7.71,59.39
David Johnson,"09:16,11:50,14:44,18:09","10:55,13:48,16:55,19:18",6.95,66.34
Emma Miller,"09:20,13:20,16:03","12:01,15:02,16:04",4.41,78.48
John Miller,"09:25,13:06,15:48,19:07","11:57,14:37,18:08,20:38",7.9,54.69
Emma Davis,"09:04,12:20","11:26,14:51",4.89,80.53
Robert Brown,"09:22,12:48,16:22","11:48,15:20,17:51",6.45,69.43
James Jones,"09:25,13:26,15:20,17:12","12:04,14:38,16:25,19:58",7.72,80.94
James Davis,"09:03,12:41,15:18","11:40,14:24,16:31",5.56,50.33
David Rodriguez,"09:16,11:52,14:59","10:51,14:17,16:16",5.29,71.96
John Johnson,"09:24,12:36,15:22,18:12","11:38,14:12,17:16,18:23",5.92,70.86
Robert Martinez,"09:16,12:31,14:17,16:26,19:20","11:32,13:36,15:39,18:24,19:49",7.17,54.4
James Rodriguez,"09:23,12:35,15:54","11:41,14:45,18:20",6.91,80.13
Emma Brown,"09:02,12:50,15:18,18:17","11:41,14:19,17:12,18:37",6.37,83.6
Alice Rodriguez,"09:24,12:01,14:55,17:28","11:01,13:54,16:33,18:33",6.23,77.32
Robert Brown,"09:06,11:46,15:28,18:26,21:14","10:23,14:27,17:10,20:22,21:25",7.79,60.43
Alice Smith,"09:30,11:56,14:57","10:37,13:52,15:55",4.02,57.1
Sophia Johnson,"09:09,12:19,14:52,17:01","11:17,13:40,16:00,17:05",4.7,86.27
Robert Johnson,"09:17,13:18,15:33","12:12,14:20,16:58",5.37,92.78
Alice Brown,"09:26,12:58,16:06,19:11","12:04,14:56,18:08,20:26",7.9,90.97
Robert Williams,"09:07,11:41,13:27","10:58,12:48,14:47",4.3,88.78
Robert Smith,"09:18,12:10,15:39","11:18,14:52,16:13",5.27,65.07
Robert Smith,"09:09,12:04,15:07,18:14","10:57,13:47,17:06,20:26",7.7,93.35
David Miller,"09:04,11:26,14:58,16:31,19:31","10:30,14:11,16:01,18:28,20:09",7.82,86.26
Emma Jones,"09:09,12:16,15:15","11:12,14:18,15:56",4.77,97.37
Olivia Jones,"09:17,11:11,13:34,17:02,19:05","10:21,12:12,15:52,18:09,20:27",6.88,66.06
James Brown,"09:12,11:21,13:48,16:24","10:16,12:45,15:30,16:52",4.63,96.68
Maria Brown,"09:28,12:15,14:14","11:11,13:29,15:20",4.06,95.83
James Williams,"09:26,13:03,15:04,18:13,20:35","12:20,14:13,17:05,19:23,21:17",7.96,98.91
David Garcia,"09:10,11:38,13:57,16:36,19:41","10:18,12:41,15:21,18:45,20:04",6.12,86.61
Michael Davis,"09:28,12:59","12:15,14:29",4.29,90.17
Robert Johnson,"09:07,11:28,15:03,16:51","10:24,14:03,16:05,17:07",5.18,84.8
Olivia Williams,"09:10,12:09,16:25","11:05,15:05,18:13",6.67,91.39
John Smith,"09:15,12:31,15:41,17:35,19:52","11:40,14:44,16:53,18:50,19:53",7.11,63.85
Olivia Williams,"09:30,12:34,15:34","11:36,14:48,16:55",5.69,59.77
Emma Johnson,"09:26,11:42,13:47,16:20","10:52,12:47,15:21,16:31",4.28,54.64
Alice Garcia,"09:10,12:17,15:54","11:23,14:41,16:10",4.9,66.32
Alice Williams,"09:17,12:13,14:41","10:56,13:44,16:44",5.22,59.45
Maria Brown,"09:00,11:06,14:46,18:12","10:09,13:47,17:14,19:40",7.78,63.2
Emma Rodriguez,"09:27,12:08,14:46,17:23,20:55","10:50,13:32,16:24,19:36,21:06",6.83,99.49
Michael Smith,"09:08,12:44,15:52","11:30,14:31,16:18",4.59,62.42
Olivia Garcia,"09:14,12:07,14:51,18:26","10:59,13:55,17:22,19:50",7.47,78.61
Michael Smith,"09:14,12:02,14:36","11:09,14:00,15:20",4.63,66.37
Robert Rodriguez,"09:05,12:22,15:06,17:54","11:11,14:13,16:57,19:00",6.9,84.83
David Jones,"09:23,11:25,14:22,17:31,19:47","10:42,13:23,16:47,18:53,19:55",7.21,52.8
Sophia Brown,"09:21,11:50,14:17,16:11","10:49,13:26,15:27,18:15",6.31,55.81
Olivia Davis,"09:24,11:49,14:05,17:26,20:13","10:53,13:08,16:15,18:50,20:52",7.03,61.5
John Garcia,"09:20,12:24,14:54,17:52","11:21,13:44,16:28,18:07",5.18,97.78
Sophia Brown,"09:05,12:03,15:50,18:15","11:00,14:47,17:28,19:16",7.3,52.89
Olivia Jones,"09:26,12:47,15:23,18:07,20:39","11:41,14:21,16:59,19:59,20:57",7.59,58.74
Sophia Johnson,"09:05,12:38,16:11,18:50","11:49,15:06,17:57,19:11",7.32,58.3
Olivia Rodriguez,"09:08,11:37,14:17,17:10","10:32,13:04,16:25,17:19",5.14,61.38
Emma Johnson,"09:25,13:03","12:12,15:06",4.84,64.99
Emma Brown,"09:24,11:24,14:50,17:29,19:24","10:37,13:56,16:37,18:40,19:54",7.23,75.23
Maria Davis,"09:25,12:16,14:18","11:23,13:33,15:54",4.86,55.34
David Garcia,"09:29,11:43,13:39,16:57","10:42,12:50,15:38,18:25",5.78,79.64
James Johnson,"09:22,12:48,15:05","11:56,14:28,15:28",4.63,56.11
Michael Davis,"09:28,13:22,16:56","12:09,15:49,18:32",6.75,74.55
Robert Martinez,"09:18,13:06,15:53,19:45","12:07,14:47,18:48,20:16",7.94,89.5
Michael Davis,"09:00,12:46,16:16,18:51","11:57,15:01,17:55,19:14",7.24,87.56
Olivia Martinez,"09:00,11:23,14:58","10:18,13:44,16:03",4.73,56.18
David Miller,"09:15,11:31,15:24,17:57","10:42,14:21,17:09,17:59",6.08,97.48
Robert Brown,"09:18,12:07,14:48,17:29,20:03","11:20,13:47,16:45,18:45,20:24",7.28,85.99
Robert Williams,"09:21,11:55,14:25,17:26","10:38,13:04,16:34,18:47",5.93,74.59
Robert Garcia,"09:18,12:29,16:09","11:26,15:21,17:02",5.89,87.35
John Johnson,"09:29,11:57,15:37","10:42,14:48,17:24",5.87,92.64
Sophia Smith,"09:22,12:27,15:26","11:28,14:50,16:12",5.26,50.49
Alice Smith,"09:01,12:42,14:52","11:39,13:50,17:21",6.26,96.93
James Jones,"09:09,11:49,15:33,18:25","10:27,14:34,17:01,19:19",6.42,85.38
David Miller,"09:27,12:06,15:43,18:25","10:40,14:48,17:07,18:30",5.41,55.68
Emma Jones,"09:02,13:01,16:15","11:53,15:22,18:00",6.95,66.77
James Davis,"09:16,12:27,14:54,18:05","11:35,13:49,16:48,18:44",6.25,53.42
Sophia Davis,"09:09,12:35,15:47","12:02,14:59,17:45",7.26,69.03
John Davis,"09:06,12:02","10:59,14:35",4.45,92.92
Michael Rodriguez,"09:21,11:37,14:22","10:27,13:16,15:42",4.1,79.43
Michael Davis,"09:01,11:22,15:06,18:15","10:39,14:08,16:58,18:16",6.28,86.05
Olivia Brown,"09:08,11:55,15:21","10:40,14:32,16:09",4.95,51.13
Michael Jones,"09:02,12:03,15:42","10:54,14:22,16:39",5.14,79.32
David Smith,"09:03,11:15,15:19","10:15,14:12,16:57",5.8,87.43
Sophia Rodriguez,"09:12,12:21,14:30,18:24,20:42","11:34,13:34,17:03,19:35,21:10",7.79,60.24
Sophia Davis,"09:13,12:06,14:12","11:25,13:08,15:49",4.86,92.24
Robert Brown,"09:20,12:35,16:03","11:35,15:05,16:51",5.56,86.24
Sophia Brown,"09:05,11:35,15:40","10:34,14:23,17:06",5.73,51.97
Emma Martinez,"09:04,11:47,15:50","10:30,14:37,17:10",5.61,81.27
Olivia Rodriguez,"09:07,12:09,14:07,16:18","10:58,13:33,15:10,17:59",5.99,91.2
Emma Johnson,"09:18,11:41,14:22,18:12,21:13","10:56,13:04,17:06,19:53,21:41",7.9,71.26
Robert Rodriguez,"09:18,12:38","11:55,14:31",4.5,89.8
Maria Smith,"09:22,12:00,13:55,16:28","11:02,13:08,15:39,18:47",6.85,66.52
Maria Johnson,"09:19,11:28,15:17,18:23","10:21,14:07,17:25,20:20",7.77,83.94
Olivia Brown,"09:24,11:35,14:58,17:53","10:28,13:49,17:04,19:34",7.09,78.96
John Martinez,"09:16,12:16,15:11,17:56","11:27,14:29,16:41,18:03",6.02,89.69
John Martinez,"09:21,13:30,15:51","12:12,14:32,18:08",6.17,60.93
Robert Williams,"09:24,13:35,17:16,19:47","12:20,16:06,18:51,19:58",7.23,99.19
Olivia Brown,"09:19,12:32,16:07,19:51","11:31,14:52,18:58,19:57",7.49,55.06
Alice Johnson,"09:15,12:28,15:16","11:39,14:15,16:14",5.17,84.22
Sophia Smith,"09:12,12:50,15:46,18:28,20:43","11:31,14:42,17:33,19:43,21:29",8,99.14
Michael Johnson,"09:21,11:39,14:22,17:31,20:31","10:49,13:07,16:18,19:10,21:31",7.52,69.59
Alice Rodriguez,"09:29,12:06,14:22,18:10","11:16,13:18,17:08,18:24",6,87.97
James Martinez,"09:22,12:27,14:47,18:42","11:44,14:01,17:35,19:08",7.18,83.42
Alice Smith,"09:23,11:49,13:56,15:59,18:04","11:09,13:02,15:06,17:21,19:44",7.2,83.82
Emma Davis,"09:17,12:17,15:45","11:24,14:30,16:27",5.04,68.32
John Brown,"09:00,12:08,14:46,17:51,20:46","10:53,13:44,16:33,19:49,21:20",7.81,92.5
Sophia Johnson,"09:02,11:03,14:07,16:05,18:38","10:19,13:15,15:24,17:22,19:28",6.9,52.83
Sophia Martinez,"09:23,12:12,14:15","11:14,13:14,16:20",4.97,66.07
Emma Martinez,"09:00,11:21,15:06","10:03,14:10,15:35",4.36,72.39
Olivia Brown,"09:13,11:45,15:46,18:17","10:50,14:16,17:19,18:18",5.7,93.28
Emma Johnson,"09:06,11:39","10:46,14:06",4.13,84.22
Sophia Garcia,"09:22,11:30,14:04,17:50","10:48,13:00,16:30,19:13",6.75,84.55
Robert Williams,"09:03,12:16,15:42","11:00,14:44,15:42",4.43,92.63
David Miller,"09:05,12:18,14:45,17:37","11:30,13:50,16:48,18:40",7.05,89.16
Michael Rodriguez,"09:22,12:34","11:28,14:41",4.22,73.43
David Martinez,"09:30,12:04,14:50,18:08","10:58,13:31,16:51,18:21",5.16,62.29
Sophia Miller,"09:10,12:56,14:53","11:34,14:03,17:07",5.75,94.28
Maria Johnson,"09:05,13:06,14:59","11:53,14:09,15:42",4.57,75.22
Maria Williams,"09:00,10:46,13:39","10:06,12:30,15:22",4.56,60.22
Emma Garcia,"09:23,13:02,15:40","12:02,14:26,17:05",5.48,71.47
Robert Davis,"09:07,11:55,15:36","10:55,14:49,16:57",6.06,59.36
David Davis,"09:27,11:39,14:47","10:37,13:58,15:19",4.03,85.7
Robert Williams,"09:18,12:30,15:11,17:04","11:38,14:25,16:16,18:29",6.76,57.51
John Davis,"09:07,12:19,15:54","11:28,14:48,16:09",5.09,96.27
Michael Garcia,"09:00,11:39,14:45,18:08","10:10,13:19,17:00,19:20",6.28,52.75
James Rodriguez,"09:21,11:59,14:50,16:30,20:21","10:50,13:37,15:54,19:01,20:55",7.28,71.71
Olivia Rodriguez,"09:29,13:07,15:55,18:44","12:09,15:05,17:59,19:41",7.65,89.37
Emma Davis,"09:16,11:42,14:43,17:34","10:46,13:36,16:21,18:59",6.45,58.51
James Martinez,"09:13,13:14,15:14","12:04,14:25,15:23",4.18,96.48
Sophia Martinez,"09:09,11:59,14:43","10:51,14:03,15:06",4.17,59.41
Maria Smith,"09:26,12:14,16:15","11:11,15:13,16:37",5.1,56.54
Michael Williams,"09:08,12:01,15:12","10:39,13:54,15:53",4.09,66.32
James Williams,"09:21,11:51,15:27,18:28","10:59,14:07,17:19,18:39",5.95,93.93
Alice Jones,"09:11,12:21,16:03,18:43","11:26,15:09,17:26,19:55",7.64,93.36
John Rodriguez,"09:06,11:21,13:37,16:17,19:10,20:59","10:27,12:31,15:05,18:02,20:23,21:51",7.82,98.12
David Brown,"09:28,13:01,16:31,18:37","11:46,15:29,17:36,19:02",6.28,89.01
Emma Smith,"09:28,13:24,15:45","12:09,14:37,18:24",6.56,67.99
John Johnson,"09:16,12:04,14:45,17:27","10:59,13:43,16:42,18:04",5.95,80.36
John Miller,"09:18,13:32,16:05,18:07","12:14,15:03,17:05,19:04",6.4,84.11
Sophia Jones,"09:18,11:58,15:24,17:48,20:07","11:00,14:06,16:33,19:17,20:36",6.96,59.67
Olivia Jones,"09:19,12:45,15:02,17:25,20:31","11:46,14:20,16:22,19:41,20:34",7.69,76.79
Olivia Johnson,"09:27,11:48,15:27,19:11","10:44,14:43,18:26,19:23",7.39,84.44
John Martinez,"09:01,11:44,15:02","10:43,14:28,15:23",4.79,90.6
Alice Brown,"09:22,13:11,16:02,18:06","12:11,14:57,17:11,20:03",7.69,99.81
Alice Smith,"09:10,11:25,14:21,16:59","10:13,13:17,15:55,17:44",5.24,71.6
Sophia Rodriguez,"09:13,11:52,14:51,16:46,18:52","10:38,13:40,15:56,18:04,20:02",6.77,80.21
James Smith,"09:05,12:58,14:38,17:53","11:33,14:02,16:49,18:31",6.35,91.28
Michael Miller,"09:24,13:26","12:14,14:44",4.14,56.64
John Martinez,"09:12,12:11,14:09,16:40,18:57","11:07,13:12,15:41,18:03,19:30",6.41,61.97
Olivia Jones,"09:01,11:15,13:35,16:43,20:18","10:23,12:26,15:58,19:21,20:36",7.87,77.75
John Martinez,"09:23,11:57,15:48","10:58,14:45,17:10",5.76,59.89
Robert Smith,"09:01,11:30,13:24,16:45,20:24","10:23,12:35,15:40,19:22,20:47",7.72,73.6
James Brown,"09:20,12:06,15:31","11:05,14:28,16:41",5.28,95.61
Sophia Davis,"09:20,13:02,16:10,18:21","12:14,15:06,17:16,19:17",7,75.62
Alice Smith,"09:04,12:44,15:33","11:52,14:47,16:09",5.45,54.31
Alice Williams,"09:17,11:13,14:13","10:28,13:09,15:36",4.51,54.23
Olivia Davis,"09:07,11:59,15:13","10:51,14:16,15:19",4.13,72
Olivia Smith,"09:25,12:45,15:17","11:25,14:13,16:00",4.18,82.78
James Davis,"09:11,11:23,14:11,16:35,19:29","10:19,13:35,15:29,18:04,20:38",7.28,65.55
David Brown,"09:01,11:40,14:37,17:40","10:39,13:26,16:21,19:13",6.69,60.63
Sophia Martinez,"09:27,13:25,15:51,19:26","12:14,14:28,18:19,20:24",7.27,63.69
Michael Smith,"09:28,12:06,15:31,18:14","11:06,14:45,17:00,19:20",6.88,69.15
David Martinez,"09:30,13:37,16:26","12:15,15:28,16:29",4.66,63.48
Alice Garcia,"09:30,12:23,15:35,18:52","11:33,14:38,17:49,19:34",7.24,87
Maria Rodriguez,"09:15,11:57,14:55","11:13,14:08,17:17",6.52,71.38
Sophia Martinez,"09:11,11:18,15:03,16:47","10:30,13:53,16:08,17:58",6.18,94.02
Sophia Garcia,"09:20,11:57,14:46,18:27","10:56,13:52,17:30,18:47",6.59,74.88
Emma Rodriguez,"09:07,12:00,15:55,18:16","10:51,14:41,17:38,19:17",7.15,70.72
John Brown,"09:27,12:08,15:40","11:05,14:54,17:41",6.43,50.96
Sophia Davis,"09:24,11:44,14:41,16:47,19:32","10:49,13:48,15:48,18:16,20:14",6.79,68.59
Sophia Martinez,"09:09,10:59,14:22,17:30","10:24,13:07,16:25,17:48",5.75,90.63
Sophia Williams,"09:27,12:31,15:09,17:32","11:06,14:08,16:23,17:43",4.69,61.18
Robert Garcia,"09:15,11:00,14:44,16:38,19:33","10:15,13:38,15:45,18:33,20:30",7.52,73.59
Maria Jones,"09:13,11:56,14:09,17:33,20:23","10:54,13:32,16:20,19:32,20:54",7.98,94.44
Robert Johnson,"09:05,11:28,14:34,17:25","10:31,13:23,16:03,18:41",6.11,82.95
Maria Martinez,"09:17,13:09,15:22","11:44,14:12,16:32",4.67,52.63
Michael Brown,"09:28,12:44,14:41","11:42,14:02,15:57",4.8,86.21
Emma Davis,"09:17,11:37,14:32,17:37","10:55,13:37,16:44,19:18",7.53,90.92
Emma Rodriguez,"09:30,12:09,14:42,16:58,19:10","10:53,13:41,15:59,18:11,19:20",5.59,74.59
Robert Martinez,"09:03,11:54,14:07","10:45,13:17,15:02",4.01,57.08
David Johnson,"09:29,13:13,16:36","12:26,15:13,17:11",5.54,86.87
Emma Smith,"09:22,12:30,15:10","11:34,14:32,16:54",5.97,94.44
Robert Williams,"09:05,11:49,15:42","11:01,14:47,16:41",5.89,53.22
Olivia Jones,"09:05,12:22,14:41","11:28,13:38,15:12",4.18,74.85
Robert Martinez,"09:29,12:27","11:54,14:50",4.81,54.92
Robert Smith,"09:27,13:17,15:30","12:21,14:23,15:58",4.48,77.83
Robert Miller,"09:17,11:49,15:02","10:51,14:01,17:00",5.74,69.58
James Jones,"09:11,12:29,16:00","11:02,14:35,17:19",5.28,64.71
James Davis,"09:16,13:18,16:35","11:56,15:35,16:58",5.35,88.17
David Johnson,"09:03,12:11,15:44","10:58,14:50,17:18",6.13,60.75
Emma Jones,"09:24,11:29,14:28","10:34,13:29,17:11",5.9,93.56
Maria Williams,"09:29,11:40,14:18,17:35,20:33","10:29,13:29,16:24,19:39,21:31",7.97,99.41
Sophia Johnson,"09:29,13:08,17:05","11:51,15:52,18:59",7,91.78
James Johnson,"09:23,11:52,14:26,17:32,19:47","11:03,13:46,16:44,19:01,20:20",7.91,60.79
James Miller,"09:10,11:56,14:34","10:52,13:30,15:52",4.58,70.83
John Rodriguez,"09:15,11:36,14:33","10:16,13:46,16:15",4.89,63.22
Sophia Davis,"09:14,11:51,14:52","11:19,13:32,16:09",5.06,50.8
Maria Martinez,"09:02,12:22,15:56","11:30,14:37,18:09",6.94,71.17
Robert Martinez,"09:14,11:56,15:37,18:31","10:43,14:39,17:23,20:30",7.96,67.94
John Rodriguez,"09:11,13:10,16:42,19:33","11:41,15:41,18:23,19:59",7.14,87.06
Robert Brown,"09:27,12:11,14:32","11:15,13:52,15:47",4.73,90.74
Maria Williams,"09:01,12:40,14:55,18:06,20:33","11:58,13:42,16:51,19:21,20:34",7.19,54.8
Maria Davis,"09:14,12:37,14:32,17:27,20:31","11:29,13:37,16:16,19:38,21:14",7.9,67.03
Olivia Davis,"09:11,10:58,14:27","10:22,13:53,15:05",4.74,50.66
Robert Brown,"09:20,13:12,16:13","12:00,14:55,18:47",6.96,78.87
John Williams,"09:13,12:51,15:12,17:50","11:46,14:36,16:51,19:30",7.63,54.7
John Johnson,"09:12,11:53,14:42","10:40,14:00,16:45",5.65,77.3
James Jones,"09:22,12:43,16:32,20:16","11:34,15:21,19:21,20:19",7.71,85.88
Alice Rodriguez,"09:22,12:49","11:53,15:18",5,69.05
Olivia Smith,"09:15,11:56","11:08,14:18",4.26,89.25
Robert Johnson,"09:07,12:38,15:25","11:51,14:23,16:26",5.51,82.54
Robert Smith,"09:00,11:02,15:04,18:14","10:08,13:43,17:12,18:59",6.7,96.61
David Williams,"09:18,12:26,14:47,17:48","11:12,13:27,16:52,18:01",5.23,68.43
Sophia Garcia,"09:11,12:57,16:13","11:48,15:07,16:33",5.13,84.85
Alice Rodriguez,"09:08,12:02,15:09,18:20","10:58,13:46,17:29,20:07",7.69,97.86
Alice Johnson,"09:20,13:11,16:53","12:00,15:31,17:50",5.96,73.76
Olivia Jones,"09:21,12:03,16:01","10:48,15:00,16:30",4.89,57.51
Sophia Davis,"09:19,12:02,15:18","10:37,14:18,16:04",4.34,55.05
Emma Davis,"09:18,12:17,14:23,17:16","11:09,13:33,16:15,19:43",7.44,83.54
James Jones,"09:10,12:09,15:35,18:01,20:10","11:01,14:14,16:40,19:26,20:38",6.92,79.79
Robert Smith,"09:10,12:36,16:41","11:37,15:22,18:03",6.59,80.56
John Jones,"09:30,12:09,14:36,17:21","11:06,13:32,16:11,18:02",5.26,95.35
Maria Brown,"09:10,11:31,13:54,17:04","10:27,12:50,16:11,17:24",5.22,64.15
John Jones,"09:12,11:29,13:24,15:59","10:16,12:31,15:12,17:47",5.7,58.56
Emma Johnson,"09:18,11:22,14:34","10:19,13:44,16:07",4.94,68.11
Robert Jones,"09:19,13:11,17:08","11:48,16:04,17:56",6.18,86.9
Olivia Garcia,"09:18,12:41,15:04","12:02,14:24,16:55",6.31,83.04
Robert Johnson,"09:10,11:50,13:54,16:17","10:56,13:05,15:11,16:52",4.9,73.07
Michael Smith,"09:16,12:33,14:36,16:41","11:48,13:37,15:52,18:14",6.42,93.25
Olivia Davis,"09:07,13:03,15:53,17:55","11:56,15:05,17:04,18:14",6.36,72.27
Maria Jones,"09:27,13:29,16:42","12:17,15:23,17:45",5.79,77.24
James Brown,"09:23,12:45,15:47","11:38,14:47,16:38",5.14,75.2
Alice Rodriguez,"09:02,12:50,16:22,18:37","11:36,15:14,17:41,18:49",6.49,67.62
Robert Johnson,"09:26,12:48,15:33,19:12","11:46,14:35,18:16,19:36",7.25,56.29
Michael Smith,"09:07,12:03,14:01,17:34","10:51,13:20,16:29,18:48",6.72,53.89
Maria Jones,"09:25,13:07,16:12,19:31","12:23,15:14,18:33,19:51",7.78,77.79
Robert Smith,"09:05,13:06","12:02,14:20",4.2,52.72
James Smith,"09:27,12:53,15:43,18:28","11:47,14:32,17:03,20:06",6.96,64.49
David Williams,"09:16,12:17,15:40","11:20,14:41,17:09",5.96,99.38
Emma Garcia,"09:10,11:09,15:01","10:14,13:57,15:11",4.04,86.63
Michael Williams,"09:29,12:50","11:56,14:24",4.03,54.64
Sophia Smith,"09:14,12:00,14:12","10:46,13:23,16:39",5.37,54.08
Emma Johnson,"09:28,12:15,16:13","10:51,15:14,17:46",5.92,96.08
Olivia Garcia,"09:14,11:48,13:44,17:17","10:50,12:57,15:50,18:25",5.99,79.18
Olivia Williams,"09:16,12:52,16:01","12:07,15:16,16:54",6.14,82.85
Emma Martinez,"09:23,11:36,14:52,16:48,18:59","10:44,13:47,16:03,17:59,19:46",6.7,82.03
Sophia Johnson,"09:05,13:02,15:37,17:44","12:00,15:00,16:38,18:21",6.53,85.01
John Rodriguez,"09:24,12:08,15:04,17:49","11:09,14:02,16:53,19:25",7.08,73.33
Alice Brown,"09:20,11:58,14:17,17:16,19:39","11:05,13:34,16:20,18:40,20:26",7.59,69.97
Robert Martinez,"09:20,12:34,14:30,18:14","11:29,13:37,17:03,18:38",6.16,61.63
Emma Martinez,"09:09,12:12","11:27,14:05",4.19,84.26
Maria Brown,"09:29,12:42,15:08,17:09","11:55,14:27,16:18,17:19",5.52,53.11
Sophia Smith,"09:07,11:23,14:07,16:43,19:32,22:09","10:21,12:39,15:24,18:31,21:08,22:22",7.4,79.83
James Garcia,"09:29,11:16,14:01,16:58","10:40,12:59,15:59,19:02",6.94,71.72
Maria Rodriguez,"09:20,11:27,14:37,17:15","10:21,13:34,16:18,18:04",5.64,54.15
David Martinez,"09:07,12:15,14:52,18:15","10:59,13:57,17:12,19:43",7.38,92.18
Emma Rodriguez,"09:00,12:53","11:53,14:00",4.02,93.57
Sophia Smith,"09:22,12:03,16:02,19:56","10:48,14:52,18:32,20:32",7.35,65.6
Sophia Johnson,"09:01,11:28,13:49","10:50,13:03,14:57",4.55,53.28
Olivia Martinez,"09:20,11:32,13:27","10:27,12:43,15:38",4.5,99.1
Emma Davis,"09:13,12:29,15:04","11:27,14:10,16:58",5.83,55.71
Robert Jones,"09:20,11:41,14:09,16:43,19:21","10:21,12:58,15:47,18:15,19:42",5.83,68.01
Sophia Martinez,"09:16,12:45","12:07,14:26",4.54,75.29
James Williams,"09:19,12:06,15:45","10:48,15:02,16:37",5.3,76.79
Michael Williams,"09:00,12:02,15:09,17:24","10:49,14:01,16:24,18:52",6.52,92.57
John Johnson,"09:25,11:38,15:38,18:26","10:52,14:27,17:24,18:54",6.51,51.97
Michael Brown,"09:26,13:07,15:35,19:25","12:00,14:24,18:05,20:02",6.98,94.26
David Miller,"09:08,11:29,14:33,18:17","10:44,13:24,17:09,18:35",6.42,60.4
Robert Williams,"09:22,12:43,14:57","11:53,14:10,17:07",6.14,52.98
Maria Smith,"09:08,11:46,15:32","10:51,14:38,18:14",7.29,96.92
Emma Jones,"09:28,12:02,14:22,18:04","11:16,13:27,17:14,18:35",6.6,94.36
Emma Garcia,"09:17,13:11,15:24,17:46,20:48","12:09,14:25,16:32,19:37,21:19",7.61,72.53
Alice Smith,"09:14,12:59,15:31","12:00,14:36,16:49",5.69,51.03
Robert Brown,"09:06,13:01,15:01","11:58,14:14,15:44",4.8,82.54
John Johnson,"09:21,13:10,15:59","12:15,14:58,17:52",6.59,89.14
Maria Jones,"09:01,12:40","11:34,14:53",4.78,96.98
Sophia Smith,"09:16,11:57,14:37,17:14,20:02","11:23,13:55,15:58,18:44,20:19",7.22,61.61
Sophia Martinez,"09:00,12:22,15:48","11:34,14:34,16:43",5.69,66.7
Alice Davis,"09:29,13:04,16:16","12:15,15:02,17:29",5.95,75.4
Emma Smith,"09:24,11:53,15:10,17:32","10:54,14:14,16:30,19:34",7.23,60.12
Alice Miller,"09:03,12:36,15:31","11:11,14:22,15:51",4.23,54.73
Robert Davis,"09:08,11:01,13:27,16:09","10:15,12:23,15:21,18:19",6.56,71.41
Alice Garcia,"09:25,11:30,14:17,18:13","10:48,13:31,16:52,19:23",7.16,96.91
David Jones,"09:24,12:21,16:41","11:21,15:19,18:31",6.76,81.33
Maria Smith,"09:25,12:56,16:50,19:29","12:06,15:34,18:32,19:48",7.34,81.12
Sophia Smith,"09:09,12:22,14:50,17:05","11:03,14:02,16:14,19:32",7.42,78.52
Alice Jones,"09:21,13:09,15:18,18:16","12:18,14:34,17:13,18:25",6.45,91.93
Robert Jones,"09:24,13:39,16:18","12:23,15:27,16:42",5.19,91.09
David Williams,"09:27,12:30,14:56,18:20","11:32,13:35,17:14,19:48",6.94,59.68
Emma Brown,"09:30,12:17,14:59,17:23","11:05,13:54,16:13,18:23",5.45,60.77
Olivia Williams,"09:25,12:17,14:25","11:25,13:28,16:01",4.8,94.24
Robert Johnson,"09:04,10:50,13:04,15:06,18:00,20:50","10:07,11:59,14:20,16:44,19:31,20:51",6.64,77.78
Emma Garcia,"09:02,12:01,15:17,17:54","11:02,14:07,16:56,18:22",6.23,96.13
Olivia Smith,"09:13,13:23,17:05","12:06,15:52,18:30",6.78,89.63
John Jones,"09:05,10:57,12:58,15:28,18:04,21:39","10:16,11:58,14:21,17:00,20:44,21:43",7.86,83.33
James Brown,"09:18,12:32,14:37,17:25,19:51","11:29,13:58,16:10,18:54,20:15",7.07,55.22
James Martinez,"09:19,12:32,15:24","11:22,14:39,16:55",5.7,62.61
John Miller,"09:09,12:12,15:01,19:08","11:02,13:47,17:50,19:56",7.09,87.81
David Brown,"09:22,12:09,14:53,17:04","11:29,13:45,16:05,18:29",6.34,50.09
Sophia Smith,"09:28,13:04,17:13","11:51,16:01,17:40",5.79,91.5
John Williams,"09:08,12:20,16:03","11:00,15:18,16:24",5.19,78.24
Emma Johnson,"09:11,11:28,13:56","10:37,13:10,16:14",5.44,91.38
Maria Garcia,"09:18,11:15,14:24","10:44,13:19,15:08",4.24,63.63
Olivia Jones,"09:01,12:10,14:01","11:14,13:11,15:27",4.67,69.57
Michael Miller,"09:27,13:24,16:13,19:44","12:20,14:53,18:27,19:54",6.78,96.6
Michael Johnson,"09:17,13:07,15:43,18:10","11:49,14:31,17:15,19:24",6.71,89.52
John Rodriguez,"09:10,11:59,14:43,16:47,19:39","11:05,13:41,16:00,18:40,19:58",7.11,71.18
Sophia Rodriguez,"09:19,12:22,15:52","11:07,15:02,16:27",5.05,85.87
Robert Brown,"09:30,13:08,15:29","12:15,14:09,16:43",5.01,71.38
Michael Rodriguez,"09:00,12:21,14:38","11:18,13:37,15:47",4.72,70.55
Alice Smith,"09:08,12:47,15:18","12:06,14:17,15:27",4.62,94.28
James Martinez,"09:06,11:51","10:43,14:49",4.59,53.84
James Martinez,"09:21,12:57,15:43,18:33","11:40,14:24,17:44,20:17",7.53,60.04
Sophia Brown,"09:08,11:51,14:33","11:04,13:52,15:19",4.73,84.83
Emma Davis,"09:26,11:47,15:10,18:25","10:47,14:01,17:34,18:59",6.56,65.41
Maria Martinez,"09:05,12:18","11:30,13:53",4.01,98.4
John Jones,"09:04,12:00,15:45","11:09,14:54,16:48",6.04,90.11
Sophia Smith,"09:07,11:23,14:14","10:37,13:17,16:00",5.18,70.18
James Brown,"09:22,11:38,14:38,17:10","10:49,14:04,16:04,18:52",7.02,60.67
Maria Garcia,"09:20,12:46,15:19","12:00,14:17,16:55",5.79,75.51
James Johnson,"09:24,12:03,15:32,17:50","10:38,14:28,16:46,18:23",5.43,68.98
Olivia Williams,"09:15,12:08,14:51","11:25,14:18,15:41",5.17,58.35
Alice Rodriguez,"09:01,12:21,15:36,18:14","11:18,14:57,17:16,19:02",7.36,83.48
Maria Garcia,"09:28,13:16,16:24","12:12,15:14,17:17",5.59,70.15
David Williams,"09:21,12:54,16:19,19:15","11:52,15:14,18:02,19:45",7.08,88.68
James Smith,"09:22,12:17,13:58,15:58,18:07","11:28,13:23,15:06,17:07,18:45",6.13,53.6
Robert Martinez,"09:18,13:20,16:09,18:45","12:06,14:57,17:33,18:54",5.97,72.21
Michael Miller,"09:02,12:17,14:28","11:41,13:18,16:29",5.69,69.83
Michael Davis,"09:26,11:36,15:19,18:26","10:42,14:27,17:36,18:42",6.68,85.97
Robert Rodriguez,"09:25,11:41,14:23,17:55","10:32,13:21,16:48,18:45",6.04,82.03
Michael Brown,"09:18,12:31,15:15,18:03","11:36,14:14,16:47,18:21",5.86,87.18
Sophia Jones,"09:10,11:57,14:49,17:10","10:51,13:39,16:14,17:33",5.2,76.4
David Williams,"09:24,11:47,15:23,18:43","10:30,14:24,17:33,20:27",7.63,71.08
Robert Brown,"09:02,12:49,15:42","11:36,14:49,17:02",5.9,51.28
Emma Brown,"09:03,10:59,14:24,17:25,20:05","10:22,13:04,16:39,18:57,20:50",7.93,76.86
Olivia Garcia,"09:14,12:41,14:40,16:50","11:49,13:44,15:51,18:16",6.25,96.01
David Brown,"09:05,12:39,15:53","11:54,14:47,15:57",5.03,77.57
David Davis,"09:04,11:26,13:39,15:46,18:19","10:46,12:55,14:41,17:18,19:17",6.72,57.28
David Garcia,"09:09,12:21,14:38","11:31,13:35,15:02",4.01,89.31
Michael Rodriguez,"09:17,11:59,14:27,17:01","10:59,13:31,15:56,17:48",5.5,79.29
David Miller,"09:15,11:37,15:07,17:46,19:52","10:40,14:05,17:02,18:56,20:17",7.4,69.49
Sophia Davis,"09:11,13:29,16:25","12:10,15:11,17:30",5.78,60.98
David Garcia,"09:03,12:53,15:33","12:00,14:31,15:53",4.93,71.65
Emma Johnson,"09:21,12:26,14:27,16:58,18:49","11:44,13:33,16:02,18:11,19:03",6.53,53.44
Sophia Jones,"09:20,12:39,16:27","11:38,15:34,18:43",7.5,98.11
Maria Martinez,"09:04,11:53,14:27,18:19","10:26,13:43,17:24,19:58",7.81,64.61
Michael Smith,"09:05,12:48,16:52,20:10","11:45,15:29,18:59,20:31",7.83,59.24
John Rodriguez,"09:24,12:31,14:50","11:53,14:12,15:03",4.4,52.31
Maria Brown,"09:26,12:09,16:09,20:02","10:53,14:59,18:54,20:07",7.13,54.21
Robert Martinez,"09:19,12:53,15:49","11:57,14:39,16:36",5.19,98.94
James Johnson,"09:18,12:57,14:46","11:52,14:07,16:59",5.96,86.94
Emma Miller,"09:19,12:30,15:21,19:01","11:18,14:16,18:09,20:05",7.62,89.07
Michael Jones,"09:25,13:15,15:59","12:13,14:34,16:28",4.61,82.51
James Williams,"09:29,11:58,15:08,18:15","10:39,14:03,16:57,19:34",6.39,52.46
John Williams,"09:25,11:51,15:33","10:51,14:11,16:47",5.01,81.22
James Johnson,"09:30,11:47,15:41","10:52,14:40,17:36",6.18,79.24
Alice Rodriguez,"09:09,12:18,15:34,17:57,20:32","11:21,14:19,17:01,19:27,21:00",7.64,76.32
John Rodriguez,"09:21,12:42,16:18","11:54,14:55,16:56",5.41,52.25
Sophia Davis,"09:24,11:48,14:11,17:15,19:21","10:44,13:06,16:20,18:19,19:38",6.15,67.68
Sophia Garcia,"09:21,12:32","11:30,14:29",4.1,58.06
David Garcia,"09:21,12:04,14:39,16:43,19:27","10:54,13:43,15:46,18:37,20:39",7.42,72.33
James Williams,"09:22,13:02,16:16","11:57,15:03,16:58",5.32,68.14
Robert Jones,"09:12,11:50,16:07","10:35,14:42,18:29",6.63,69.98
Emma Smith,"09:04,11:47,14:00,16:49,20:18","10:53,13:13,15:57,19:02,20:40",7.8,51.56
Sophia Brown,"09:25,13:25,16:33","12:13,15:23,17:23",5.61,55.82
Maria Garcia,"09:18,12:53,16:36","12:13,15:14,16:44",5.41,93.67
John Rodriguez,"09:19,12:05,13:58","11:03,13:13,16:37",5.52,56.79
John Davis,"09:20,12:09,14:16","10:54,13:36,15:17",4.04,81.35
John Miller,"09:19,12:48,14:58,18:16","11:59,13:55,17:09,19:54",7.61,97.46
James Jones,"09:04,12:03,14:30","11:05,13:54,16:33",5.92,60.48
Olivia Williams,"09:14,12:12,14:32","11:30,13:27,15:46",4.76,50.12
Maria Johnson,"09:05,11:20,15:21","10:05,14:05,17:18",5.71,68.07
Michael Rodriguez,"09:16,12:21,15:14,18:09","11:17,14:14,17:14,18:56",6.69,50.02
Robert Martinez,"09:09,12:11,14:56,17:29","10:44,14:05,16:17,19:23",6.74,77.55
David Williams,"09:05,12:23,15:43,18:21","11:32,15:01,17:38,18:55",7.57,51.94
David Brown,"09:01,11:54,14:39","11:08,13:45,15:06",4.43,78.32
Olivia Garcia,"09:06,11:23,15:27","10:39,14:10,15:51",4.75,57.38
David Johnson,"09:20,11:58,15:51,19:22","10:56,14:40,18:36,19:26",7.12,51.53
John Brown,"09:00,11:45,13:43,17:00","10:39,12:45,15:59,19:08",7.06,63.9
James Jones,"09:20,11:44,14:07","10:42,13:32,15:20",4.39,56.7
Robert Johnson,"09:07,11:40,14:31","10:57,13:12,15:49",4.67,92.75
Maria Johnson,"09:12,11:42,15:07","10:38,13:52,17:09",5.65,97.6
John Johnson,"09:27,12:41,16:30","11:45,15:27,18:55",7.48,52.48
Emma Smith,"09:24,12:42,15:41","11:48,14:43,18:03",6.79,64.53
Sophia Martinez,"09:25,12:44,15:17,17:35","11:51,14:10,16:31,17:59",5.5,96.63
James Rodriguez,"09:18,11:54,15:51","10:57,14:29,17:31",5.91,83.57
Olivia Brown,"09:19,11:16,14:48","10:28,13:46,16:47",5.64,58.31
Robert Rodriguez,"09:23,11:17,14:02,16:51,20:33","10:28,13:06,15:54,19:46,20:39",7.79,57.7
Robert Davis,"09:27,12:08,15:02,18:35","10:59,14:08,17:18,20:06",7.32,99.83
Olivia Martinez,"09:20,11:34,14:17,16:50,19:00","10:43,13:09,15:40,17:52,20:08",6.53,82.24
Robert Rodriguez,"09:05,12:21,15:31","11:50,15:01,16:12",6.1,90.14
Robert Williams,"09:06,12:34,14:21","11:36,13:44,14:49",4.14,87.96
Michael Martinez,"09:29,12:56,14:34,18:11","11:46,13:57,17:18,19:26",7.3,65.72
Olivia Rodriguez,"09:25,11:36,14:56,17:22,19:57","10:55,14:00,16:19,18:56,20:55",7.82,98.44
Emma Martinez,"09:18,12:45,15:48,18:45","11:57,14:48,17:20,19:42",7.18,59.53
John Miller,"09:04,11:49,14:37,18:02","10:58,13:25,16:34,20:26",7.86,92.19
John Brown,"09:19,12:47,15:55,18:13","11:24,15:05,17:28,18:52",6.6,75.05
Alice Brown,"09:17,11:42,14:14,17:51","10:42,12:58,16:29,19:14",6.33,60.85
David Johnson,"09:09,12:19,15:07,18:49","11:01,14:08,17:41,19:39",7.09,75.84
Maria Jones,"09:27,11:35,15:01,17:41,20:25","10:37,13:56,16:57,19:33,20:35",7.49,67.96
Maria Smith,"09:20,12:38,15:50,18:37","11:43,14:41,17:53,19:20",7.2,69.83
David Williams,"09:29,12:20,16:12","11:20,15:15,17:14",5.81,80.11
James Martinez,"09:19,11:34,14:13,17:28","10:23,13:27,16:32,18:04",5.88,69.95
Olivia Smith,"09:24,12:28,15:57","11:05,14:52,16:15",4.39,90.25
Michael Davis,"09:27,11:49,15:56,18:41,21:12","10:44,14:45,17:34,20:16,21:32",7.77,68.08
Olivia Garcia,"09:16,12:44,15:50","11:36,14:37,17:44",6.12,93.94
James Miller,"09:16,11:30,15:05,17:38","10:38,14:05,16:32,19:27",7.23,78.16
David Davis,"09:16,12:15,14:18,16:36","11:17,13:18,15:54,17:08",5.21,87.39
Maria Jones,"09:28,11:41,14:41,17:45,20:19","10:46,13:47,16:40,19:09,20:29",6.96,51.34
David Martinez,"09:23,11:58,15:41","11:18,14:41,17:12",6.16,71.26
John Jones,"09:27,12:09,16:11","11:20,14:57,17:24",5.9,81.79
Robert Jones,"09:23,12:29,15:46","11:36,14:40,15:57",4.59,75.08
John Jones,"09:19,11:27,14:18,18:23","10:24,13:12,17:15,18:30",5.91,70.98
James Smith,"09:07,11:20,14:26,16:33","10:22,13:47,15:32,17:32",5.79,69.22
David Garcia,"09:14,11:43,14:43,16:57","10:43,13:56,15:56,17:43",5.7,99.14
David Brown,"09:23,11:27,15:12","10:36,13:56,16:23",4.89,90.46
Alice Smith,"09:01,12:32,15:10,18:19","11:56,13:56,17:23,19:17",7.5,75.59
Alice Davis,"09:27,11:32,15:17,17:42","10:48,14:12,17:01,18:00",6.05,93.36
David Smith,"09:08,12:00,15:58,17:49","11:01,14:43,17:09,18:04",6.04,51.17
Maria Smith,"09:05,11:19,14:01,16:07,18:25","10:29,13:20,15:18,17:46,19:16",7.2,76.58
James Jones,"09:17,12:07,14:32","11:14,13:48,15:33",4.66,63.65
Sophia Davis,"09:11,12:03,14:35","11:14,13:26,16:21",5.21,90.23
Robert Garcia,"09:06,12:25,15:17","11:43,14:26,17:28",6.82,57.25
James Brown,"09:03,11:29,14:21,16:33,19:18","10:47,13:24,15:33,18:23,20:29",7.88,98.06
Olivia Miller,"09:26,12:48,16:36","11:43,15:33,16:36",5.04,71.11
Sophia Rodriguez,"09:06,12:04,15:17,18:58","10:46,14:12,18:14,19:52",7.67,59.69
Emma Rodriguez,"09:26,12:00,14:49","11:12,13:33,15:31",4.03,62.1
Maria Davis,"09:15,11:12,13:56,15:51,18:08,20:23","10:15,12:46,15:16,17:02,19:44,21:36",7.91,74.52
David Garcia,"09:21,11:39","11:02,14:05",4.12,73.78
Sophia Brown,"09:20,13:17,15:41,18:21","12:07,14:49,17:27,18:39",6.39,74.94
Maria Jones,"09:06,12:12,14:24","11:07,13:26,15:33",4.42,95.59
Alice Davis,"09:23,11:42,14:00,17:49","10:38,13:15,16:40,18:44",6.39,72.72
Alice Martinez,"09:15,12:26,16:24","11:27,15:24,18:40",7.44,69.08
John Williams,"09:02,12:05,15:38,18:55","10:50,14:08,17:56,19:53",7.13,97.28
David Miller,"09:16,11:14,14:15,18:05","10:17,13:20,17:00,18:23",6.17,96.67
Sophia Smith,"09:17,13:24,15:59,18:06,20:43","12:15,15:27,17:08,19:36,21:00",7.95,90.68
Olivia Garcia,"09:00,11:51,15:04,17:35","10:54,13:58,16:24,19:58",7.74,66.67
Olivia Smith,"09:17,12:57,14:51","11:58,14:02,15:36",4.53,66.35
James Martinez,"09:02,12:47","11:45,15:03",5,94.44
Alice Jones,"09:17,13:30,17:22","12:16,16:26,17:50",6.39,76.88
Olivia Miller,"09:22,12:15,14:06,17:33","11:00,13:28,16:53,17:43",5.8,64.99
Robert Garcia,"09:01,11:28,13:47,16:05,19:00","10:30,12:56,15:07,17:51,20:21",7.42,65.57
Michael Jones,"09:15,13:11,15:35,18:18","12:04,14:24,17:03,19:16",6.47,50.42
James Brown,"09:19,11:05,13:54,17:52","10:33,13:05,16:49,19:35",7.88,80.96
Maria Miller,"09:05,11:46,14:34,17:42,19:50","10:48,13:58,16:43,18:59,19:58",7.48,50.6
Emma Garcia,"09:01,12:41,15:27","11:35,14:17,15:48",4.53,98.56
Sophia Davis,"09:30,13:28,16:03,18:18","12:10,14:50,17:10,19:32",6.4,81.73
Sophia Johnson,"09:07,12:15,15:35","11:14,14:39,18:02",6.98,72.3
John Rodriguez,"09:23,12:03,15:56,19:11","11:04,14:52,18:09,20:18",7.83,89.03
Emma Smith,"09:13,12:09,14:22,16:47","11:05,13:13,15:43,17:06",4.6,81.8
Alice Brown,"09:09,11:32,13:45,16:27,19:53","10:22,12:47,15:39,18:43,20:55",7.68,60.55
Sophia Davis,"09:01,10:57,15:02,17:35","10:04,13:52,16:21,18:05",5.8,83.54
Sophia Garcia,"09:03,12:47,16:02,17:59","11:33,14:52,17:08,18:34",6.27,84.63
Maria Brown,"09:14,12:32,14:43","11:49,13:40,17:28",6.48,79.37
Maria Williams,"09:05,12:07,14:05","11:03,13:12,15:50",4.82,99.15
Michael Jones,"09:08,12:56,14:45,17:46","12:05,14:09,16:40,18:38",6.96,98.71
John Johnson,"09:23,12:56,15:28,18:43","12:18,14:25,18:08,19:14",7.59,82.47
Alice Williams,"09:13,10:59,13:49,16:31","10:17,12:47,15:35,18:47",6.91,75.84
Emma Davis,"09:04,12:25,15:10","11:08,14:08,16:38",5.26,82.82
Alice Brown,"09:05,11:05,14:03","10:12,13:05,16:07",5.18,56.64
Emma Martinez,"09:04,12:23,15:51","11:37,14:53,16:08",5.33,75.1
James Miller,"09:16,11:23,14:16","10:28,12:54,16:43",5.17,78.03
Maria Brown,"09:05,11:37,15:21","10:27,14:27,16:35",5.45,51.78
Michael Martinez,"09:20,12:36,15:14,18:36","11:28,14:13,17:17,18:42",5.91,97.27
Sophia Brown,"09:13,11:38,13:56,17:08","10:40,13:13,16:00,18:17",6.25,51.78
David Williams,"09:20,11:42,15:06","10:21,14:23,16:55",5.53,91.16
James Johnson,"09:12,12:44,15:08,18:40","11:48,14:07,17:34,19:54",7.66,77.61
James Martinez,"09:23,12:14,15:36","11:32,14:33,16:17",5.16,65.98
Robert Jones,"09:09,13:11,16:12","11:58,15:12,16:33",5.2,84.35
Olivia Smith,"09:19,12:23,15:59","11:21,15:09,16:49",5.63,73.79
James Brown,"09:22,12:18,16:04","11:33,15:10,17:53",6.87,72.13
Emma Garcia,"09:16,12:35,15:41","11:56,15:00,16:27",5.85,63.01
Robert Martinez,"09:00,13:01,15:09","11:54,14:25,17:03",6.21,60.6
Emma Williams,"09:12,12:48,15:59","11:53,14:47,16:00",4.7,60.87
Emma Jones,"09:15,12:35,16:22,19:35","11:34,15:16,18:42,19:41",7.44,57.3
James Johnson,"09:23,13:16,15:58,18:39","11:58,14:50,17:14,18:45",5.52,98.56
Emma Williams,"09:25,11:39,15:18","10:53,14:18,17:27",6.28,99.58
Sophia Martinez,"09:10,12:37","12:03,13:54",4.18,81.6
Maria Brown,"09:02,12:05,15:02,18:06","11:03,14:09,17:13,19:18",7.47,72.02
Maria Miller,"09:29,11:28,15:33","10:31,14:19,16:00",4.35,61.44
Emma Garcia,"09:21,11:29,14:35,17:40","10:33,13:35,17:01,18:55",6.99,96.59
David Miller,"09:22,12:02,14:15","11:25,13:08,16:25",5.32,83.96
Sophia Smith,"09:27,13:16,16:29","12:21,15:54,17:19",6.37,63.32
Maria Brown,"09:04,13:21,15:48","12:00,14:45,17:13",5.76,90.81
Emma Garcia,"09:17,11:12,14:16,17:10,19:16","10:26,13:21,16:15,18:21,19:19",6.53,71.1
James Jones,"09:10,11:31,15:28","10:36,14:19,16:25",5.19,76.83
John Johnson,"09:21,12:18,15:08,17:49","11:08,13:55,16:48,18:29",5.74,83
David Garcia,"09:02,11:08,14:16,17:33","10:04,13:21,16:35,19:14",7.26,74
David Martinez,"09:21,11:26,14:43,16:28,20:23","10:40,13:32,15:45,19:19,20:53",7.81,82.79
Michael Martinez,"09:12,11:52,14:49","10:55,13:44,15:52",4.65,70.65
David Miller,"09:09,12:19,14:26,17:55","11:19,13:52,16:46,19:26",7.57,83.98
Robert Jones,"09:10,12:25,14:39","11:11,13:48,15:49",4.57,71.37
Alice Martinez,"09:00,11:19,14:26,17:29","10:29,13:41,16:36,19:02",7.57,59.35
Alice Rodriguez,"09:17,11:58,14:41,18:02","10:31,13:17,17:17,18:32",5.65,56.8
Alice Brown,"09:03,12:14,14:08,15:50","11:12,13:23,15:09,16:40",5.16,90.92
Olivia Smith,"09:22,12:16,15:55","11:16,15:07,16:35",5.42,96.17
Sophia Johnson,"09:22,11:35,14:45","10:44,13:33,15:32",4.12,66.31
Michael Williams,"09:24,11:31,15:00,18:13","10:32,14:13,17:38,18:14",6.49,61.51
Michael Davis,"09:05,11:59,14:05","10:59,13:04,15:23",4.29,88.93
Michael Martinez,"09:21,12:51,16:00","11:42,14:55,16:01",4.43,98.35
Olivia Garcia,"09:17,12:37,15:09,18:17,20:38","11:33,13:55,17:17,19:44,21:04",7.6,60.36
James Jones,"09:27,12:49,16:06,19:45","11:55,14:41,18:59,20:26",7.91,96.56
Robert Williams,"09:10,12:32,14:49","11:23,14:12,15:48",4.88,66.96
Alice Jones,"09:30,11:36,14:41","10:40,13:54,17:16",6.05,90.83
Robert Williams,"09:29,12:01,15:41,19:06","10:47,14:37,18:18,19:14",6.65,83.22
Maria Jones,"09:05,11:20,13:59,15:35,18:15","10:41,12:50,15:01,17:01,18:28",5.79,55.8
Sophia Rodriguez,"09:01,11:17,14:17,16:31,19:08","10:01,13:05,16:01,17:52,20:49",7.57,55.4
John Davis,"09:09,10:54,14:00,16:32,20:15","10:18,13:09,15:26,19:03,20:25",7.52,60.65
James Rodriguez,"09:21,12:44,16:20,18:29","12:07,15:27,17:38,18:51",7.16,55.04
Michael Davis,"09:02,12:59","12:01,14:42",4.7,75.98
Robert Smith,"09:03,12:50,16:12","11:45,14:50,18:29",6.99,87.02
John Johnson,"09:26,13:22,15:50","12:14,14:51,17:14",5.68,91.52
Michael Garcia,"09:27,12:06","11:13,14:28",4.14,61.21
Robert Smith,"09:16,11:32,15:25,18:25","10:41,14:30,17:21,19:28",7.37,53.1
Michael Brown,"09:08,11:38,15:50","10:44,14:37,17:57",6.7,59.48
Sophia Davis,"09:00,12:39,15:49","11:24,15:13,17:42",6.86,91.53
Sophia Martinez,"09:12,11:13,13:25,16:03,19:22","10:28,12:24,15:00,18:10,20:05",6.87,65.77
Maria Jones,"09:14,11:38,15:29","10:56,14:35,15:56",5.11,51.15
Robert Martinez,"09:25,12:27,15:04","11:29,14:08,15:48",4.5,91.32
Michael Martinez,"09:05,12:22,15:07,17:44","11:22,14:03,16:38,18:15",6.02,71.59
Michael Miller,"09:02,11:51,14:11","10:46,13:36,15:13",4.53,52.26
Olivia Brown,"09:06,11:24,14:13,15:47,18:34","10:35,13:25,15:15,17:11,19:38",7.01,55.7
John Williams,"09:03,11:37,15:44","10:59,14:21,16:33",5.5,94.62
Olivia Garcia,"09:27,13:02,15:43","11:53,14:42,17:00",5.39,80.02
Sophia Smith,"09:28,13:24,16:30","12:03,15:38,17:15",5.57,55.23
Emma Smith,"09:10,13:18,16:55","12:08,15:52,17:19",5.95,87.79
James Williams,"09:15,11:24,15:16,17:09","10:42,14:08,16:24,18:24",6.58,83.34
Michael Martinez,"09:21,11:31,14:28,18:07","10:38,13:07,16:52,20:06",7.28,50.66
Robert Miller,"09:09,12:18,14:39,18:31","11:19,13:45,17:37,19:20",7.4,67.43
John Williams,"09:08,12:28,15:57,19:41","11:22,15:06,18:27,19:51",7.55,82.04
Michael Garcia,"09:21,12:24","11:33,14:15",4.07,90.85
David Miller,"09:08,11:32,13:50,17:15","10:20,12:46,16:16,18:02",5.66,97.08
David Jones,"09:15,12:05,14:41,17:02","11:34,13:55,16:04,17:40",6.18,81.81
Robert Johnson,"09:14,11:52,14:31,17:25","11:16,13:33,16:21,19:46",7.92,51.58
John Martinez,"09:22,11:40,14:04,17:37","10:52,13:07,16:26,18:45",6.46,89.13
Emma Rodriguez,"09:26,12:36,15:51,18:24","11:36,14:50,17:14,18:28",5.86,91.07
Sophia Garcia,"09:27,12:42,15:42","12:03,14:42,16:06",5.01,80.05
John Garcia,"09:05,12:24,15:13","11:20,14:06,15:32",4.28,50.83
Olivia Martinez,"09:12,11:41,15:39,18:06","10:59,14:24,17:27,18:15",6.46,85.34
Olivia Miller,"09:22,11:52,14:59,17:12","11:04,14:19,16:23,17:20",5.69,97.77
Emma Jones,"09:18,12:20,15:12","10:55,14:04,17:44",5.89,88.52
John Johnson,"09:16,12:59,16:01","12:00,15:03,16:41",5.47,91.9
John Smith,"09:29,12:13,14:07,16:35","11:15,13:35,15:29,17:35",5.51,56.11
Olivia Jones,"09:25,12:14,15:41","11:16,14:17,18:07",6.35,65.18
Emma Miller,"09:05,11:56,13:50,15:47,17:57","11:12,13:06,14:52,17:01,19:08",6.75,65.35
Maria Davis,"09:16,12:20,15:23","11:19,14:02,15:58",4.35,94.22
Robert Williams,"09:01,11:38,14:46,18:08","10:44,13:29,17:03,19:03",6.77,75.66
James Garcia,"09:06,11:48,14:19,17:20","11:14,13:18,16:13,17:22",5.57,63.46
Michael Rodriguez,"09:27,11:24,13:30,17:29","10:33,12:37,16:20,17:41",5.37,69.8
Olivia Brown,"09:14,12:20,15:06,17:36","11:16,13:58,16:07,18:43",5.8,96.84
Emma Smith,"09:06,12:25,15:34","11:48,14:34,16:23",5.68,89.05
Robert Garcia,"09:15,12:55,16:28","11:50,15:30,17:22",6.07,66.52
Olivia Jones,"09:29,12:00,15:32,17:15","10:47,14:26,16:40,18:13",5.84,52.17
Alice Johnson,"09:29,12:51","11:53,14:39",4.2,64.85
Emma Miller,"09:19,13:01,15:40","11:47,14:26,16:50",5.05,82.46
Maria Rodriguez,"09:10,12:21,15:48,18:13","11:09,14:40,16:53,19:00",6.18,97.38
John Martinez,"09:16,11:38,14:47","10:58,13:31,16:33",5.36,80.74
Robert Johnson,"09:16,11:49,14:51,16:49,18:59","10:39,13:34,15:55,18:04,20:13",6.68,92.84
Maria Jones,"09:16,12:18,15:03","11:01,14:23,16:36",5.39,60.74
John Johnson,"09:15,12:13,14:50","11:25,13:52,15:03",4.04,96.82
James Williams,"09:15,11:12,14:27,17:13","10:27,13:38,16:06,17:40",5.75,66.06
David Smith,"09:19,12:54","11:57,14:42",4.45,65.34
Sophia Smith,"09:22,13:01","12:02,15:06",4.75,91.73
Sophia Brown,"09:21,11:38,14:28,17:37,19:34","10:46,13:31,16:23,18:37,20:28",7.12,51.56
Michael Rodriguez,"09:16,13:04","12:13,15:43",5.61,78.92
John Garcia,"09:14,12:21,14:08,17:09,19:01","11:03,13:21,16:17,18:11,20:41",7.68,75.37
Michael Davis,"09:05,11:31,14:54,16:55,19:03","10:15,14:13,16:10,18:00,19:49",7,54.54
Maria Jones,"09:30,12:12,15:15","11:29,14:36,16:09",5.29,92.07
Alice Miller,"09:29,12:37,16:19","11:44,15:35,17:06",6.01,97.3
Alice Smith,"09:27,13:03","12:25,14:56",4.86,61.32
Maria Jones,"09:04,12:33,14:42","11:47,13:44,16:29",5.68,64.07
Maria Jones,"09:09,12:36,16:11","11:46,15:03,16:27",5.34,86.61
Sophia Jones,"09:21,12:39,15:53","11:59,14:30,17:23",5.99,51.45
John Smith,"09:03,12:49,15:17","11:33,14:09,17:28",6.03,96.9
Olivia Rodriguez,"09:13,12:30,15:12","11:42,14:13,15:24",4.41,56.28
David Miller,"09:13,12:36,16:27","11:44,15:26,16:57",5.86,79.39
Sophia Johnson,"09:26,13:01,16:58","11:55,15:50,17:58",6.31,59.86
Olivia Williams,"09:08,12:38,15:23","11:39,14:29,17:49",6.8,91.03
Sophia Brown,"09:15,12:12,15:24,17:58,20:38","11:10,14:32,17:08,19:40,20:48",7.85,59.96
James Miller,"09:27,13:10,15:42","11:55,14:41,16:03",4.33,79.47
Sophia Miller,"09:01,12:13,14:12","10:55,13:19,16:28",5.28,91.33
Sophia Martinez,"09:07,11:11,14:48,17:23,19:49","10:09,13:26,16:34,18:57,19:52",6.68,95.7
Olivia Martinez,"09:13,12:40,15:35,18:06","11:58,14:10,17:17,18:42",6.57,66.84
Sophia Garcia,"09:03,12:55,15:19","11:43,14:38,17:16",6.34,90.38
David Smith,"09:09,11:39,15:25","10:58,14:22,16:11",5.3,92.19
Emma Davis,"09:24,11:50,14:47","11:04,13:47,15:25",4.25,96.33
Sophia Williams,"09:20,13:08,15:17","12:15,14:25,15:37",4.55,98.07
James Johnson,"09:06,12:38,16:31","11:59,15:14,17:57",6.92,50.44
David Davis,"09:20,12:33,16:03,18:43","11:11,14:52,17:30,20:09",7.07,76.02
James Martinez,"09:00,11:55","10:52,14:22",4.33,63.84
John Brown,"09:09,11:16,13:45,17:26","10:17,12:39,16:13,18:00",5.57,86.92
James Garcia,"09:06,12:54,15:56","11:53,14:50,17:42",6.49,86.72
Robert Miller,"09:27,12:03,15:51","11:11,14:39,16:46",5.26,58.45
James Martinez,"09:13,12:23,15:44,18:08","11:20,14:21,16:58,18:47",5.98,76.98
Maria Martinez,"09:28,13:33,16:35","12:18,15:38,17:52",6.2,70.16
John Martinez,"09:06,12:36,14:30","11:40,13:36,15:00",4.08,62.56
Olivia Smith,"09:29,11:36,13:56,16:40","10:41,13:08,16:00,16:47",4.92,66.82
John Miller,"09:19,11:36,13:27,16:32,19:03,21:36","10:40,12:46,15:45,18:05,20:19,21:54",7.94,71.86
Michael Davis,"09:14,11:42,14:50,18:02","10:29,13:35,16:44,19:53",6.88,79.08
Sophia Davis,"09:23,12:01,15:30","10:59,14:45,16:18",5.15,52.21
Maria Rodriguez,"09:22,12:51,15:37,18:17","11:54,14:38,17:05,18:31",6.02,97.04
Michael Miller,"09:00,12:29,15:56","11:20,14:36,17:20",5.86,87.79
Olivia Rodriguez,"09:16,10:55,14:18","10:17,13:10,15:40",4.65,50.56
Alice Smith,"09:28,11:46,15:16,19:14","10:28,13:55,18:07,20:44",7.51,83.68
Emma Brown,"09:19,11:40,13:40","10:37,12:51,15:44",4.56,58.01
James Rodriguez,"09:12,12:34","11:23,14:51",4.47,50.69
Maria Smith,"09:21,12:03,16:09,18:31","10:55,14:44,17:21,19:29",6.42,72.79
Maria Rodriguez,"09:24,13:20,15:26,18:32","12:18,14:28,17:32,18:57",6.56,90
Alice Miller,"09:28,12:28,15:25","11:41,14:18,16:12",4.85,50.07
Michael Smith,"09:06,13:06,16:36,19:44","11:50,15:36,18:34,20:08",7.6,63.01
Alice Jones,"09:15,12:59,15:44","12:04,14:46,15:53",4.76,76.41
Alice Garcia,"09:27,12:13,14:17,17:35","11:09,13:19,16:42,18:55",6.57,91.71
Alice Miller,"09:24,11:57,14:29,16:36,20:29","10:41,13:47,15:39,19:10,21:33",7.92,81.3
Olivia Miller,"09:06,11:48,14:22,16:59","10:29,13:20,15:58,19:19",6.86,51.34
Sophia Brown,"09:22,13:02,15:12,18:06","12:10,14:11,16:56,18:37",6.2,79.81
Olivia Martinez,"09:02,11:45,14:22","10:52,13:19,15:56",4.97,56.64
David Brown,"09:20,11:50,14:08,16:17,20:09","10:30,13:13,15:28,18:55,21:37",8,74.5
Sophia Davis,"09:11,12:00","11:21,14:09",4.32,91.45
Maria Martinez,"09:20,13:05,15:55","12:15,14:54,17:31",6.33,92.44
James Johnson,"09:21,12:01,15:28","11:10,14:00,16:26",4.78,50.93
David Martinez,"09:22,12:14,15:49","11:05,14:48,16:17",4.76,67.55
Emma Martinez,"09:21,11:57,15:02","10:53,14:13,15:34",4.35,82.48
Olivia Miller,"09:24,13:09,16:32","12:10,15:30,19:01",7.61,53
David Miller,"09:03,11:22,15:17,18:09","10:35,14:15,17:23,18:12",6.58,66.61
David Smith,"09:04,11:08,14:24,16:35,18:51","10:23,13:16,15:36,17:50,19:14",6.29,52.31
David Brown,"09:09,12:14,16:06","11:07,14:51,16:30",4.99,80.86
John Garcia,"09:28,11:54,14:28","11:06,13:41,15:17",4.25,59.98
Olivia Smith,"09:13,11:16,14:12,16:18","10:28,13:18,15:17,16:35",4.66,93.64
Sophia Davis,"09:22,12:27,14:47","11:41,13:36,15:34",4.26,98.26
Sophia Rodriguez,"09:18,12:54,16:20,19:23","11:46,15:21,18:20,20:15",7.79,89.69
Michael Garcia,"09:10,12:45,15:00","12:06,14:04,17:13",6.47,64.66
John Jones,"09:28,13:14","11:55,14:52",4.09,71.12
James Miller,"09:27,13:01,14:57,18:21,20:23","12:07,14:07,17:13,19:34,20:58",7.84,71.2
Robert Davis,"09:03,11:46,14:18,16:34","11:07,13:08,15:38,16:45",4.96,56.67
Michael Jones,"09:24,13:12,16:48","11:50,15:32,16:55",4.9,75.26
Alice Brown,"09:26,11:45,15:28","10:37,14:35,17:23",5.95,87.07
James Williams,"09:30,12:28,15:55,18:11","11:21,15:00,17:31,19:24",7.2,80.41
Alice Smith,"09:25,13:09,16:01","12:07,15:02,16:54",5.47,86.71
Emma Johnson,"09:05,10:54,14:46,17:38","10:15,13:47,17:00,19:10",7.83,55.89
James Smith,"09:00,11:04,13:22","10:05,12:38,16:04",5.36,74.76
Emma Davis,"09:14,11:20,14:24,16:55,19:52","10:19,13:26,15:54,18:49,20:40",7.39,90.4
Sophia Miller,"09:02,12:11","11:11,14:04",4.04,70.35
Robert Jones,"09:27,12:08,15:15,19:10","11:07,14:09,18:08,19:35",7,82.79
Olivia Brown,"09:25,12:27,14:49,17:23","11:22,13:48,16:10,18:58",6.24,59.94
Alice Brown,"09:28,13:22","12:25,14:27",4.05,60.64
James Garcia,"09:12,12:24,14:32,16:31","11:15,13:50,15:42,17:24",5.54,63.9
Maria Rodriguez,"09:18,13:17,16:49","12:17,16:00,17:27",6.33,52.06
David Rodriguez,"09:11,11:29,14:10,17:24,19:28","10:39,13:19,16:37,18:26,20:12",7.52,96.54
Michael Garcia,"09:26,13:11,15:01,17:10","11:56,14:12,16:05,18:18",5.72,55.77
Robert Davis,"09:28,13:31,16:25,20:10","12:27,15:05,19:17,20:34",7.82,50.69
John Smith,"09:26,12:48,15:30,18:00","12:08,14:09,16:47,19:06",6.45,84.02
Emma Martinez,"09:15,12:25","11:14,14:31",4.08,52.69
David Miller,"09:03,12:38,14:38","11:42,13:38,15:30",4.53,58.63
David Davis,"09:28,12:40,16:17","11:32,15:11,17:52",6.17,97.58
Robert Williams,"09:24,12:05,15:08","10:54,14:24,16:28",5.17,88.14
Maria Johnson,"09:14,12:58,16:00","11:53,15:01,16:25",5.13,95.26
Sophia Davis,"09:05,11:38,14:13,16:23,19:42","10:38,13:20,15:28,18:48,20:17",7.51,97.65
Robert Martinez,"09:14,11:44,14:05,16:30","10:49,13:32,15:31,17:37",5.95,75.91
David Johnson,"09:14,11:34,15:38,19:05","10:48,14:15,18:14,19:28",7.24,91.54
Maria Martinez,"09:11,11:36,14:16,17:16","10:40,13:18,16:05,18:20",6.08,73.51
John Garcia,"09:00,11:00,12:53,16:08,18:54","10:03,12:14,15:26,18:02,19:23",7.23,73.24
Alice Davis,"09:05,12:21,15:22,19:15","11:24,14:01,18:17,19:48",7.46,57.97
Alice Miller,"09:05,12:01,15:13","10:45,14:29,16:25",5.35,51.17
Alice Jones,"09:25,11:16","10:33,14:08",4.01,70.08
Robert Jones,"09:22,12:16,16:04,18:24","11:26,15:06,17:19,19:57",7.71,99.81
Emma Williams,"09:07,12:17","11:29,14:13",4.31,60.04
Robert Johnson,"09:14,11:59,14:32,18:20","10:58,13:43,17:31,18:37",6.74,60.14
James Martinez,"09:17,11:47,14:12,17:48","10:53,13:14,16:59,19:55",7.95,74.07
Alice Johnson,"09:20,12:23,15:12,18:53","11:15,14:04,17:29,19:26",6.44,96.08
Alice Garcia,"09:28,12:41,16:27","11:39,15:30,18:19",6.87,86.34
David Garcia,"09:12,12:00,15:31,18:59","10:51,14:37,17:56,20:09",7.85,78.29
Olivia Martinez,"09:20,11:08,14:50","10:21,14:02,16:33",5.64,56.39
Alice Miller,"09:08,12:24","11:53,13:56",4.3,80.4
Alice Williams,"09:14,11:30,14:08,18:06","10:30,13:09,17:04,19:36",7.36,81.62
Olivia Williams,"09:05,11:58,15:51","11:13,14:53,16:24",5.6,95.05
John Martinez,"09:13,12:32,15:35","11:21,14:51,18:16",7.14,87.75
Emma Miller,"09:05,12:39,16:31","11:54,15:19,17:02",6.01,78.32
Robert Johnson,"09:00,12:01,16:09,19:00","11:11,14:47,18:14,19:15",7.29,54.99
John Garcia,"09:09,12:04,14:11,16:52","11:13,13:27,15:43,17:00",5.12,77.62
Robert Martinez,"09:24,12:14,15:59","11:16,14:45,16:34",4.98,56.91
Olivia Miller,"09:11,12:33,16:18","11:34,15:03,17:23",5.97,80.12
James Rodriguez,"09:19,11:55,15:08","11:00,13:59,16:51",5.47,85.85
Sophia Johnson,"09:05,11:09,13:08,15:16,17:19,20:13","10:07,12:11,14:20,16:25,19:07,21:34",7.58,72.86
David Jones,"09:03,12:37,14:57","11:25,13:45,15:38",4.2,73.6
Michael Martinez,"09:25,12:47,16:11","11:53,15:14,16:16",5.01,82.43
Olivia Martinez,"09:00,11:45","10:42,14:16",4.23,64.62
David Williams,"09:24,11:43,14:13,16:26,19:55","10:35,12:57,15:25,18:42,20:11",6.16,57.25
Alice Miller,"09:15,13:26,16:43,19:29","12:14,15:23,18:20,20:44",7.81,65.45
Emma Martinez,"09:25,11:37,14:29","10:38,13:37,16:02",4.77,80.75
Sophia Davis,"09:21,12:29,15:27,18:18","11:31,14:42,17:18,19:02",6.97,97.05
Olivia Williams,"09:25,12:21,15:50,19:45","11:24,15:02,18:27,20:08",7.68,81.02
James Smith,"09:08,11:58,14:27,18:35,20:49","10:45,13:24,17:26,19:47,21:08",7.55,56.69
Sophia Jones,"09:18,11:39,13:48,17:43","10:40,12:50,16:37,19:06",6.76,97.15
James Martinez,"09:07,13:00,16:41,18:56","12:06,15:55,18:14,19:01",7.55,89.37
John Rodriguez,"09:08,12:35","12:01,15:16",5.57,82.45
Emma Brown,"09:30,13:07,15:50","12:05,14:53,17:26",5.95,64.55
Maria Miller,"09:28,11:59,15:26","11:09,14:51,15:28",4.6,80.12
Robert Garcia,"09:18,12:22,15:40,18:29","11:15,14:17,17:33,20:29",7.75,71.33
Michael Smith,"09:27,11:14,15:08,17:41","10:44,13:42,16:38,17:41",5.27,99.84
Robert Rodriguez,"09:04,12:50,16:07","11:30,15:12,16:14",4.92,83.1
Sophia Garcia,"09:00,12:32,14:54,17:29","11:43,13:55,16:46,18:56",7.42,61.87
Sophia Brown,"09:14,11:27,15:20,19:14","10:25,14:22,18:19,20:08",8,75.63
Alice Smith,"09:00,12:28,16:08","11:29,15:09,16:53",5.93,72.87
Emma Smith,"09:19,11:48,15:30,18:03","11:07,14:20,17:03,19:31",7.36,62.88
Alice Miller,"09:24,11:34,14:59","10:43,13:46,15:37",4.15,57.82
Olivia Rodriguez,"09:20,13:15","12:11,15:37",5.22,88.31
Emma Williams,"09:21,12:38,14:52,17:02,19:51","11:39,14:07,16:00,18:59,20:37",7.64,95.04
Olivia Rodriguez,"09:00,11:45,13:54","10:17,12:58,16:05",4.7,53.55
Sophia Brown,"09:22,11:49,15:06","10:51,13:43,17:54",6.19,82.01
Michael Johnson,"09:25,11:38,14:08,16:32","10:50,12:58,15:20,17:28",4.89,75.33
John Garcia,"09:20,12:21,15:04,18:29","11:46,13:49,17:36,18:37",6.58,70.41
Maria Jones,"09:23,13:31,16:35,19:17","12:15,15:42,18:27,19:36",7.25,93.79
Sophia Davis,"09:18,12:33,15:18","11:15,14:21,17:41",6.14,82.12
Robert Davis,"09:20,12:16,15:40,17:52","11:31,14:43,17:18,19:19",7.72,61.78
Olivia Miller,"09:11,11:14,13:31,15:39","10:14,12:50,14:36,15:59",4.08,77.76
Alice Miller,"09:10,11:42,14:12,16:45,20:17","10:56,13:12,15:38,19:02,21:04",7.77,96.23
Emma Smith,"09:10,12:57,15:55,19:39","12:06,14:32,18:39,20:10",7.77,67.48
David Rodriguez,"09:11,11:08,14:16,17:19,19:29","10:11,13:28,15:56,18:19,19:59",6.52,84.79
Emma Brown,"09:22,11:01,14:48","10:26,13:53,15:55",5.06,78.42
John Johnson,"09:01,11:48,13:39,17:23","10:48,12:57,16:25,19:09",7.48,75.25
Emma Martinez,"09:09,12:51,15:35","12:00,14:30,16:55",5.84,78.42
Sophia Martinez,"09:20,13:19,15:04,17:44","11:58,14:21,17:01,18:02",5.93,79.72
Maria Martinez,"09:11,11:48,14:57","10:42,14:11,16:08",5.09,64.33
Emma Rodriguez,"09:11,12:37","11:44,15:01",4.97,98.63
Maria Jones,"09:14,11:51,14:07,16:33","10:41,12:58,15:49,17:34",5.3,72.52
Emma Garcia,"09:21,11:26,14:19","10:47,13:21,15:39",4.69,72.17
Emma Garcia,"09:15,12:44","11:56,14:10",4.13,67.35
James Brown,"09:17,11:47,15:04,18:29","11:04,14:13,17:26,18:33",6.67,64.01
David Johnson,"09:28,13:24,15:48,19:42","12:27,14:38,18:34,20:30",7.8,85.29
Emma Williams,"09:09,13:08,16:26","12:01,15:46,17:13",6.29,65.43
Emma Martinez,"09:00,12:47,15:44","11:50,14:29,15:53",4.7,72.59
David Davis,"09:22,12:04,15:57","10:53,14:58,17:24",5.87,61.48
Olivia Davis,"09:22,11:56,14:42,17:30","10:38,13:47,16:16,18:33",5.74,81.2
John Garcia,"09:10,11:04,14:56","10:18,13:47,16:42",5.62,76.07
Sophia Brown,"09:30,12:44,15:09,18:18","11:38,14:21,17:24,19:32",7.24,63.59
David Johnson,"09:24,11:47,14:12,17:45,20:40","10:28,13:06,16:39,19:42,21:06",7.23,87.15
Emma Rodriguez,"09:21,13:12,15:39,17:45","12:03,14:27,16:40,19:11",6.41,54.24
Michael Martinez,"09:23,12:32,15:36,18:16","11:53,14:32,17:36,18:47",7.03,68.48
Robert Johnson,"09:20,11:59,14:14","11:13,13:07,16:05",4.87,70.42
Michael Garcia,"09:00,11:55,14:03,17:56","10:53,13:09,16:38,18:20",6.11,70.13
David Jones,"09:09,11:04,14:00,17:14","10:22,12:42,15:58,18:21",5.95,65.38
Michael Brown,"09:18,12:14,15:23","11:20,14:31,17:01",5.96,79.95
Maria Williams,"09:22,12:22,15:52","11:24,14:31,16:23",4.7,57.74
David Brown,"09:20,12:39,15:49,19:17","11:56,14:55,18:04,19:49",7.65,75.14
Emma Garcia,"09:00,12:06,13:50,16:32,19:16","11:07,13:11,15:37,18:44,19:54",7.83,69.53
John Smith,"09:28,11:18,15:07,18:43","10:35,14:08,17:36,19:24",7.13,84.15
Sophia Johnson,"09:17,12:41,16:17","11:15,14:56,18:20",6.27,69.56
Michael Miller,"09:08,11:31,14:02,16:13","10:37,13:03,15:26,16:55",5.13,87.79
John Williams,"09:06,12:36,16:09,18:43","11:26,15:22,17:50,19:25",7.49,78.83
John Brown,"09:19,12:50,15:08","11:32,14:33,16:26",5.23,66.93
Maria Williams,"09:16,12:00,15:44","10:50,14:51,16:04",4.76,99.01
Olivia Jones,"09:23,11:15,13:40,15:47,17:48","10:31,12:44,15:02,17:03,18:29",5.94,57.44
Sophia Davis,"09:16,11:58","10:55,14:45",4.45,83.82
John Davis,"09:17,13:21,15:23","12:13,14:26,16:36",5.25,58.62
David Brown,"09:12,13:08,16:28","12:10,15:25,17:08",5.93,61.51
David Davis,"09:27,12:25,15:36,18:30","11:27,14:35,17:18,19:38",7.01,51.77
David Garcia,"09:26,12:46,15:19,18:16","11:37,14:25,17:28,19:17",7,63.41
Sophia Brown,"09:28,11:33,15:03,17:25","10:44,14:02,16:18,19:45",7.34,64.37
Alice Brown,"09:12,11:33,13:50","11:02,12:49,15:02",4.31,71.56
Michael Rodriguez,"09:04,11:03,13:19,15:48,18:51","10:19,12:42,14:46,18:17,18:52",6.86,79.9
Alice Jones,"09:29,12:29,14:33","11:34,13:49,16:43",5.59,87.56
Michael Davis,"09:09,12:54","11:40,15:07",4.74,82.67
John Garcia,"09:17,10:58,14:17","10:22,13:09,16:02",5.02,96.44
James Garcia,"09:30,13:03,16:49","11:53,15:50,17:35",5.94,69.43
Robert Miller,"09:24,11:26,14:34,17:54","10:29,13:28,16:46,19:45",7.17,79.84
David Smith,"09:06,11:07,14:52,17:33","10:12,13:52,16:23,18:16",6.09,60.39
Alice Johnson,"09:01,11:49,14:06,17:37","10:32,13:23,16:52,19:12",7.45,83.9
David Smith,"09:07,10:57,13:51,16:06,18:20","10:11,12:36,15:22,17:30,19:01",6.33,75.07
Emma Davis,"09:19,12:37,14:30,17:46","11:13,13:38,17:07,18:17",6.06,55.96
Emma Davis,"09:30,13:15,16:00","12:22,15:09,17:25",6.2,86.93
Olivia Brown,"09:15,11:27,15:22,18:12","10:29,14:03,17:08,18:38",6.05,61.18
Michael Williams,"09:16,12:07","11:11,14:21",4.15,92.29
John Williams,"09:26,11:58,15:31","10:36,14:52,16:11",4.75,65.33
John Jones,"09:13,12:54,15:55","11:54,15:21,16:11",5.42,88.02
Sophia Miller,"09:30,11:21,14:47,17:36,19:42","10:35,13:55,16:30,18:54,20:32",7.51,53.39
Maria Martinez,"09:29,12:04,16:17","11:05,15:02,17:33",5.84,68.61
Alice Miller,"09:29,13:04","12:07,15:50",5.4,84.42
Michael Smith,"09:14,11:35,14:34,17:25,19:56","10:36,13:15,16:19,18:47,21:45",7.98,59.77
Emma Johnson,"09:24,11:44,15:16,18:15","11:04,14:33,16:54,19:48",7.68,50.55
David Miller,"09:30,13:42,16:44,19:11","12:26,15:43,18:09,20:17",7.47,57.95
John Miller,"09:11,13:02","12:08,14:52",4.79,90.48
Michael Martinez,"09:13,12:42,15:31,17:40,19:57","11:37,14:30,16:32,19:02,20:17",6.92,52.36
Emma Miller,"09:30,12:46,14:52,18:28","12:10,13:47,17:32,18:59",6.87,64.5
James Davis,"09:10,12:20,14:57","11:00,13:59,16:29",5.03,89.47
Sophia Rodriguez,"09:25,12:20,15:07","11:23,14:30,17:13",6.24,67.39
Sophia Brown,"09:21,12:00,14:37,17:35","11:16,14:03,16:29,18:18",6.56,73.81
Emma Miller,"09:28,11:48,14:00,15:44","10:35,13:08,15:02,17:46",5.53,69.68
John Smith,"09:17,11:08,13:44","10:25,12:55,15:25",4.61,69.14
Olivia Jones,"09:00,11:47,13:58,17:38","10:52,13:13,16:54,19:18",7.91,80.89
Emma Brown,"09:04,11:29,14:16","10:37,13:34,14:51",4.22,61.58
John Rodriguez,"09:23,13:10,15:40","12:10,15:01,16:05",5.06,54.11
Michael Davis,"09:00,12:54,16:21","11:40,15:17,17:35",6.3,73.04
Emma Miller,"09:06,11:16,14:15,16:50","10:22,13:05,15:36,17:17",4.89,77.76
James Jones,"09:23,13:16,15:25,17:28","12:14,14:22,16:32,18:54",6.51,70.44
Olivia Smith,"09:06,12:30,14:43","11:25,13:32,15:41",4.33,53.65
Sophia Davis,"09:07,11:29,15:07,18:13","10:33,13:51,17:17,19:43",7.47,60.4
Robert Smith,"09:20,12:55,15:45,17:34","12:18,14:45,16:46,19:14",7.49,63.27
Michael Garcia,"09:04,13:00,15:53","11:52,14:59,17:01",5.93,75.99
Robert Davis,"09:19,11:42","11:04,14:07",4.18,63.52
Robert Johnson,"09:25,12:27,16:31","11:22,15:12,17:36",5.79,76.89
Robert Martinez,"09:24,12:20,16:06,18:28","11:37,14:55,17:45,18:52",6.86,81.53
Alice Rodriguez,"09:16,11:02,14:14,18:14","10:22,13:08,17:04,18:37",6.43,64.71
Olivia Rodriguez,"09:06,11:04,14:18","10:15,13:37,15:48",5.2,57.41
Maria Brown,"09:11,11:38,14:58,18:02,20:22","10:29,13:50,17:14,19:23,21:03",7.8,90.85
James Brown,"09:27,11:19,13:13,16:48","10:36,12:28,15:38,17:06",5.02,73.72
Sophia Rodriguez,"09:27,11:14,14:38,17:57,20:25","10:42,13:09,16:47,19:29,21:18",7.75,76.16
Sophia Rodriguez,"09:01,12:38,15:57","11:25,15:02,17:26",6.29,87.88
Olivia Brown,"09:15,12:09,14:39,18:39","11:00,13:51,17:34,18:47",6.51,64.02
Emma Brown,"09:20,12:48,15:57,18:36","11:27,14:59,17:54,18:54",6.56,72.45
Emma Smith,"09:18,12:10,16:13,18:43","11:03,14:51,17:44,18:44",5.98,65.8
David Garcia,"09:16,11:23,15:06,18:09","10:31,14:12,17:05,18:39",6.56,61.67
Robert Smith,"09:07,11:50,16:04,19:37","10:58,14:35,18:30,20:19",7.74,89.88
Olivia Miller,"09:25,11:29,14:31,16:57,19:13","10:49,13:11,15:57,18:19,19:34",6.27,63.86
Alice Rodriguez,"09:25,12:26,14:30","11:11,13:28,15:47",4.09,84.28
David Davis,"09:24,12:58","12:03,15:15",4.95,52.88
Robert Jones,"09:09,11:46,14:11","11:10,13:19,16:06",5.49,72.17
Sophia Davis,"09:15,12:03,15:26","11:06,14:33,15:59",4.92,62.02
Robert Jones,"09:03,11:42,14:59","10:50,14:02,15:20",4.47,80.47
Emma Jones,"09:30,12:52,16:13","11:53,15:09,16:27",4.9,97.96
David Williams,"09:06,12:55,15:22,18:05","11:38,14:12,17:14,19:29",7.09,86.39
Sophia Rodriguez,"09:19,12:52,15:36","11:43,14:13,17:46",5.93,93.33
James Martinez,"09:15,11:39,14:29,18:25","10:24,13:31,17:20,19:18",6.77,52.64
Olivia Jones,"09:22,12:38,15:51","11:19,14:40,18:28",6.62,83.45
Michael Rodriguez,"09:21,12:37,14:52,17:34","11:39,13:43,16:26,18:21",5.75,96.68
David Davis,"09:17,12:00,15:12,18:01","10:47,14:27,17:08,18:41",6.56,88.12
Sophia Rodriguez,"09:09,12:37","11:45,14:06",4.08,82.57
Alice Jones,"09:22,11:52,15:08,17:48","11:01,14:18,16:19,18:08",5.61,91.2
Maria Jones,"09:15,12:48,15:01","11:45,14:28,15:22",4.53,55.7
Robert Brown,"09:21,11:20,14:15","10:24,13:10,15:40",4.32,75.41
Alice Brown,"09:01,11:37,15:20,18:51","10:34,14:21,17:41,19:53",7.68,91.84
Sophia Williams,"09:16,13:32,17:15","12:11,16:01,17:43",5.87,88.78
Olivia Garcia,"09:09,10:58,13:04,15:42,17:37","10:17,12:21,14:58,17:00,17:39",5.77,59.38
Michael Rodriguez,"09:28,12:32,16:27,19:42","11:27,15:18,18:52,20:04",7.54,58.87
Emma Davis,"09:04,11:35,14:01,16:31","10:39,13:22,15:39,18:36",7.1,69.86
James Jones,"09:21,12:08,15:40,17:57","11:02,14:24,17:13,19:20",6.9,69.96
Maria Garcia,"09:28,11:38,14:20","11:06,13:38,16:42",6.02,53.04
Michael Miller,"09:01,12:39","11:55,14:45",5.01,96.98
James Smith,"09:15,11:41,14:25","10:54,13:18,16:27",5.31,89.21
John Garcia,"09:00,12:50,14:59","11:41,14:21,15:09",4.38,59.18
James Jones,"09:13,11:35,15:03,16:58","10:54,14:22,16:09,19:04",7.68,73.21
Emma Miller,"09:17,11:32,14:01,17:10","10:41,13:15,16:10,19:25",7.52,77.18
David Rodriguez,"09:28,12:24,14:46","11:12,13:40,16:20",4.58,69.83
Sophia Smith,"09:22,11:28,14:47","10:33,13:58,15:53",4.79,78.77
Alice Garcia,"09:26,12:24,14:56,17:40,20:12","11:38,14:07,16:43,19:13,20:56",8,80.46
Olivia Rodriguez,"09:10,12:24,15:41","11:30,14:37,16:04",4.95,98.1
Robert Martinez,"09:05,12:21","11:13,14:25",4.21,55.42
David Miller,"09:11,11:54,15:17,19:17","10:31,14:20,18:14,19:33",7,69.72
Maria Smith,"09:18,12:49,15:10","11:26,14:32,15:33",4.25,63.73
Sophia Davis,"09:20,12:36,16:35,19:23","11:38,15:16,18:27,19:57",7.41,55.7
Emma Jones,"09:01,12:06,15:11,18:06","11:21,14:23,17:01,19:20",7.7,55.91
Maria Brown,"09:05,12:46,16:17","11:41,14:52,16:33",4.97,73.32
Robert Williams,"09:24,12:55,16:26","12:06,15:41,18:02",7.08,53.36
Olivia Rodriguez,"09:16,12:35,15:08","11:55,14:02,17:03",6.03,90.74
Alice Rodriguez,"09:28,12:02,14:58,17:32","10:57,14:10,16:36,18:39",6.38,69.51
Alice Brown,"09:08,12:29,16:38","11:44,15:29,18:14",7.21,50.42
Maria Smith,"09:18,12:19,15:29,18:40","11:17,14:28,17:49,20:06",7.91,74.8
Olivia Garcia,"09:22,12:47,16:03,18:03,20:03","12:04,15:00,17:17,19:07,20:30",7.68,65.67
John Johnson,"09:20,11:55,15:58,18:03,20:58","10:50,14:41,17:23,20:05,20:59",7.75,56.83
Olivia Jones,"09:12,11:28,14:33","10:15,13:33,17:15",5.85,54.26
John Davis,"09:03,11:47,14:31","10:52,13:48,16:41",6.01,67.18
Alice Brown,"09:19,12:41,15:29,18:07,21:26","11:27,14:13,17:05,20:27,21:38",7.81,54.27
Sophia Johnson,"09:15,13:01,15:08","11:42,14:23,16:54",5.59,64.31
Michael Garcia,"09:05,12:40,15:26,17:47","11:39,14:22,16:56,18:39",6.64,77.59
Maria Garcia,"09:14,12:26,16:01,19:17","11:12,14:35,18:45,19:37",7.19,60.13
Alice Davis,"09:26,13:13,16:15","11:48,15:20,18:14",6.48,54.31
Michael Miller,"09:16,12:23,15:54","10:56,14:39,16:25",4.45,94.71
John Smith,"09:15,11:38,15:25,17:31,20:05","10:34,14:17,16:39,19:11,20:44",7.53,57.76
Sophia Davis,"09:22,12:32,15:34,17:48","11:32,14:42,16:36,19:46",7.34,53.72
Sophia Brown,"09:23,13:11,16:41","12:03,15:34,16:50",5.2,69.66
Michael Smith,"09:16,13:02,15:28,18:18","11:50,14:28,17:15,18:43",6.21,90.37
Maria Jones,"09:07,11:28,14:32,17:34","10:42,13:36,16:22,18:07",6.1,97.07
Maria Brown,"09:14,12:46,15:56","11:32,14:41,16:59",5.27,82.39
James Smith,"09:05,12:26,16:03","11:29,15:07,18:03",7.09,58.12
Maria Williams,"09:22,12:23,14:36,16:57,19:06","11:27,13:41,15:53,18:06,21:02",7.76,77.33
John Johnson,"09:16,12:37","11:35,15:08",4.84,93.88
John Smith,"09:26,11:59,15:44,19:19","10:45,14:37,18:10,19:20",6.42,58.75
Maria Davis,"09:25,12:21,14:51","11:40,13:50,17:07",6.01,63.87
Alice Johnson,"09:13,12:20,14:41","11:19,13:33,16:12",4.84,74.08
Maria Davis,"09:29,13:09","12:12,14:29",4.06,63.19
Maria Williams,"09:07,12:29,15:41","11:32,14:13,16:38",5.1,75.7
Olivia Johnson,"09:12,12:51,16:07,18:12","11:52,15:14,17:18,18:53",6.93,93.37
David Davis,"09:21,12:27,14:24","11:34,13:31,15:52",4.76,77.28
Michael Smith,"09:29,12:53","11:55,14:54",4.46,90.74
Maria Brown,"09:15,12:05,15:22,19:19","11:07,14:23,18:19,20:06",7.92,85.23
Alice Miller,"09:21,13:06,14:51,18:05","12:03,14:10,17:17,19:13",7.33,74.22
James Rodriguez,"09:16,11:37,13:41,16:44","11:02,12:39,15:28,18:50",6.68,57.44
Maria Martinez,"09:22,12:15,15:43,19:28","10:52,14:26,18:14,20:29",7.23,58.96
David Williams,"09:30,12:14,14:39,18:21","11:17,13:34,17:23,19:34",7.08,68.89
James Martinez,"09:21,11:37,14:39","10:25,13:34,16:01",4.39,73.04
Robert Rodriguez,"09:30,13:29","12:14,16:06",5.36,53.47
Alice Rodriguez,"09:06,12:55,15:51,19:05","11:32,14:54,17:57,20:22",7.81,78.81
Sophia Davis,"09:03,12:07,14:26,17:52","11:08,13:12,16:52,18:28",6.2,78.1
Emma Jones,"09:05,11:22,14:44,17:57","10:20,13:34,16:56,19:01",6.72,55.17
Sophia Martinez,"09:22,12:51,15:50","11:53,14:39,16:38",5.12,89.69
Maria Rodriguez,"09:05,11:16,14:29,17:23","10:12,13:37,16:47,17:38",6.02,67.07
Maria Jones,"09:15,11:54,15:53","11:04,14:51,16:48",5.7,88.57
James Jones,"09:11,11:49,14:42","10:49,13:46,17:12",6.09,88.13
Olivia Jones,"09:06,12:43,15:26,18:52","11:49,14:16,17:23,19:42",7.06,75.28
Maria Miller,"09:12,12:40,16:16,18:17","11:17,15:16,17:25,18:56",6.49,60.73
Maria Smith,"09:29,11:45,14:31,17:24,20:29","10:40,13:58,16:19,19:35,20:57",7.86,79.01
Olivia Rodriguez,"09:20,12:57,16:36","11:51,15:39,19:09",7.77,85.9
John Garcia,"09:21,12:21,15:27","11:06,14:52,15:28",4.29,51.47
Robert Davis,"09:13,11:02,13:27,15:19","10:14,12:29,14:38,16:22",4.7,65.24
John Johnson,"09:26,13:16,16:07","11:56,15:20,16:18",4.75,88.02
David Brown,"09:08,11:29,13:29,16:46","10:22,12:40,16:01,18:32",6.73,73.62
Olivia Smith,"09:07,12:44,14:44,18:06","11:34,13:49,17:00,19:14",6.95,87.48
Sophia Garcia,"09:17,12:16,15:35","11:09,14:32,16:50",5.39,50.16
Michael Martinez,"09:26,12:22,16:01,18:14","11:19,15:05,17:17,19:33",7.19,59.75
James Miller,"09:06,12:47,15:29","11:31,14:27,15:31",4.13,72.91
Emma Smith,"09:13,12:20,15:57","11:35,15:01,17:00",6.11,55.74
John Williams,"09:15,12:12,15:36","11:02,14:37,16:15",4.86,91.71
Robert Brown,"09:25,12:07,15:33,19:44","10:59,14:15,18:32,20:10",7.13,54.13
Olivia Miller,"09:28,12:03,14:05,15:51","10:43,13:23,15:17,17:26",5.38,84.88
James Garcia,"09:04,11:58,14:28,17:08","10:54,13:31,16:12,17:25",5.41,74.85
Sophia Johnson,"09:04,10:45,13:33,16:37,19:03,21:17","10:09,12:29,15:17,18:00,20:24,21:23",7.4,77.2
Emma Martinez,"09:00,12:05,15:57","11:07,14:44,15:59",4.81,65.67
Sophia Martinez,"09:24,12:55,16:10,18:20","11:52,14:42,17:20,19:19",6.4,90.49
James Johnson,"09:28,12:51,16:07","12:02,14:57,18:02",6.59,58.07
John Johnson,"09:00,12:07,15:17,19:03","11:22,14:13,17:40,19:13",7.03,97.86
Sophia Brown,"09:21,12:33,14:54,17:42","11:28,14:11,16:55,19:27",7.53,95.59
Emma Martinez,"09:25,11:26,14:15","10:34,13:10,15:58",4.6,87.17
Sophia Brown,"09:22,12:52,15:52,18:35","11:46,15:21,17:31,18:37",6.58,86.67
Maria Rodriguez,"09:22,11:54,15:07,17:07","11:12,14:16,16:27,17:36",6.03,50.92
Maria Jones,"09:06,12:36,16:43,19:41","11:16,15:31,18:27,19:49",6.97,66.1
Michael Martinez,"09:29,11:46,15:17","11:07,14:21,15:49",4.77,75.15
Alice Martinez,"09:11,12:18,15:12","11:07,14:06,15:41",4.23,96.95
Emma Garcia,"09:05,11:34,14:42","10:54,14:04,15:36",5.22,73.54
Maria Miller,"09:12,10:53,14:33","10:19,13:36,16:52",6.15,61.47
James Brown,"09:30,12:26","11:35,15:03",4.71,62.98
Michael Miller,"09:05,11:32,13:27,16:37,19:18","10:36,12:47,15:47,18:39,19:56",7.78,77.95
Sophia Williams,"09:12,12:29,14:28","11:40,13:42,14:51",4.07,54.19
Emma Jones,"09:27,12:38,14:40","11:39,13:46,16:09",4.83,75.36
John Martinez,"09:17,13:20","12:15,15:09",4.79,77.07
David Smith,"09:06,12:18,14:47","11:31,14:01,16:11",5.54,80.02
John Williams,"09:12,11:35,14:42","10:38,13:57,16:15",5.36,85.67
Michael Garcia,"09:19,13:11","12:04,14:37",4.2,87.05
James Rodriguez,"09:29,12:46,16:30","11:43,15:34,17:36",6.13,54.06
Michael Williams,"09:03,11:20,15:09,17:43","10:25,13:54,16:32,18:52",6.47,90.63
James Jones,"09:01,11:38,13:39","10:51,12:39,16:35",5.79,98.58
Robert Williams,"09:22,12:37,15:19,18:31","11:21,14:30,17:41,19:52",7.58,69.19
James Miller,"09:29,11:38,14:09","10:44,12:55,16:09",4.54,65.87
David Miller,"09:13,11:30,13:49,17:47","10:43,12:51,16:48,18:27",6.51,85.2
John Rodriguez,"09:19,11:53,14:33","11:12,13:28,16:24",5.33,89.39
John Johnson,"09:15,12:40,16:18","11:49,15:14,17:14",6.07,90.38
James Jones,"09:20,12:31,14:52","11:29,13:51,15:59",4.62,63.27
David Brown,"09:21,12:16,15:11,17:23","11:28,14:09,16:11,18:15",5.88,62.86
Robert Jones,"09:25,11:23,14:49","10:25,13:32,16:13",4.56,53.84
David Miller,"09:20,12:35,16:17,18:37","11:45,14:56,17:45,19:13",6.84,86.07
Maria Smith,"09:24,11:31,14:40,17:23","10:36,13:54,16:01,19:27",7.01,78.83
Sophia Smith,"09:09,13:00,15:26","11:59,14:24,16:06",4.91,76.81
Robert Rodriguez,"09:00,12:24,14:20,16:43","11:16,13:32,15:35,19:27",7.4,79.19
John Williams,"09:18,12:31,15:30,17:53","11:35,14:30,16:51,18:15",5.99,86.56
James Williams,"09:08,11:53,14:32","11:05,13:40,15:35",4.79,60.02
Emma Smith,"09:22,12:40,14:45,17:57","11:41,13:57,16:57,18:54",6.76,87.35
Emma Johnson,"09:09,12:03,16:05,19:16","10:42,15:01,18:09,19:52",7.19,65.06
Michael Martinez,"09:21,11:37,14:39,18:06","10:25,13:34,16:49,18:38",5.73,62.71
John Brown,"09:15,11:44,15:46,18:29","10:44,14:43,17:38,18:36",6.45,80.99
James Garcia,"09:14,11:44,15:05","10:53,14:06,16:04",5.01,95.17
Sophia Martinez,"09:21,12:22","11:32,14:57",4.77,70.23
James Jones,"09:16,12:02,15:59","10:45,15:00,16:58",5.44,98.93
Emma Williams,"09:08,12:43,16:02,19:24","11:19,15:00,17:59,19:43",6.75,95.99
Maria Smith,"09:15,13:15,15:33,18:31","12:13,14:27,17:16,20:08",7.52,87.39
David Williams,"09:23,12:27,15:06,17:31","11:34,14:07,16:31,18:09",5.9,62.93
Michael Williams,"09:18,11:06,13:17,15:55","10:22,12:20,14:30,17:49",5.42,68.88
Sophia Williams,"09:30,12:00,14:56","11:29,14:03,14:58",4.08,78.69
Emma Garcia,"09:14,12:20,14:59","11:14,14:13,17:09",6.05,61.95
Maria Rodriguez,"09:24,11:40,15:38,19:09","11:05,14:39,18:10,19:40",7.72,70.68
Maria Garcia,"09:15,11:27,14:27","10:33,13:19,16:28",5.19,66.03
Maria Garcia,"09:30,12:09,14:44,17:49","11:11,13:43,16:42,18:36",6.01,99.71
Olivia Davis,"09:01,12:19,15:24","11:34,14:24,15:48",5.03,93.78
Olivia Martinez,"09:06,12:16,16:06","11:13,15:13,16:48",5.78,95.46
Michael Smith,"09:03,12:03","10:58,14:22",4.25,61.67
James Garcia,"09:22,12:03,14:36","11:06,13:48,15:45",4.65,90.64
John Jones,"09:26,12:46","11:50,14:24",4.04,57.73
Olivia Smith,"09:11,12:32,15:07,17:39","11:43,13:48,16:55,17:45",5.72,78.65
Michael Brown,"09:25,12:22,14:35,17:20","11:43,13:37,16:29,18:07",6.25,64.71
Robert Johnson,"09:05,11:45,15:34","10:36,14:29,16:15",4.94,68.76
David Jones,"09:29,11:46,14:35","11:06,13:40,15:25",4.35,95.5
Maria Williams,"09:29,11:41,14:38,16:31,18:38","10:44,13:14,15:46,17:35,20:50",7.21,66.22
Alice Smith,"09:26,12:51","12:04,14:54",4.7,63.64
David Martinez,"09:00,11:23,14:32","10:04,13:53,16:08",5.17,78.02
Olivia Johnson,"09:08,12:21,16:26","11:21,15:15,18:03",6.75,69.11
Maria Brown,"09:17,11:47,14:00,16:04","10:49,12:53,15:02,17:19",4.93,93.26
Robert Davis,"09:24,12:39,16:10","11:15,15:13,17:35",5.85,62.12
Maria Rodriguez,"09:28,13:12,15:41,18:33,22:00","12:18,14:23,17:19,20:33,22:14",7.89,89.75
Maria Rodriguez,"09:27,11:16,14:55,17:14,19:21","10:32,13:37,16:40,18:20,19:58",6.91,62.73
Alice Rodriguez,"09:13,13:19,16:31","12:10,15:42,17:20",6.15,90.26
Olivia Johnson,"09:06,11:19,14:39,17:12,19:17","10:08,13:13,16:19,18:23,20:43",7.23,53.83
Sophia Brown,"09:13,11:03,13:34,17:06","10:18,12:35,15:57,17:14",5.13,70.72
Michael Brown,"09:28,13:15,15:17,18:40","11:54,14:38,17:35,19:49",7.28,70.57
Alice Miller,"09:29,11:56,14:49","10:44,13:58,15:51",4.33,80.59
Sophia Davis,"09:09,11:31,13:52,17:23","10:26,12:52,16:26,17:40",5.5,64.54
Olivia Garcia,"09:08,11:11,15:12,17:38","10:12,14:08,16:25,18:12",5.81,80.37
David Brown,"09:20,12:24,15:08","11:21,13:45,16:59",5.22,75.1
David Williams,"09:25,13:10,17:23","12:06,16:05,19:13",7.44,84.68
Alice Garcia,"09:05,12:35,16:16","11:19,14:49,17:36",5.8,67.35
Robert Martinez,"09:27,12:12,15:00,18:21","11:01,14:09,17:09,19:24",6.73,80.32
Michael Jones,"09:17,12:16,14:57","11:20,14:00,16:52",5.71,64.23
Michael Williams,"09:12,11:13,13:59","10:16,12:47,15:39",4.31,99.34
Sophia Miller,"09:01,11:57,15:59","11:02,14:44,18:08",6.97,55.32
Maria Miller,"09:08,12:23,14:24,16:34","11:36,13:39,15:32,17:12",5.51,57.85
Michael Williams,"09:25,11:45,14:13","10:53,13:04,16:16",4.85,87.73
Alice Rodriguez,"09:07,11:29,13:17,16:18,19:14","10:14,12:30,15:00,18:18,20:31",7.14,98.77
Alice Jones,"09:24,11:44,14:42","10:45,13:44,17:21",6.01,64.61
Olivia Johnson,"09:28,12:40,15:28,18:22,20:40","11:38,14:14,17:19,19:28,21:48",7.83,64.21
David Williams,"09:10,12:32,15:48,18:46","11:18,14:53,17:43,19:27",7.1,66.79
Olivia Williams,"09:30,11:48,14:28,18:25","11:13,13:51,17:19,18:30",6.71,70.67
Alice Jones,"09:14,12:30,14:32,17:17","11:32,13:55,16:21,17:20",5.6,64.46
Olivia Smith,"09:19,12:00,14:28,16:46","10:40,13:16,15:47,17:41",4.86,93.84
David Garcia,"09:28,12:04,15:42","10:50,14:55,16:01",4.54,94.17
Maria Martinez,"09:25,12:48,15:12,17:47","11:59,14:27,16:58,18:17",6.49,65.83
David Garcia,"09:06,12:11,14:47,17:51","11:12,13:30,17:20,18:55",7.03,70.81
Emma Miller,"09:00,12:12,15:26","11:08,14:24,17:02",5.95,97.82
Alice Davis,"09:01,11:01,13:38,17:59","10:15,12:57,16:35,18:31",6.65,94.02
Olivia Garcia,"09:29,12:45,15:24","11:46,14:27,17:34",6.16,58.94
John Davis,"09:30,12:16,15:16","11:19,14:26,15:55",4.65,60.12
John Brown,"09:24,11:39,15:05,18:38","10:33,14:23,17:41,19:02",6.9,73.92
David Garcia,"09:30,12:32,15:15","11:33,14:28,16:34",5.3,70.06
James Rodriguez,"09:21,11:38,13:36,16:30,20:23","10:36,12:49,15:12,18:57,21:44",7.84,71.98
James Miller,"09:07,12:50,17:02","11:43,15:43,17:39",6.1,58
David Williams,"09:14,11:33,14:03","10:32,13:10,15:19",4.2,55.92
Alice Brown,"09:18,12:09,15:42","11:29,14:21,15:57",4.65,68.51
Michael Miller,"09:25,12:19,15:35","10:49,14:24,16:08",4.04,84.76
Emma Martinez,"09:27,12:02,14:57,18:42","10:57,14:09,17:43,19:42",7.39,89.1
James Miller,"09:11,11:29,14:24","10:35,13:21,16:20",5.22,91.81
Maria Jones,"09:03,12:43,15:45","11:35,14:45,15:58",4.79,96.31
Robert Brown,"09:23,13:09","12:03,15:54",5.42,67.02
Emma Brown,"09:04,12:00,13:47,15:53,18:32,21:12","10:37,13:04,15:00,17:30,19:57,21:14",6.91,56.25
David Brown,"09:16,13:06,15:37,17:40,19:59","12:07,14:20,16:47,19:22,20:35",7.55,80.44
James Brown,"09:28,12:37,16:39,18:26","11:17,15:25,17:40,19:18",6.5,85.22
Robert Brown,"09:00,11:21,14:01,16:32,19:34","10:29,12:44,15:07,18:49,20:16",6.97,76.61
Emma Garcia,"09:24,11:20,13:21,17:28","10:35,12:43,16:18,19:25",7.48,79.16
Sophia Jones,"09:22,13:22,17:12,19:09","12:05,16:21,18:20,19:33",7.24,67.35
Sophia Rodriguez,"09:23,11:09,14:49,17:41,20:07","10:24,13:50,16:25,19:02,20:40",7.2,56.93
Alice Garcia,"09:03,12:08,14:21,16:49,19:20","11:09,13:32,15:54,18:06,20:58",7.98,87
John Martinez,"09:09,12:21,16:26","10:55,15:01,19:00",7.01,76.96
Alice Garcia,"09:14,12:22,15:42,18:21","11:18,14:40,17:28,20:06",7.88,96.37
John Rodriguez,"09:03,12:16,16:14","11:30,15:07,18:28",7.54,66.41
Michael Brown,"09:24,12:19,14:21,18:05","11:31,13:21,17:05,18:08",5.95,56.75
James Davis,"09:20,12:20,14:13,16:47","11:17,13:29,15:46,18:40",6.55,54.03
Sophia Brown,"09:13,12:48,15:48,18:59","11:35,15:02,17:40,20:03",7.54,72.56
Olivia Miller,"09:29,13:33,16:16","12:06,15:17,18:41",6.78,54.15
James Jones,"09:16,12:27,15:45,18:18","11:37,14:35,16:59,18:50",6.26,64.47
Maria Johnson,"09:20,13:20,16:17,18:46","12:06,15:14,17:47,19:50",7.24,77.44
John Davis,"09:07,12:17,15:48","11:02,15:11,17:03",6.07,55.77
Emma Johnson,"09:17,11:11,13:47,15:37","10:20,12:55,14:55,16:20",4.64,85.34
Emma Rodriguez,"09:30,12:02,15:15,18:34","10:58,14:02,17:35,19:00",6.25,94.27
Michael Johnson,"09:15,11:16,13:37,17:01","10:29,12:33,16:00,18:47",6.67,92.5
Maria Rodriguez,"09:24,11:24,14:49,18:15","10:42,13:48,17:20,19:07",7.08,73.67
David Brown,"09:23,12:35,16:08,18:29","11:41,15:05,17:43,19:10",7.08,78.15
Robert Smith,"09:14,11:18,13:34,17:35","10:22,12:37,16:32,19:09",7,69.51
Sophia Williams,"09:14,11:46,14:45,17:25","10:48,14:02,16:37,18:15",6.54,51.48
Sophia Miller,"09:02,12:58,16:31","12:01,15:33,17:09",6.21,59.71
Emma Miller,"09:07,12:27,15:15","11:38,14:14,15:23",4.44,54.34
John Rodriguez,"09:14,12:06,14:39","11:03,13:38,15:20",4.03,82.08
John Miller,"09:08,12:30,15:28","11:30,14:21,15:38",4.39,65.35
Michael Williams,"09:25,12:59,16:18","11:53,15:18,18:41",7.17,54.8
James Smith,"09:12,12:30,14:44","11:07,13:52,16:49",5.38,59.39
Alice Johnson,"09:28,12:18,15:12,17:53","10:51,14:05,16:48,20:32",7.42,76.01
David Rodriguez,"09:01,11:18,15:04","10:09,13:57,15:44",4.46,61.5
Michael Brown,"09:14,13:05,16:11,19:48","12:10,15:20,18:47,19:54",7.89,84.23
Emma Garcia,"09:29,13:25,15:31,17:57,20:53","12:17,14:29,16:52,19:32,21:36",7.53,85.17
John Johnson,"09:23,13:00,15:51","12:12,15:10,17:28",6.61,88.11
John Johnson,"09:20,11:41,15:41","10:39,14:32,16:01",4.5,52.68
Olivia Garcia,"09:06,11:05,14:15,16:30","10:15,13:14,15:35,16:33",4.7,80.56
Olivia Jones,"09:25,12:26,14:54,18:24,21:05","11:15,13:58,17:13,19:37,21:08",6.95,98.44
Alice Johnson,"09:07,13:05,16:27","11:57,15:29,17:50",6.63,99.09
Alice Brown,"09:08,12:28,15:17,18:11","11:51,14:23,16:59,18:47",6.95,61.72
David Miller,"09:09,11:55,14:38,18:13","11:01,13:35,17:18,18:42",6.69,73.32
Robert Johnson,"09:11,12:23,14:57","11:08,13:48,16:50",5.25,95.22
Michael Rodriguez,"09:21,11:48,15:34,18:49","11:12,14:12,17:45,18:49",6.45,50.19
David Miller,"09:16,13:09","12:01,15:11",4.8,79.3
Robert Brown,"09:16,11:54,14:52,17:30","10:40,14:14,16:25,18:12",5.99,64.97
James Jones,"09:21,11:51,14:51,17:05,19:14","10:37,14:00,15:59,18:26,20:14",6.91,56.32
David Rodriguez,"09:17,12:22,15:17,18:06","11:33,14:21,16:51,18:15",5.97,58.72
Sophia Miller,"09:06,11:09,15:01,18:18","10:33,13:43,17:13,19:13",7.14,78.75
James Jones,"09:28,12:56,16:42,18:41","11:51,15:44,18:09,18:44",6.7,52.06
David Martinez,"09:03,11:44,15:00,16:52","10:33,14:12,16:18,17:39",6.05,71.44
Sophia Johnson,"09:29,12:54,15:22","12:04,14:30,16:44",5.56,88.68
David Miller,"09:23,12:05,15:11,18:04","10:45,13:56,17:20,19:45",7.06,83.31
Alice Johnson,"09:21,12:44,15:18,17:29","11:32,14:26,16:21,19:54",7.35,64.25
James Rodriguez,"09:01,12:34,15:55","11:59,14:51,17:52",7.21,58.47
John Garcia,"09:03,11:31,13:50,16:06,18:04,20:34","10:22,13:14,15:16,17:15,19:30,20:52",7.36,57.97
James Garcia,"09:25,11:38,14:42,17:32","10:53,13:30,16:56,18:12",6.24,86.67
Michael Martinez,"09:11,12:27,15:22,18:23","11:24,14:37,17:42,19:06",7.44,89.21
Olivia Davis,"09:16,11:50","11:03,14:11",4.15,62.31
Maria Williams,"09:00,12:04,15:30,17:44","11:06,14:36,16:31,18:21",6.28,65.48
Michael Brown,"09:26,13:11,15:12,18:48","12:14,14:12,18:01,19:26",7.28,71.26
Alice Martinez,"09:23,11:53,14:58","10:42,13:56,16:54",5.31,68.35
Olivia Williams,"09:27,11:53,15:25","10:46,14:41,15:44",4.43,59.89
James Miller,"09:26,12:26,15:04","11:32,14:15,16:21",5.22,54.23
John Williams,"09:30,11:41,14:40,18:42","10:46,13:43,17:32,20:00",7.48,51.76
Michael Davis,"09:12,13:04,15:30","12:09,14:24,17:25",6.21,56.28
Alice Martinez,"09:24,12:54,14:50,18:34,21:09","11:48,13:59,17:35,19:59,21:29",7.99,87.16
David Brown,"09:17,11:54,13:33,16:59","11:06,12:57,16:03,18:19",6.71,86.96
Olivia Rodriguez,"09:16,12:40,15:26","11:36,14:37,15:26",4.3,65.12
James Davis,"09:06,11:32,13:56,17:25","10:52,12:58,16:31,18:27",6.83,99.03
David Brown,"09:11,12:13,14:28,17:24","11:19,13:33,16:34,17:47",5.95,60.41
Sophia Davis,"09:16,12:04,15:47","11:03,14:41,16:31",5.15,68.34
Emma Davis,"09:28,12:50,15:49","12:05,14:42,16:55",5.59,81.08
Maria Smith,"09:20,12:50,16:30","11:54,15:18,19:07",7.65,72.17
Robert Smith,"09:26,12:11,15:30","11:29,14:04,16:12",4.65,62.9
John Smith,"09:02,12:27,16:12","11:36,15:14,18:21",7.51,60.28
Robert Johnson,"09:28,12:29","11:38,14:30",4.19,79.56
Robert Rodriguez,"09:20,11:15,14:55","10:24,13:34,16:01",4.5,87.05
Robert Martinez,"09:19,11:38,13:56,16:38","10:39,13:01,15:35,17:38",5.37,60.72
Alice Garcia,"09:12,12:46,16:29,18:48","11:33,15:36,17:52,19:37",7.39,71.47
David Jones,"09:01,12:10,14:59,16:59","11:10,14:19,16:07,19:29",7.95,64.18
Emma Williams,"09:01,12:44,15:24,17:53","11:54,14:11,16:42,17:53",5.64,95.15
Michael Garcia,"09:00,12:37,14:44,18:41","11:29,13:40,17:36,20:02",7.76,97.07
Alice Rodriguez,"09:23,13:05,16:44","11:57,15:46,17:16",5.8,61.92
Emma Jones,"09:04,12:48","11:55,14:51",4.91,89.57
Alice Garcia,"09:02,11:47,14:34,16:47","10:38,13:43,15:49,17:12",5.21,82.95
Michael Rodriguez,"09:29,13:05","11:59,14:52",4.3,88.07
Sophia Smith,"09:12,13:16,17:24,19:19","12:10,16:02,18:38,20:07",7.77,71.5
Emma Garcia,"09:02,12:38,16:33","11:31,15:18,18:37",7.22,94.09
James Jones,"09:02,11:20,14:58","10:12,14:15,15:29",4.61,68.97
James Smith,"09:23,11:37,15:15,19:26","10:39,14:15,18:15,20:17",7.76,69.47
Olivia Johnson,"09:08,12:11","10:51,14:29",4.02,65.9
Robert Jones,"09:14,12:24,16:09,19:51","11:33,14:59,18:29,19:56",7.33,51.6
Sophia Jones,"09:09,11:25,13:42,16:36,20:30","10:13,12:38,15:57,19:08,20:33",7.12,66.97
Olivia Williams,"09:29,12:29,14:42,17:31","11:28,13:46,16:24,18:15",5.71,84.62
Emma Jones,"09:28,13:04","12:13,15:17",4.97,88.73
John Rodriguez,"09:13,12:49,15:47","11:48,14:40,17:37",6.28,94.44
Maria Brown,"09:23,13:18","12:03,15:44",5.1,82.05
Maria Garcia,"09:12,12:29,15:48,18:08","11:15,14:47,17:05,19:27",6.96,72.81
John Davis,"09:17,12:39,15:37,17:58","11:29,14:11,16:55,20:34",7.65,68.96
David Smith,"09:15,12:29","11:48,13:59",4.06,61.98
James Jones,"09:30,12:12,16:24,19:30","10:43,15:08,18:34,19:37",6.45,80.58
Michael Rodriguez,"09:19,12:41,15:01","11:30,14:18,17:00",5.79,84.74
Michael Jones,"09:16,12:59,16:34,19:45","11:36,15:50,18:38,20:12",7.71,68.12
Alice Miller,"09:24,12:15,16:13,19:30","11:21,15:14,18:32,20:12",7.96,53.51
Emma Garcia,"09:07,12:24,16:34","11:16,15:17,17:43",6.2,83.19
Robert Smith,"09:20,11:39,15:39,18:34","10:39,14:38,17:46,19:24",7.26,94.99
Robert Jones,"09:12,13:06,15:04","11:38,14:13,16:10",4.66,80.48
Sophia Miller,"09:17,12:02,16:00","11:02,14:49,16:12",4.74,55.53
Michael Jones,"09:15,12:28","11:27,14:55",4.66,72.64
Robert Jones,"09:03,11:33,15:08,18:32","10:25,13:52,17:32,19:15",6.81,71.21
Alice Davis,"09:03,11:16,13:48","10:28,13:08,15:48",5.29,93.42
Maria Smith,"09:17,11:41,15:42,19:18","10:31,14:24,18:33,19:24",6.91,83.44
James Miller,"09:04,11:18,14:28","10:35,13:35,15:42",5.05,84.02
Michael Rodriguez,"09:06,12:42,15:30,18:26","11:21,14:51,17:10,19:37",7.26,80.36
Maria Davis,"09:22,13:17","11:56,15:55",5.21,59.23
Michael Miller,"09:30,12:08,15:29,19:17","11:09,14:50,18:15,19:33",7.38,78.41
Maria Martinez,"09:15,11:36,14:26,17:16","10:43,13:41,16:11,18:43",6.75,98.2
Michael Rodriguez,"09:03,11:39,13:43,17:07","10:41,12:49,15:52,18:02",5.87,68.59
John Jones,"09:21,11:15,13:46","10:21,12:42,16:05",4.78,51.09
Emma Rodriguez,"09:15,11:52,14:54,17:18","10:47,14:17,16:21,17:34",5.67,75.89
David Brown,"09:09,12:51,15:20,19:32","11:58,13:59,18:14,19:55",7.24,52.38
Michael Miller,"09:23,11:58,14:16,16:27","10:58,13:39,15:32,16:30",4.59,70.58
Alice Smith,"09:10,12:10,14:56,18:34","11:11,13:43,17:39,20:07",7.84,71
James Rodriguez,"09:21,13:02,15:20,17:21,19:40","11:41,14:25,16:34,18:22,20:46",7.07,97.68
David Jones,"09:18,12:03,16:28,18:59","11:03,15:01,17:40,20:02",6.97,60.71
Michael Rodriguez,"09:25,12:27,14:55,18:50","11:11,14:02,17:42,20:11",7.5,69.61
James Johnson,"09:27,12:50","12:13,14:59",4.92,86.41
Emma Rodriguez,"09:29,12:41,15:06,17:44,20:20","11:44,14:05,17:02,19:20,20:46",7.63,62.4
Michael Martinez,"09:11,11:58,13:46,17:12","10:55,12:58,16:03,17:47",5.61,63.55
Michael Martinez,"09:24,12:17,14:28,18:14","11:01,13:39,17:20,18:44",6.35,74.53
Sophia Jones,"09:15,11:34,14:43,17:28","10:35,13:21,16:45,17:32",5.23,63.99
John Martinez,"09:16,12:19,15:08","11:34,14:24,15:25",4.68,73.53
Maria Brown,"09:09,11:37,15:35","10:55,14:19,17:17",6.17,92.98
Maria Smith,"09:02,11:17,14:42,17:27","10:06,14:04,16:12,17:34",5.47,61.12
Michael Brown,"09:15,11:40,15:01,17:52","10:26,13:51,16:55,19:51",7.25,87.55
Maria Smith,"09:18,11:35,14:52,18:39","10:27,14:00,17:27,19:10",6.68,81.18
Robert Davis,"09:11,11:40,15:39","10:32,14:34,15:55",4.53,79.03
Michael Williams,"09:15,13:06,17:00,19:39","12:14,15:36,18:21,19:47",6.97,60.81
Michael Davis,"09:11,11:12,13:39,15:49,19:21","10:14,12:49,14:40,18:25,20:20",7.27,66.16
Alice Garcia,"09:21,12:25,15:47,18:11","11:30,15:13,16:56,19:46",7.7,81.35
James Smith,"09:28,11:37,13:18,16:15,18:12","10:36,12:39,15:22,17:29,18:50",6.11,96.07
John Rodriguez,"09:19,11:18,14:30,17:34,20:34","10:44,13:36,16:32,19:34,20:46",7.96,56.61
Robert Rodriguez,"09:10,11:08,14:31,17:50","10:11,13:18,16:46,18:18",5.91,63.56
Robert Johnson,"09:17,11:51,15:11","11:00,14:05,17:01",5.78,76.35
Alice Johnson,"09:26,12:11,14:53,17:40,20:41","11:20,13:45,16:39,19:49,21:01",7.72,89
Michael Martinez,"09:07,12:07,15:13","11:23,14:01,15:42",4.66,66.38
Maria Davis,"09:13,11:48,14:14,18:18","11:04,13:09,17:01,18:40",6.35,74.85
Emma Jones,"09:11,11:39,15:10","10:23,14:18,16:27",5.13,52.18
Olivia Miller,"09:14,12:02,15:13,17:07,20:15","11:19,14:20,16:14,19:10,20:39",7.86,62.9
John Davis,"09:30,12:03,14:26,18:22","10:52,13:24,17:02,19:41",6.64,64.69
Maria Martinez,"09:15,12:24,15:34","11:37,14:39,16:27",5.51,77.99
James Williams,"09:13,13:19,16:04,19:02","12:12,14:44,17:46,20:22",7.44,83.21
Emma Brown,"09:12,12:19,14:40,17:20","11:01,13:50,16:09,18:46",6.25,77.56
Emma Garcia,"09:18,13:01,15:36","11:44,14:38,16:05",4.55,79.34
David Brown,"09:12,12:08,14:57","11:23,14:04,16:09",5.33,51.78
John Martinez,"09:03,10:41,14:21,17:28","10:03,13:24,16:46,18:51",7.52,52.44
James Johnson,"09:16,12:20,14:31,18:48","11:12,13:26,17:26,20:34",7.73,58.23
Robert Johnson,"09:17,12:23,15:12,18:03","11:25,14:04,17:00,19:54",7.48,72.9
Sophia Johnson,"09:01,12:15,14:01,17:47","11:01,13:17,16:45,18:25",6.41,51.88
James Williams,"09:24,12:13,14:55,16:51","11:10,14:16,16:07,19:27",7.63,58.94
Alice Garcia,"09:28,11:19,13:29,15:48,18:09,20:34,22:27","10:29,12:35,14:37,17:19,19:16,21:42,22:35",7.32,82.41
Maria Smith,"09:24,13:00,15:57","12:07,14:49,18:48",7.4,76.19
Emma Johnson,"09:14,12:31,15:42","11:29,14:39,16:54",5.58,80.99
David Williams,"09:00,12:16,14:07,17:56","11:36,13:25,16:59,19:01",7.71,92.76
Robert Davis,"09:14,11:27,14:44,17:30","10:28,13:50,16:43,18:20",6.45,63.46
Sophia Jones,"09:18,12:04,15:01","11:12,13:55,16:14",4.98,52.42
Sophia Davis,"09:16,12:38,16:37,19:44","11:35,15:30,19:03,20:03",7.95,53.13
Maria Martinez,"09:00,12:21,14:42,17:45","11:30,13:47,17:01,18:17",6.8,70.27
Olivia Davis,"09:12,12:10,15:35","11:04,14:50,17:26",6.39,63.14
Alice Martinez,"09:17,12:11,14:40,17:28,19:46","10:44,13:49,16:22,18:39,20:51",7.06,90.58
John Smith,"09:27,11:29,14:08","10:29,13:29,15:45",4.65,87.58
Robert Williams,"09:00,11:29,13:36,15:18,18:14","10:26,12:32,14:37,17:15,19:54",7.13,51.68
James Davis,"09:14,12:55,15:23,18:43","11:58,14:07,17:54,18:51",6.59,69.34
Sophia Garcia,"09:03,11:08,13:40,15:47,18:57","10:29,12:30,14:54,17:58,19:33",6.83,96.94
John Martinez,"09:00,12:03","11:08,14:19",4.41,73.16
John Miller,"09:06,12:07,14:55","10:53,13:59,16:11",4.93,72.21
Maria Williams,"09:16,11:49,14:57","10:55,13:47,16:19",4.99,97.86
Emma Rodriguez,"09:01,12:51,15:11,18:54","11:50,14:27,17:54,19:12",7.44,86.5
Alice Brown,"09:05,11:22,14:38,17:10","10:25,14:00,16:01,18:02",6.23,52.34
Olivia Davis,"09:23,13:09,15:33","12:01,15:01,17:24",6.35,58.95
Sophia Miller,"09:16,12:42","11:34,15:19",4.92,61.94
Emma Garcia,"09:02,11:20,13:43,16:09,18:10","10:10,12:51,15:12,17:20,18:17",5.44,57.07
James Jones,"09:19,13:07,15:11,17:44","11:59,14:10,16:32,20:00",7.35,79.65
Olivia Jones,"09:12,12:46,15:07,17:46","11:32,14:17,17:04,19:31",7.56,70.02
Olivia Williams,"09:11,11:36,14:23","10:22,13:43,15:52",4.8,56.6
James Martinez,"09:17,12:02,15:59","10:51,15:01,18:08",6.7,71.82
Alice Johnson,"09:29,12:38,14:52","11:33,13:54,16:41",5.17,76.63
John Miller,"09:14,11:39,14:27","10:38,13:24,16:08",4.83,63.79
Emma Smith,"09:12,12:05,14:24,18:20","11:13,13:35,17:24,18:21",6.54,58.21
Emma Williams,"09:03,13:05,15:31,17:25,19:15","11:42,14:26,16:36,18:31,20:00",6.94,95.59
Sophia Davis,"09:13,12:05,16:01","11:05,14:55,16:03",4.74,91.39
Emma Johnson,"09:04,11:37,15:14,18:37","10:41,14:26,17:31,18:59",7.09,80.09
Sophia Rodriguez,"09:00,10:48,13:06,15:32,18:25","10:06,12:07,14:38,17:39,19:28",7.12,98.95
Emma Brown,"09:28,11:42,15:16,17:44","10:36,14:15,16:36,20:19",7.6,84.74
James Brown,"09:06,12:11,14:54","11:04,13:47,16:37",5.3,94.98
David Miller,"09:29,13:06,15:35,19:31","12:19,14:33,18:20,20:28",8,82.52
Michael Jones,"09:21,12:28,14:54,18:44","11:25,13:33,17:52,19:00",6.4,91.42
Robert Smith,"09:23,12:07,15:47,18:12","10:55,14:37,17:22,19:47",7.21,64.87
John Garcia,"09:06,12:33,15:11,18:53","11:15,13:55,17:46,19:57",7.18,52.85
James Rodriguez,"09:07,12:43,15:14","11:22,14:13,15:33",4.08,92.15
John Brown,"09:24,11:53,15:46,18:55","10:46,14:41,17:47,19:02",6.3,85.97
Maria Smith,"09:23,12:59,16:18","11:52,15:31,17:33",6.27,66.98
David Rodriguez,"09:23,12:01,16:14","11:11,14:54,18:14",6.69,56.88
Robert Johnson,"09:15,11:43,13:50","10:49,12:59,15:16",4.27,79
John Davis,"09:03,11:32,15:07,17:13","10:18,14:07,16:12,17:37",5.33,75.84
Maria Garcia,"09:05,12:46,15:50,18:28","11:38,14:44,17:10,19:30",6.9,86.28
David Smith,"09:25,12:49,16:35","11:46,15:36,17:18",5.85,57.53
Robert Martinez,"09:30,12:20,16:13","11:16,15:00,18:47",7.01,58.78
James Johnson,"09:13,11:04,14:07,16:15,19:13","10:29,13:24,15:18,18:43,19:43",7.76,99.22
John Johnson,"09:03,11:40,15:02","10:41,13:56,15:48",4.68,87.4
Robert Martinez,"09:20,12:57,15:12","12:06,14:14,17:07",5.97,57.96
David Martinez,"09:17,12:29,15:35","11:33,14:37,17:27",6.27,89.92
Sophia Rodriguez,"09:19,11:35,14:40","10:39,14:00,15:08",4.23,60.77
Robert Brown,"09:01,13:02,15:07","11:55,14:20,15:30",4.59,55.56
Michael Williams,"09:21,12:50,15:38","11:53,14:40,15:54",4.64,88.6
Olivia Martinez,"09:22,12:24,15:54","11:23,15:04,16:34",5.35,86.02
James Jones,"09:05,12:33,15:19","11:26,13:59,15:46",4.24,74.72
Alice Jones,"09:23,12:59","11:58,14:37",4.22,82.57
David Brown,"09:05,12:20","11:15,15:04",4.9,99.32
John Miller,"09:28,12:46,15:06,18:51,20:44","11:26,13:54,17:43,19:52,21:07",7.13,61.58
Olivia Johnson,"09:01,12:35,15:48","11:58,14:32,17:08",6.23,59.57
Maria Davis,"09:02,11:40,14:14,17:16","10:20,13:11,16:28,19:19",7.11,77.43
Sophia Rodriguez,"09:01,11:19,15:36,17:59","10:18,14:16,17:15,19:54",7.82,59.24
Sophia Davis,"09:01,12:41,15:21","11:45,14:08,16:33",5.39,82.46
Maria Jones,"09:15,13:06,16:40","12:00,15:45,17:25",6.16,72.98
Alice Rodriguez,"09:13,12:02,14:45","10:52,14:09,16:28",5.49,84.09
Michael Rodriguez,"09:13,12:25","11:03,14:39",4.07,70.45
Maria Martinez,"09:26,13:26,15:38","12:02,14:43,17:19",5.57,51.11
James Johnson,"09:20,13:17,16:30","12:05,15:49,16:39",5.44,80.92
Michael Williams,"09:21,11:41,15:25","10:41,14:06,16:48",5.14,55.93
Olivia Brown,"09:09,12:41,16:15","11:55,15:36,17:19",6.76,95.71
Michael Williams,"09:02,12:27,16:06","11:42,15:10,16:13",5.51,81.66
Robert Johnson,"09:22,12:42,15:50","11:49,14:46,17:03",5.74,96.65
David Rodriguez,"09:29,13:23,17:11","12:05,16:02,18:12",6.28,71.27
Olivia Garcia,"09:04,11:12,14:14,17:43","10:14,13:04,16:22,19:54",7.35,89.22
Sophia Davis,"09:08,11:25,14:36,18:09","10:17,13:52,17:15,18:46",6.87,52.25
Emma Davis,"09:20,12:07,16:03","10:53,15:03,17:34",6.01,72.66
John Davis,"09:22,11:48,13:57,18:05","10:37,12:55,16:50,19:51",7.02,55.59
Alice Brown,"09:15,12:10,15:04","11:32,14:22,16:49",6.24,70.49
Michael Garcia,"09:05,12:06,14:48","11:07,13:38,16:43",5.49,98.25
James Davis,"09:08,12:55,15:49","11:26,14:46,17:11",5.52,85.23
Maria Rodriguez,"09:10,12:01,15:07,18:07","11:16,14:18,17:09,19:02",7.33,93.05
James Smith,"09:06,12:31,14:50,17:16","11:16,13:38,16:22,17:40",5.22,78.39
Emma Smith,"09:19,11:49,15:16,17:51","10:50,14:15,16:44,20:18",7.88,77.21
Olivia Miller,"09:28,11:27,13:27","10:44,12:36,15:43",4.69,59.54
John Williams,"09:10,11:26,15:31,18:07","10:29,14:19,17:03,18:23",6.02,96.27
James Smith,"09:23,11:27,15:16","10:44,13:53,15:43",4.25,57.61
Alice Miller,"09:19,13:14","12:07,14:42",4.28,50.83
David Rodriguez,"09:13,11:18,14:38,16:54,19:21","10:15,13:45,15:42,18:31,19:42",6.53,53.34
Sophia Johnson,"09:12,13:00,16:11","11:56,15:06,18:22",7.03,97.79
David Jones,"09:23,12:01,14:42,16:46","11:02,13:41,16:02,18:48",6.7,76.54
Michael Brown,"09:20,13:21,16:06,19:28","12:07,15:27,18:17,19:46",7.38,88.78
John Miller,"09:24,12:06,15:34","11:02,14:35,15:41",4.25,58.43
Emma Garcia,"09:11,12:51,15:21,17:15","11:54,14:41,16:28,17:48",6.22,69.26
Sophia Miller,"09:28,11:34,15:04","10:29,14:08,15:46",4.29,85.04
Alice Brown,"09:08,11:58,15:16","11:14,14:32,16:34",5.98,72.84
Emma Davis,"09:07,12:08,14:25,18:25","11:02,13:14,17:13,19:10",6.57,75.04
Olivia Smith,"09:03,12:47,15:17,17:12","11:48,14:30,16:27,17:40",6.11,54.73
Maria Brown,"09:05,11:43,14:33,17:06,19:38","10:46,13:07,16:04,18:36,20:38",7.1,86.2
Michael Miller,"09:20,11:20","10:48,13:59",4.13,82.62
Alice Jones,"09:19,11:39,14:37","10:46,13:38,16:13",5.05,68.68
Emma Martinez,"09:03,11:57,15:40","11:09,14:35,15:58",5.05,95.85
James Davis,"09:01,12:07,15:19,18:22","11:08,13:57,17:04,19:03",6.4,92.99
Robert Davis,"09:18,11:54,14:08,17:48,20:06","11:02,13:20,17:03,19:04,20:17",7.54,96.76
Robert Smith,"09:28,12:41,15:43","12:04,14:51,15:55",4.98,56.97
Olivia Martinez,"09:24,12:56,16:06","11:47,15:08,18:07",6.61,77.28
Olivia Garcia,"09:04,12:22,15:31","11:14,14:29,16:31",5.29,54.18
Olivia Brown,"09:14,11:59,15:32,17:37","10:58,14:35,16:49,18:11",6.19,72.8
Maria Rodriguez,"09:10,11:22,13:14,16:10","10:37,12:27,15:10,17:40",5.98,61.17
David Johnson,"09:00,12:11,15:40,17:29","11:00,14:43,16:50,18:06",6.33,85.79
Robert Martinez,"09:29,12:27,16:17","11:46,15:07,18:04",6.74,98.93
Olivia Smith,"09:16,13:20,17:05","12:05,16:08,18:02",6.57,86.83
Robert Rodriguez,"09:22,11:50,15:37,18:09","10:40,14:45,17:01,19:10",6.63,55.89
James Johnson,"09:11,13:19,15:41","12:08,14:59,18:12",7.14,71.61
David Jones,"09:10,11:44,14:59,17:49,21:02","10:43,13:40,16:35,20:02,21:05",7.36,93.59
Olivia Davis,"09:01,11:45,14:22,16:53,20:00","10:48,13:21,15:50,18:59,20:11",7.15,66.66
Sophia Martinez,"09:21,11:57,14:10,17:35","10:44,13:19,16:31,17:53",5.42,89.28
Alice Miller,"09:07,12:34,15:28","11:35,14:30,15:41",4.62,54.2
Sophia Rodriguez,"09:29,12:55,15:45","12:18,14:42,17:05",5.94,89.2
Maria Johnson,"09:10,12:46,16:18,18:49","11:43,15:04,17:53,18:52",6.49,50.53
David Williams,"09:14,12:24,15:20","11:15,14:09,16:58",5.41,90.61
John Garcia,"09:06,11:27,14:49,17:31,20:58","10:17,13:34,16:24,19:48,21:16",7.47,58.86
James Williams,"09:04,11:13,13:08,15:48","10:38,12:23,14:54,16:43",5.42,93.86
Sophia Martinez,"09:03,12:58,14:45,17:25","11:32,14:03,16:23,19:46",7.55,99.44
Sophia Jones,"09:05,11:58,14:16,17:56","10:52,13:10,17:14,18:48",6.83,83.65
Alice Miller,"09:04,12:35,15:48,18:13","11:41,14:44,17:14,18:35",6.58,88.85
Robert Brown,"09:14,11:47,14:38","10:29,14:03,16:42",5.59,79.42
Michael Garcia,"09:22,13:07,15:57,19:21","11:48,14:52,18:38,20:21",7.88,92.41
David Miller,"09:21,12:21,16:07","11:25,15:15,17:20",6.2,78.61
Alice Brown,"09:04,12:58,16:33","11:52,15:17,17:27",6.02,79.82
David Williams,"09:10,11:49,14:25,17:20","10:57,13:17,16:30,17:56",5.93,70.66
Alice Jones,"09:04,12:36,15:50","11:12,14:40,18:00",6.37,78.94
David Martinez,"09:05,12:06,15:59,19:01","11:00,14:55,17:37,19:36",6.96,93.68
Michael Johnson,"09:20,11:37,15:09,18:20","10:28,14:00,17:38,18:30",6.17,51.44
David Williams,"09:10,12:42,17:02,19:49","11:27,15:38,18:55,20:33",7.84,57.46
John Brown,"09:14,11:26,15:15","10:25,14:16,15:53",4.65,82.7
James Rodriguez,"09:14,11:27,14:28,16:49,19:13","10:23,13:16,15:51,18:18,19:57",6.58,93.32
John Brown,"09:26,11:56,14:36,18:12","10:51,13:42,17:03,18:31",5.95,66.87
Robert Miller,"09:30,11:25,13:20,17:07","10:31,12:32,15:43,18:18",5.71,61.26
James Garcia,"09:24,11:49,14:51","10:54,13:46,15:33",4.16,72.85
David Jones,"09:01,13:10,16:44,19:58","11:58,15:29,18:50,20:00",7.41,83.68
Alice Brown,"09:02,11:19,15:08,17:23","10:12,14:06,16:41,18:22",6.5,73.36
David Rodriguez,"09:11,11:46,15:39,18:26","10:26,14:42,17:48,19:22",7.28,58.86
Olivia Brown,"09:23,12:31,14:53,17:34","11:58,13:56,16:38,19:22",7.56,73.9
Michael Johnson,"09:23,12:21,16:08","10:59,15:12,16:43",5.04,59.25
Emma Garcia,"09:06,12:01,14:56,17:48,20:19","10:55,13:48,16:45,19:07,21:34",8,90.97
Maria Garcia,"09:16,12:07,14:41,17:09","11:15,13:51,15:48,18:07",5.82,82.22
John Brown,"09:09,12:10,14:15,18:11,20:14","11:25,13:37,16:59,19:17,20:32",7.87,50.09
Alice Williams,"09:28,12:02,14:43,17:34","11:02,13:44,16:39,18:01",5.65,83.78
Maria Rodriguez,"09:19,12:40,15:19","11:58,14:24,17:51",6.93,66.85
Robert Garcia,"09:08,12:52","11:53,14:26",4.32,58.23
Robert Martinez,"09:12,12:09,14:42","10:40,13:44,16:07",4.47,74.99
Michael Rodriguez,"09:27,12:12,14:55","11:08,14:03,17:18",5.93,71.04
Alice Miller,"09:22,11:13,14:43,17:39","10:37,13:56,16:42,19:06",7.4,56.64
John Brown,"09:28,12:07,14:35,17:37","11:20,13:32,16:32,18:23",6,94.14
Alice Martinez,"09:01,12:41,14:42","11:43,13:56,15:37",4.87,87.22
Olivia Garcia,"09:10,12:51","11:33,14:45",4.29,68.54
Michael Rodriguez,"09:02,12:32,15:40","11:31,14:37,16:14",5.14,78.97
Maria Davis,"09:16,12:50,15:32","11:57,14:35,17:02",5.95,59.16
Alice Davis,"09:18,12:47","12:07,14:30",4.53,88.68
Olivia Miller,"09:15,13:01,14:48","11:44,14:04,15:48",4.53,83.42
John Brown,"09:01,10:54,14:53,17:08","10:16,13:40,16:16,18:30",6.77,90.96
John Brown,"09:04,11:32,14:01,17:10","10:37,13:27,16:04,17:46",6.12,71.27
Robert Smith,"09:03,12:17,15:33,18:54","11:34,14:21,17:59,19:32",7.65,78.9
Alice Smith,"09:18,13:20,15:08,18:56","12:07,14:24,17:54,19:48",7.52,86.54
Olivia Smith,"09:08,11:25,13:54,17:00","10:32,12:43,15:51,17:33",5.21,73.36
John Jones,"09:07,12:49,15:52,18:22","11:55,15:00,17:23,19:51",7.99,79.27
Robert Garcia,"09:16,12:23,16:35","11:00,15:20,17:15",5.36,91.38
Robert Miller,"09:00,12:05,14:46","10:58,13:49,16:42",5.65,92.77
Maria Martinez,"09:01,11:31,14:01,16:14","10:37,12:52,15:33,16:21",4.61,73.42
Sophia Williams,"09:21,11:40,14:57","10:33,13:37,16:05",4.29,57.08
David Martinez,"09:23,12:07,14:58,18:33","10:47,14:00,17:19,18:48",5.89,97.12
Alice Brown,"09:29,11:44,15:09","10:58,14:16,16:10",5.04,84.77
Robert Johnson,"09:28,13:32,16:00","12:27,15:15,17:23",6.1,76.78
John Davis,"09:17,11:52,14:22,16:47","10:51,13:14,16:06,18:26",6.33,79.88
Emma Davis,"09:23,12:08,15:03","10:53,14:05,16:52",5.28,67.8
James Williams,"09:22,11:37,14:03,16:13,18:22","10:43,13:27,15:18,17:21,19:36",6.81,74.06
Sophia Williams,"09:12,11:57","10:42,14:35",4.15,74.22
Robert Jones,"09:12,11:21,13:56,16:20","10:15,12:48,15:44,18:39",6.62,64.27
Robert Miller,"09:09,12:57,15:37","11:43,14:58,17:04",6.03,66.21
John Miller,"09:30,12:24","11:29,14:49",4.41,87.04
David Smith,"09:21,12:21,15:06,17:52","11:10,14:19,17:03,18:39",6.52,68.4
Emma Martinez,"09:21,12:09,14:32,17:46","11:09,13:42,16:54,18:11",6.14,67.39
Olivia Rodriguez,"09:09,11:39,15:11","10:47,13:55,16:00",4.72,93.64
James Jones,"09:30,12:19,15:07","11:06,14:01,16:30",4.69,71.98
Robert Garcia,"09:08,12:39,15:11,17:25,19:56","11:39,13:58,16:29,18:55,20:12",6.9,83.14
Maria Miller,"09:04,11:24,14:05,17:29","10:38,13:17,16:32,18:58",7.38,86.02
Emma Miller,"09:05,11:36,14:23,17:07,20:04","10:32,13:06,16:01,19:29,20:22",7.25,52.53
Emma Davis,"09:19,13:18,16:41,20:14","12:07,15:43,18:54,20:15",7.46,86.1
Olivia Garcia,"09:20,11:35,14:37,16:18","10:30,13:25,15:37,16:33",4.26,96.36
Emma Smith,"09:05,10:48,12:29,15:41,17:47","10:08,11:51,15:01,16:43,18:31",6.41,92.97
Michael Rodriguez,"09:00,12:46,15:20","11:43,14:12,17:19",6.15,65.57
Sophia Garcia,"09:15,11:01,13:28,16:32","10:23,12:26,15:49,17:20",5.7,78.33
Robert Smith,"09:12,12:45,14:43,18:11","11:56,13:47,17:15,19:38",7.75,85.22
Robert Jones,"09:12,11:30,14:36,16:43,19:38,22:12","10:24,13:33,15:44,18:32,21:02,22:13",7.62,99.81
Maria Martinez,"09:28,11:53,14:27,18:26,20:53","10:47,13:10,17:27,19:56,21:45",7.97,93.66
James Garcia,"09:13,12:23,14:51,18:14","11:50,13:28,16:58,18:21",5.94,70.72
David Rodriguez,"09:18,11:22,14:15,16:39","10:33,13:33,15:42,16:57",5.2,83.35
John Miller,"09:27,12:22,14:23,16:35","11:12,13:22,15:52,17:44",5.38,62.42
Olivia Jones,"09:15,11:39,15:40","10:28,14:24,18:08",6.45,93.66
Michael Martinez,"09:28,11:56,14:36","10:36,13:40,15:58",4.25,81.62
John Miller,"09:01,12:46,15:04","11:54,13:53,16:17",5.23,62.18
David Garcia,"09:20,12:23,15:28,18:11","11:44,14:36,17:16,19:05",7.33,86.19
David Miller,"09:12,12:25,15:12","11:18,14:09,16:22",5.01,99.68
James Jones,"09:07,12:18,15:01,18:58,21:07","10:58,14:18,17:59,19:58,21:09",7.86,72.99
Emma Johnson,"09:09,12:21,15:42","11:40,14:16,16:54",5.64,95.46
James Smith,"09:25,13:20,16:21","11:54,15:24,16:44",4.94,55.72
David Jones,"09:01,13:21,17:02","11:56,15:54,18:51",7.29,69.99
Michael Martinez,"09:29,12:51","11:58,14:51",4.49,66.55
Michael Miller,"09:11,12:16,14:53","11:32,13:42,15:40",4.57,93.47
Alice Rodriguez,"09:29,13:08,15:20,18:36","11:53,14:17,17:35,18:55",6.13,85.17
John Davis,"09:07,11:08,13:38,15:35","10:08,12:34,14:47,17:11",5.2,94.52
Robert Smith,"09:30,11:33,14:36","10:52,14:01,16:49",6.05,89.74
Sophia Miller,"09:28,12:35,15:05,18:42","11:19,13:56,17:46,19:09",6.34,69.54
Emma Miller,"09:30,12:26,15:46,19:32","11:19,15:07,18:23,20:21",7.94,98.26
Michael Rodriguez,"09:28,12:13,15:35,19:05","11:12,14:26,18:12,19:20",6.83,76.09
Michael Garcia,"09:27,12:23,15:58,18:10","11:31,15:04,17:13,18:26",6.28,56.26
David Garcia,"09:16,11:54,13:56,16:08,18:33","10:56,13:14,15:04,17:44,20:01",7.22,80.5
Alice Davis,"09:17,12:27,14:30","11:32,13:53,14:55",4.11,83.08
David Martinez,"09:11,12:45,15:23","11:33,14:13,16:38",5.1,80.93
Maria Miller,"09:17,11:46,15:59,19:20","10:44,14:35,18:21,19:44",7.04,54.03
Michael Johnson,"09:28,11:58,15:26","10:43,14:29,16:32",4.88,95.95
Maria Johnson,"09:11,12:10,15:12","10:48,14:10,16:47",5.21,91.08
Michael Martinez,"09:05,12:55","11:40,15:04",4.75,79.55
Emma Davis,"09:02,11:35,14:20","10:49,13:01,16:49",5.7,65.26
David Johnson,"09:00,12:37","11:58,13:41",4.04,92.85
Emma Brown,"09:17,11:59,14:40,18:17","10:46,13:40,16:52,20:47",7.88,62.32
Maria Rodriguez,"09:00,12:05,14:32,16:25","11:15,13:36,15:52,16:29",5.17,91.33
Olivia Miller,"09:06,12:41,16:39","11:34,15:32,17:29",6.15,62.22
Maria Brown,"09:07,12:27","11:23,14:18",4.12,92.13
Maria Johnson,"09:09,12:05,14:35","11:04,13:29,16:14",4.98,78.36
James Miller,"09:09,11:23,15:05,18:14","10:30,13:43,17:35,18:17",6.24,82.52
Emma Davis,"09:03,12:12,15:44","11:13,14:54,16:57",6.1,54.83
James Davis,"09:28,12:37,15:05","11:25,13:52,16:45",4.87,87.72
Robert Miller,"09:27,13:04,16:51","11:49,15:47,17:59",6.23,72.46
Alice Jones,"09:04,12:09","11:01,14:36",4.41,76.55
David Williams,"09:22,13:08,15:11,17:52","11:45,14:25,16:50,18:33",6.01,52.95
Olivia Brown,"09:00,12:23,14:37","11:19,13:29,16:42",5.5,83.13
Emma Brown,"09:18,11:45,14:32,17:12,19:02","10:46,13:18,16:04,18:12,19:52",6.4,97.48
James Williams,"09:18,11:26,14:12,16:47,20:05","10:18,13:19,15:55,19:10,20:28",7.38,64.2
Alice Garcia,"09:22,11:21,15:15","10:32,14:14,15:59",4.79,51.48
James Rodriguez,"09:19,12:05,15:03,17:48,21:15","10:52,13:53,16:59,20:15,21:27",7.94,81.92
Michael Johnson,"09:29,13:02,15:56","12:10,15:04,16:31",5.32,86.18
David Rodriguez,"09:07,13:09,15:28","12:01,14:40,15:53",4.85,71.42
David Jones,"09:22,13:07","12:17,14:29",4.29,88.76
Michael Johnson,"09:04,12:46,15:55","11:34,15:01,17:56",6.77,58.4
David Smith,"09:23,12:58,15:17","11:59,14:46,17:32",6.66,88.85
Michael Martinez,"09:20,12:11,15:05,17:36","10:44,13:52,16:46,19:09",6.33,53.92
John Smith,"09:01,11:42,15:06,17:09","10:49,14:24,16:20,18:14",6.82,80.22
Maria Martinez,"09:25,11:55,14:05,17:42","10:50,13:23,16:36,20:06",7.81,69.97
Robert Johnson,"09:17,12:12,15:48,19:33","11:11,14:57,18:41,19:42",7.7,70.89
David Rodriguez,"09:16,12:19,14:21","11:17,13:36,15:51",4.81,83.67
James Williams,"09:28,13:31,16:30","12:05,15:38,17:21",5.6,88.64
David Rodriguez,"09:24,11:38,13:36,16:06,18:47","10:41,12:50,14:59,18:11,18:59",6.17,89.73
Emma Miller,"09:23,12:03,14:48","10:58,14:09,17:26",6.33,90.72
David Martinez,"09:22,11:51,15:35","10:54,14:20,16:03",4.49,90.78
James Williams,"09:16,12:21,14:43,17:13","11:15,14:03,16:32,17:49",6.11,54.9
Maria Davis,"09:10,12:56,15:38","11:52,14:33,16:33",5.24,67.13
Michael Martinez,"09:13,12:29","11:22,14:33",4.22,76.18
Olivia Williams,"09:20,12:26,16:02,18:17","11:53,15:11,17:16,18:24",6.65,51.14
Robert Brown,"09:21,13:06,15:34","12:05,14:51,16:57",5.88,81.57
Emma Johnson,"09:18,11:30,14:53","10:55,13:45,15:12",4.19,78.16
Olivia Davis,"09:26,12:49,15:36","11:47,15:01,16:37",5.58,74.66
Alice Martinez,"09:30,13:01,15:45","12:07,14:53,17:29",6.22,74.26
Michael Garcia,"09:27,12:42,15:51,18:01","11:54,14:45,17:27,19:11",7.27,71.45
Olivia Jones,"09:08,11:59,14:02,16:31,19:40","10:57,13:18,15:36,18:34,20:35",7.67,55.96
Maria Martinez,"09:18,12:32,15:09","11:22,14:07,15:30",4.01,66.46
David Brown,"09:14,11:25,15:07","10:18,13:50,16:21",4.72,85.83
Sophia Jones,"09:11,11:43,13:32","10:50,12:56,14:50",4.18,62.81
Robert Davis,"09:28,11:32,14:11,16:40","10:39,13:08,15:31,18:52",6.33,60.34
John Martinez,"09:22,12:47","11:58,15:20",5.16,59
John Smith,"09:02,11:42,14:19,16:44,19:50","10:17,13:07,15:46,18:34,21:43",7.85,94.73
Olivia Miller,"09:21,11:14,13:17,15:27","10:30,12:19,14:29,16:28",4.45,66.78
Olivia Williams,"09:29,12:04,14:34,18:16","11:03,13:41,17:11,19:53",7.43,98.53
Alice Miller,"09:02,12:02,14:17","10:45,13:09,15:33",4.1,95.63
Sophia Rodriguez,"09:22,11:51,14:52","10:22,14:02,17:27",5.77,82.76
Alice Jones,"09:30,13:06","12:07,14:37",4.15,57.62
David Smith,"09:12,12:07,15:18,17:19","11:33,14:22,16:19,17:53",6.19,51.06
James Jones,"09:21,13:27,17:32","12:14,16:05,17:41",5.68,53.71
Emma Miller,"09:00,12:38,14:59,17:59,20:27","11:52,13:48,17:05,19:23,20:30",7.59,77.4
Olivia Jones,"09:24,11:17,13:14,15:24,18:23","10:39,12:25,14:22,17:19,20:25",7.47,92.96
Alice Miller,"09:08,12:54,15:59","12:04,14:37,16:01",4.69,73.95
Alice Martinez,"09:14,12:46,16:09,18:41,20:37","11:22,14:52,17:47,19:43,20:52",7.16,96.73
John Brown,"09:14,11:11,14:28,16:53","10:38,13:22,15:53,19:27",7.57,74.06
Olivia Williams,"09:07,11:10,14:22,18:14","10:12,13:30,17:12,18:27",6.48,58.04
Alice Brown,"09:20,13:00","12:09,15:02",4.86,54.66
Olivia Miller,"09:08,12:35,14:45,18:39","11:27,13:36,17:42,18:49",6.45,67.48
Olivia Jones,"09:23,11:48,15:01","10:53,14:00,15:57",4.64,72.9
Alice Smith,"09:06,12:47,15:28","11:53,14:15,16:42",5.49,54.97
Michael Johnson,"09:16,12:00,14:06,17:19,19:34","10:54,13:18,16:13,18:47,20:39",7.61,97.14
Michael Williams,"09:23,12:20,14:59,17:16","11:09,14:01,16:33,19:07",6.87,75.44
John Miller,"09:08,11:27,14:34,16:33","10:20,13:24,15:39,17:58",5.65,68.64
John Johnson,"09:26,11:56,14:48,17:42","10:53,13:58,16:55,19:33",7.46,94.28
Alice Miller,"09:28,12:11,15:35","11:05,14:44,16:41",5.28,56.46
James Johnson,"09:11,12:47,15:26","11:48,14:36,15:26",4.45,51.57
Olivia Williams,"09:19,12:26,15:12","11:13,14:34,16:30",5.34,91.74
Alice Smith,"09:21,12:04,15:54","10:51,14:47,16:47",5.11,96.52
Emma Martinez,"09:04,12:14,15:35","11:26,14:20,16:57",5.84,64.44
Emma Garcia,"09:09,11:20,14:20","10:22,13:19,15:08",4,60.73
Robert Rodriguez,"09:18,12:05,14:33,16:56","11:13,13:32,15:55,17:37",5.42,75.78
Olivia Johnson,"09:30,11:57,16:00","10:57,14:50,17:06",5.45,87.44
Emma Garcia,"09:09,12:13,15:53,18:29","11:09,14:41,17:41,18:41",6.48,64.27
David Miller,"09:26,13:28,16:18","12:24,15:24,17:29",6.09,86.79
Emma Jones,"09:17,11:58,16:02","10:58,14:41,16:45",5.12,53.63
Emma Davis,"09:13,13:11,15:56","12:05,15:01,16:18",5.07,69.04
John Smith,"09:01,11:37,14:17,17:43","10:23,13:14,17:06,19:07",7.2,52.34
Olivia Brown,"09:12,11:41,13:59","10:36,13:19,15:47",4.84,52.46
Olivia Brown,"09:19,11:20,14:58","10:21,13:51,16:19",4.91,76.97
Robert Garcia,"09:06,12:07,14:59,17:07","11:00,14:04,16:11,19:25",7.36,71.33
James Garcia,"09:13,13:11,16:15","12:12,15:14,17:04",5.85,91.86
Robert Johnson,"09:09,11:32,13:32,16:00","10:59,12:52,15:04,16:55",5.62,91.12
Maria Martinez,"09:08,11:54,14:51,18:26","11:09,13:58,17:16,19:36",7.68,92.09
Olivia Garcia,"09:27,12:14,14:24","11:16,13:32,16:16",5,90.39
Alice Miller,"09:20,11:45,15:30","11:08,14:19,17:21",6.22,59.27
Olivia Miller,"09:30,11:52,14:48","11:17,13:50,16:26",5.39,69.35
John Davis,"09:17,11:11,14:32","10:18,13:33,15:18",4.16,63.81
Robert Rodriguez,"09:04,12:31,15:14,17:33","11:36,14:07,16:24,18:53",6.64,68.07
Emma Smith,"09:07,11:28,15:00","10:27,13:57,17:28",6.29,63.41
Emma Johnson,"09:08,11:36,13:48,16:22","10:39,12:50,15:39,16:50",5.07,50.59
Sophia Miller,"09:21,12:48,15:35,17:32","11:56,14:31,16:44,18:14",6.17,99.21
Alice Smith,"09:23,12:20,14:56,18:20","11:36,13:55,17:09,19:46",7.46,65.08
Michael Davis,"09:27,11:45,14:35","10:35,13:33,16:53",5.24,64.56
Olivia Martinez,"09:12,11:42,14:56,17:43","10:36,13:32,16:27,18:58",6,77.43
Sophia Martinez,"09:26,13:27,15:33","12:03,14:30,16:16",4.39,56.8
Alice Johnson,"09:12,11:36,13:29,15:55","10:29,12:37,15:14,16:19",4.46,96.9
Sophia Brown,"09:05,12:02,14:45,17:31,20:43","11:11,13:46,16:11,19:45,20:47",7.57,97.81
Maria Brown,"09:25,13:10,16:16","11:56,15:27,16:33",5.09,71
Sophia Brown,"09:28,13:02,14:57","12:09,14:18,15:13",4.23,61.92
Sophia Smith,"09:21,12:00,15:58,19:42","11:04,14:51,18:55,19:57",7.78,53.66
John Brown,"09:22,13:01,15:44","12:00,14:50,16:55",5.65,79.25
Emma Williams,"09:21,12:08,15:05,17:51","11:20,14:06,16:36,18:53",6.52,55.96
James Smith,"09:26,11:44,14:37,17:45","10:28,13:45,16:48,19:49",7.3,59.15
Michael Johnson,"09:14,12:04","11:04,14:22",4.14,68.32
John Miller,"09:15,10:59,14:16,17:41","10:21,13:00,16:41,18:02",5.89,67.77
John Jones,"09:00,11:43,14:53","10:53,14:03,14:54",4.23,87.23
John Martinez,"09:02,11:39,15:13,17:46,19:57","10:37,14:09,16:17,19:02,21:09",7.63,96.49
David Davis,"09:13,12:02","10:44,14:31",4.01,88.87
Emma Brown,"09:02,11:33,13:47,15:45","10:34,12:59,15:04,16:15",4.75,56.42
Maria Garcia,"09:29,12:00,14:44,17:39","10:47,13:47,16:33,19:57",7.2,68.39
John Martinez,"09:30,12:01,15:51,19:42","11:08,14:46,18:29,20:10",7.5,59.19
Sophia Miller,"09:07,11:44,15:19,17:42","11:02,14:02,16:45,19:20",7.3,80.26
Robert Jones,"09:06,12:13,14:09,17:16","11:30,13:16,16:06,18:17",6.43,97.57
Michael Rodriguez,"09:08,12:15,14:59,17:12","11:09,14:11,16:33,18:00",6.32,57.68
Robert Williams,"09:08,12:30,16:19","11:16,15:23,16:51",5.55,92.93
Michael Smith,"09:29,12:05,15:40","11:05,14:59,16:24",5.25,95.82
Maria Jones,"09:01,12:08,14:48,18:13","11:02,13:36,16:57,19:37",7.04,53.1
Alice Miller,"09:07,11:56,14:48","11:12,14:08,15:03",4.54,63.7
Emma Davis,"09:16,12:56,15:29","11:39,14:22,16:36",4.95,77.9
David Martinez,"09:26,11:20,13:37,15:44","10:50,12:27,14:53,16:04",4.12,83.92
Emma Johnson,"09:02,13:15","12:01,14:44",4.47,92.26
Alice Brown,"09:26,12:57","12:01,15:16",4.91,83.91
Olivia Rodriguez,"09:07,13:04,15:50","11:58,14:47,16:43",5.46,50.73
Michael Miller,"09:15,11:38,14:04,16:38","10:45,12:45,15:32,17:29",4.95,70.59
Maria Miller,"09:15,11:45,14:01,16:31,19:09,23:16","10:26,12:53,15:16,18:09,21:52,23:19",7.98,95.87
Michael Miller,"09:06,12:21,15:04","11:25,14:26,16:13",5.56,77.84
Maria Williams,"09:18,11:25,13:57,16:26","10:34,12:39,14:57,18:16",5.35,86.98
Alice Davis,"09:13,13:10,15:30,18:20","12:07,14:51,17:16,18:31",6.53,50.67
Sophia Miller,"09:22,13:06,15:19,18:36","12:06,14:15,17:18,19:30",6.78,91.79
David Brown,"09:18,11:48,15:42","10:41,14:40,16:07",4.67,81.96
John Brown,"09:18,12:41,16:33","11:43,15:40,16:34",5.42,70.55
Emma Smith,"09:24,12:33,15:28","11:43,14:46,15:37",4.7,77.22
James Martinez,"09:11,12:31,14:28","11:24,13:45,16:46",5.76,64.35
Michael Miller,"09:10,11:48,14:45,17:59","10:40,13:37,16:56,18:13",5.75,89.59
James Brown,"09:12,12:03,14:23,17:31","11:02,13:30,16:29,19:12",7.08,67.45
David Miller,"09:29,11:36,15:28","10:34,14:17,17:15",5.55,83.91
John Miller,"09:01,12:54,15:37,19:16","11:43,14:38,18:09,19:25",7.12,58.21
Emma Jones,"09:09,11:53","10:58,14:14",4.18,53.31
Emma Johnson,"09:05,12:43","11:52,14:14",4.3,79.87
Olivia Rodriguez,"09:27,12:30,14:38,17:35","11:34,13:37,16:39,19:29",7.16,55.86
John Garcia,"09:14,11:20,13:34,16:26,20:30","10:17,12:29,15:18,19:19,20:37",6.94,62.64
Michael Smith,"09:01,11:46,14:03,16:21","10:37,13:27,15:19,16:22",4.58,90.43
David Miller,"09:10,12:10,14:20","11:20,13:27,15:08",4.25,69.55
James Williams,"09:10,12:30,16:09","11:33,15:03,16:47",5.57,88.75
James Rodriguez,"09:26,11:42,14:54","10:55,14:12,15:05",4.17,94.74
David Brown,"09:28,12:23,15:19","11:34,14:48,16:55",6.13,97.97
James Smith,"09:05,11:53,14:15,16:09,19:20,22:03","10:35,13:11,15:19,18:24,20:56,22:07",7.78,53.61
David Davis,"09:09,11:29,14:03,17:14","10:17,13:09,16:20,17:17",5.14,61.48
John Garcia,"09:11,11:58,15:02","10:58,13:48,15:58",4.56,73.94
Maria Johnson,"09:03,11:47,15:12","10:34,14:05,16:04",4.69,90.35
Emma Garcia,"09:10,12:08,14:53,17:27","11:32,13:53,16:30,19:04",7.36,95.47
Alice Johnson,"09:09,12:11,14:50,17:31","11:07,14:03,16:23,19:33",7.43,53.98
Maria Williams,"09:03,11:57,14:43,16:51,19:34","10:51,13:14,15:46,18:43,20:29",6.92,72.73
Maria Garcia,"09:17,12:22,14:51","10:57,14:03,16:25",4.92,65.98
Robert Martinez,"09:29,12:13,15:36,19:30","10:48,14:18,18:33,20:06",6.95,76.7
Sophia Smith,"09:09,12:50,15:15","11:37,14:06,16:13",4.7,96.07
Michael Rodriguez,"09:17,12:18,16:04","11:01,15:08,17:02",5.55,84.65
David Garcia,"09:28,12:17,14:43,18:20","11:26,13:23,17:21,19:29",6.86,81.08
Alice Williams,"09:10,11:20,14:04,16:48,18:57","10:20,13:02,16:01,17:54,19:57",6.93,94.32
Maria Williams,"09:10,11:46,15:16,17:37","10:44,14:22,16:39,18:03",6,85.53
Olivia Williams,"09:11,11:54","10:48,14:20",4.06,91.4
Michael Smith,"09:21,11:38,15:15","10:39,14:11,16:25",5.02,83.05
James Miller,"09:15,12:30,15:08","11:27,14:13,16:17",5.07,52.32
Olivia Williams,"09:21,11:22,14:12,18:09","10:21,13:32,17:10,19:14",7.23,80.94
John Williams,"09:16,12:09,15:37","11:05,14:59,17:38",6.68,62.57
Emma Martinez,"09:29,13:03,16:17,18:25","11:43,15:28,17:20,18:41",5.98,92.96
John Martinez,"09:28,11:31,15:09,18:58","10:31,14:07,18:01,19:16",6.83,63.4
Michael Jones,"09:17,13:30,15:23,17:55","12:06,14:35,16:53,17:57",5.44,94.53
Robert Brown,"09:02,11:58,14:37,17:12","10:56,13:21,16:33,17:29",5.51,69.67
John Rodriguez,"09:29,12:20,15:25,19:13","11:34,14:22,18:12,19:21",7.04,57.85
David Martinez,"09:17,11:36,15:12,18:17","10:17,14:23,17:02,18:44",6.07,69.24
Alice Miller,"09:22,11:50,15:39,18:41,21:16","10:39,14:35,17:27,20:05,21:20",7.31,84.52
Olivia Johnson,"09:29,12:23,16:15,18:41","11:08,14:54,17:49,20:00",7.06,96.14
Alice Jones,"09:15,11:26,14:49","10:41,13:57,17:26",6.58,87.21
Maria Smith,"09:19,11:40,14:34","10:47,13:51,15:52",4.95,51.42
Maria Johnson,"09:09,12:17,15:51,18:27","11:08,14:43,17:05,19:05",6.29,57.06
Olivia Miller,"09:24,12:53,15:08","11:51,14:00,15:40",4.11,96.03
David Martinez,"09:06,11:26,14:30,16:30,19:40","10:30,13:32,16:00,19:01,19:57",7.81,99.09
Michael Jones,"09:19,11:56,14:13,16:36","11:00,13:19,15:32,17:45",5.54,54.2
Emma Garcia,"09:00,12:42,16:12","11:56,15:34,16:14",5.85,62.93
Michael Johnson,"09:17,11:35,14:54","10:43,13:39,15:39",4.26,89.78
Olivia Smith,"09:30,11:39,14:05,18:08","10:33,13:01,17:04,18:29",5.76,70.91
Olivia Rodriguez,"09:09,11:59,14:46,17:33,19:45","11:02,13:59,16:33,18:55,19:46",7.05,56.57
Michael Garcia,"09:03,12:44","11:37,15:30",5.34,85.98
Olivia Jones,"09:20,13:36,16:34","12:16,15:32,19:08",7.44,74.41
Olivia Martinez,"09:03,11:48","10:54,14:18",4.36,80.68
Michael Davis,"09:12,11:21,14:40,17:38","10:21,14:01,16:37,18:06",6.24,51.56
Olivia Smith,"09:21,12:33,15:46,18:09,21:23","11:29,14:39,16:47,20:25,21:26",7.57,76.03
Alice Garcia,"09:16,11:54,15:44,18:28","10:39,14:33,17:26,19:18",6.57,91.64
Maria Brown,"09:25,12:40,16:28,18:57","11:17,15:14,18:14,18:58",6.23,99.55
James Martinez,"09:07,12:09,14:57","11:04,13:58,15:57",4.77,87.72
Michael Martinez,"09:25,12:48","11:44,14:49",4.33,85.55
Robert Williams,"09:03,12:28,15:20,17:39,19:36","11:32,14:02,16:48,18:49,20:18",7.39,69.83
James Garcia,"09:27,11:26,14:18,16:52","10:35,13:25,15:51,18:29",6.3,70.91
James Jones,"09:13,12:27,14:07,17:28","11:33,13:29,16:46,17:56",6.49,66.92
Olivia Garcia,"09:29,12:45,15:20,17:43","11:50,14:13,16:52,18:05",5.72,98.12
Robert Johnson,"09:09,11:23,13:52,16:04,18:40","10:18,12:52,15:13,17:28,20:13",6.94,81.93
Maria Smith,"09:14,12:15,14:20","11:20,13:27,15:32",4.51,99.73
James Smith,"09:21,12:56,15:06","11:45,14:30,16:44",5.6,55.89
James Davis,"09:23,13:00,16:10","11:47,15:08,17:20",5.7,62.36
Emma Williams,"09:15,12:54,16:34,19:13","11:31,15:41,17:52,19:50",6.98,89.95
John Rodriguez,"09:21,12:29","11:31,14:36",4.29,70.71
Sophia Brown,"09:10,11:52,14:39","10:51,13:33,15:44",4.46,77.32
John Rodriguez,"09:29,12:27,14:29","11:36,13:43,15:33",4.45,87.59
Sophia Jones,"09:26,12:15,14:50","11:21,14:04,15:32",4.44,75.88
Robert Rodriguez,"09:16,12:30,15:41","11:33,14:39,17:01",5.78,77.48
James Miller,"09:22,11:57,14:08,18:05","11:07,13:05,16:40,18:47",6.13,53.11
James Brown,"09:18,12:51,16:50","11:41,15:34,17:55",6.18,94.03
Emma Miller,"09:16,13:07,16:30","11:59,15:47,16:41",5.58,97.51
David Miller,"09:25,11:31,15:00","10:55,14:18,16:10",5.45,61.54
Robert Williams,"09:24,11:54,15:00,17:20","10:57,13:54,16:07,17:20",4.68,75.12
David Jones,"09:21,12:12,14:15,17:24","11:02,13:36,16:10,18:39",6.27,79.16
Michael Smith,"09:26,11:48,14:59","11:10,14:00,15:39",4.61,65.48
Maria Garcia,"09:30,11:43,15:46","10:57,14:34,18:16",6.8,97.59
Maria Smith,"09:19,12:35,15:02,17:03","11:43,13:55,16:18,19:19",7.27,87.53
Emma Brown,"09:18,11:47,13:49,17:19,20:15","10:44,13:12,16:03,19:15,21:05",7.86,68.69
Emma Garcia,"09:14,12:00,14:37,17:56","11:20,13:19,16:57,18:28",6.29,89.09
Robert Jones,"09:21,12:28,16:14","11:45,15:16,17:01",5.99,64.39
Michael Johnson,"09:10,12:15,15:17,17:14","11:26,14:06,16:28,17:26",5.5,50.74
John Smith,"09:10,12:04,15:37","11:01,14:47,16:01",4.97,87.01
Emma Jones,"09:17,12:26,16:12","11:33,15:02,17:37",6.29,91.46
Sophia Jones,"09:15,12:57,16:43,19:23","11:56,15:30,18:04,19:57",7.16,84.62
Emma Johnson,"09:29,11:42,14:52,17:43","10:34,13:44,16:17,17:58",4.79,57.4
Olivia Williams,"09:29,12:26,16:08,18:56","11:27,15:05,17:38,19:31",6.71,75.98
John Rodriguez,"09:09,11:18,13:35,16:53,20:15","10:29,12:26,15:54,19:15,20:22",7.28,70.86
Robert Davis,"09:11,12:51,16:33,18:19","11:37,15:31,17:35,19:54",7.72,90.22
Alice Garcia,"09:02,11:46,14:04,16:59","10:36,13:11,15:59,17:13",5.14,64.35
John Rodriguez,"09:04,12:20,15:46,17:58","11:26,14:55,17:00,18:29",6.7,93
Olivia Smith,"09:12,11:19,14:16,16:43","10:34,13:41,15:49,17:40",6.23,77.13
John Brown,"09:00,11:31,14:01,16:36","10:30,13:06,15:30,18:22",6.34,60.36
Maria Miller,"09:18,11:45,14:43,18:23","10:31,13:22,17:19,19:23",6.45,71.58
Sophia Jones,"09:21,11:52,15:11,18:25","10:57,14:20,17:14,19:28",7.17,70.19
Emma Williams,"09:06,12:03,15:28,18:28","11:09,14:26,17:23,19:08",7.02,53.16
David Brown,"09:22,12:16,15:26,18:45","10:51,14:31,17:58,20:22",7.88,86.9
David Johnson,"09:05,12:43,14:53,17:49","11:42,13:48,16:40,18:11",5.85,52.89
Sophia Davis,"09:27,11:38,14:48,17:47","10:36,13:37,16:59,19:31",7.06,82.6
James Jones,"09:21,12:04,14:24,16:49","11:07,13:11,15:38,19:26",6.74,55.67
James Garcia,"09:27,12:08,15:29","11:18,14:09,17:03",5.44,94.9
Maria Miller,"09:17,12:50,15:10,18:47","12:01,14:02,18:07,19:25",7.53,58.2
Sophia Jones,"09:22,12:09,14:12,17:00","11:17,13:18,16:12,17:31",5.59,99.26
Emma Johnson,"09:25,11:40,14:02,17:12,20:26","10:32,12:42,16:21,19:27,20:59",7.28,78.08
Alice Garcia,"09:29,11:50,14:25,16:28","10:53,13:27,15:28,17:57",5.56,60.12
Robert Jones,"09:15,12:01,14:43,17:05","11:11,13:22,16:13,19:38",7.35,91.54
Maria Jones,"09:05,11:55,15:07","11:04,14:16,15:47",5.01,68.42
Michael Garcia,"09:06,13:00,16:38","11:52,15:36,18:33",7.3,94.72
Olivia Rodriguez,"09:18,12:25,14:47,18:39,21:00","11:30,13:48,17:18,20:06,21:05",7.65,86.49
Emma Williams,"09:00,11:37","10:19,14:22",4.07,56.51
Michael Smith,"09:13,11:40,14:41","10:49,14:05,14:45",4.09,85.53
Emma Jones,"09:28,13:36,15:53,18:24","12:27,15:01,17:14,19:47",7.15,65.31
John Jones,"09:07,12:44,15:46","11:34,14:27,16:05",4.49,57.01
Robert Johnson,"09:06,12:03,15:31","11:12,14:51,16:53",6.28,88.29
Maria Garcia,"09:25,12:38,15:32,18:39","12:05,14:12,17:30,19:10",6.73,86.16
Michael Smith,"09:09,11:42,14:36","10:58,13:40,14:51",4.04,86.01
David Rodriguez,"09:24,13:04,16:30","11:56,15:16,16:33",4.8,51.88
Emma Miller,"09:07,13:05,15:14","11:46,14:11,16:23",4.91,90.18
James Johnson,"09:26,12:15,14:36","11:06,13:32,16:08",4.49,97.62
Robert Rodriguez,"09:13,12:08,15:21","11:14,14:04,16:53",5.49,91.05
Olivia Brown,"09:12,12:55","11:50,14:22",4.09,57.73
Sophia Johnson,"09:21,12:34","11:38,14:52",4.59,86.55
John Rodriguez,"09:03,12:36,15:10","11:41,14:08,15:29",4.5,67.79
John Rodriguez,"09:24,12:25,14:56","11:29,14:09,16:03",4.94,88.42
Sophia Smith,"09:27,12:04,14:49,17:09","11:16,13:29,16:17,18:12",5.75,81.27
Maria Smith,"09:24,12:52,16:06,18:19","12:14,15:03,17:20,19:58",7.91,92.93
Michael Davis,"09:26,11:42,14:55,17:21","10:29,14:22,16:37,18:53",6.95,67.03
Olivia Rodriguez,"09:20,13:09,17:10","11:59,15:46,17:38",5.74,77.8
Michael Davis,"09:25,13:07","12:10,14:51",4.49,71
Robert Garcia,"09:09,11:51,14:18,16:23","11:02,13:18,15:31,16:40",4.84,78.86
Maria Miller,"09:18,12:21,15:47","11:04,14:52,16:57",5.45,72.47
Michael Rodriguez,"09:16,11:55,15:35","10:34,14:18,16:55",5.02,82.93
Emma Garcia,"09:07,12:15,16:13","11:12,14:45,16:54",5.27,91.45
Maria Smith,"09:16,12:02,14:27,17:55","11:17,13:21,16:34,18:36",6.14,75.76
Alice Davis,"09:09,11:46,15:13","10:23,14:02,16:01",4.31,85.49
John Martinez,"09:26,11:50,15:00","10:35,14:12,15:43",4.25,81.76
Olivia Miller,"09:21,11:58,15:47","10:44,14:35,17:05",5.31,84.55
Olivia Davis,"09:22,13:14","12:13,14:55",4.55,70.95
Michael Davis,"09:17,11:26,14:15,16:39","10:33,12:56,15:37,17:17",4.77,76.48
Alice Smith,"09:17,11:55,14:02,15:59,18:25","10:59,13:13,15:09,17:42,18:49",6.24,71.58
Alice Martinez,"09:18,12:41,15:20,17:37","11:33,14:08,16:30,17:46",5.02,54.24
Maria Williams,"09:11,12:53,16:48","11:41,15:42,17:43",6.25,55.08
John Miller,"09:03,12:04,14:15","11:05,13:30,16:24",5.63,64.04
Emma Williams,"09:15,12:14,14:45,17:10,20:37","11:32,13:34,15:52,19:38,21:09",7.74,50.85
James Smith,"09:19,11:20,13:48,17:30,20:29","10:28,12:30,16:29,19:46,20:39",7.45,68.41
Alice Rodriguez,"09:06,11:01,14:18,17:04","10:07,13:38,15:59,19:12",7.46,98.73
Michael Davis,"09:04,11:28,13:28","10:41,12:32,16:09",5.37,93.19
Emma Smith,"09:23,12:26,16:21","11:27,15:18,18:01",6.6,92.41
Olivia Rodriguez,"09:25,12:34,14:27,17:06","11:38,13:35,16:09,18:19",6.16,88.01
Maria Jones,"09:16,12:28,14:37","11:44,13:34,15:20",4.29,74.33
Michael Miller,"09:22,11:40,15:39,18:04","10:40,14:39,17:10,18:23",6.12,51.27
John Davis,"09:01,12:29","11:52,14:58",5.35,50.58
Robert Jones,"09:28,12:32,15:37","11:13,14:32,16:04",4.21,94.19
Emma Brown,"09:10,12:46,15:42,17:53","11:44,14:17,16:43,18:31",5.75,94.79
Alice Miller,"09:06,12:40,15:05,18:53","11:40,14:11,17:44,19:40",7.53,64.26
Michael Rodriguez,"09:27,12:05,16:02,18:42","10:55,15:02,17:59,19:34",7.24,88.9
David Garcia,"09:22,12:53,15:12","12:15,14:20,17:01",6.16,50.63
Emma Davis,"09:19,11:09,15:02","10:32,14:09,16:21",5.54,54.26
Emma Martinez,"09:21,12:44,16:00","11:58,14:46,18:00",6.67,57.97
Alice Williams,"09:26,12:07,14:21,17:24","11:26,13:13,16:24,18:42",6.46,53.4
Olivia Williams,"09:13,12:33,15:38,18:33","11:39,14:38,17:12,19:27",7,82.08
Robert Martinez,"09:26,12:56,15:40","12:07,14:36,16:09",4.83,93.84
David Brown,"09:11,11:11,13:58,16:29","10:20,12:59,15:37,17:09",5.28,94.38
Olivia Rodriguez,"09:15,12:09,15:56","10:53,14:42,17:47",6.04,58.69
David Johnson,"09:25,13:03,15:23,17:48,20:35","12:04,14:17,16:33,19:30,21:11",7.36,52.08
Olivia Smith,"09:22,13:00,16:42","12:03,15:45,18:18",7.04,72.76
David Williams,"09:29,11:58,14:32","10:42,13:28,16:23",4.57,75.8
Olivia Johnson,"09:08,11:14,14:39,17:06","10:14,13:42,16:21,18:35",6.76,60.48
Emma Davis,"09:01,11:16,13:16","10:19,12:26,15:38",4.84,85.39
Maria Smith,"09:13,12:26,15:17","11:34,14:23,16:26",5.46,78.62
James Davis,"09:16,12:49,15:32","12:03,14:33,17:34",6.57,59.41
John Johnson,"09:17,11:00,14:24","10:23,13:25,15:15",4.37,66.35
Emma Davis,"09:18,12:18,16:03,19:16","11:14,14:47,18:07,19:52",7.09,77.07
Emma Smith,"09:18,13:01","11:58,15:05",4.73,85.12
Michael Davis,"09:18,11:57","11:07,14:34",4.44,52.25
Olivia Garcia,"09:27,12:28,16:13","11:53,15:07,16:30",5.37,96.51
James Jones,"09:25,13:25","12:19,15:04",4.56,76.79
David Miller,"09:07,11:42,14:22","10:47,13:12,16:59",5.79,59.66
Robert Martinez,"09:14,11:20,13:33,15:38,19:29","10:44,12:33,14:36,18:19,20:52",7.84,80.13
Emma Rodriguez,"09:29,13:47,17:23","12:22,16:05,18:04",5.87,62.95
Alice Martinez,"09:04,10:42,14:11","10:06,13:09,15:06",4.41,73.32
Emma Jones,"09:04,11:36,14:52,17:14","10:25,13:53,15:55,17:17",4.75,91.2
John Davis,"09:05,12:28,14:54,18:43","11:14,13:39,17:34,18:46",6.05,93.07
Sophia Smith,"09:22,11:42,13:57,16:22,19:07","10:48,12:46,15:07,17:55,20:11",6.3,96.69
John Miller,"09:17,12:37,15:34","11:28,14:26,17:20",5.78,67.14
David Rodriguez,"09:17,12:52","11:59,15:27",5.29,65.37
Alice Johnson,"09:19,12:55,15:33,17:47","12:18,14:14,16:41,19:49",7.48,78.97
Robert Rodriguez,"09:00,11:09,13:03,16:22","10:19,12:12,15:12,17:36",5.76,76.75
Emma Smith,"09:10,12:08,14:49,17:49","11:22,13:52,16:41,19:27",7.44,50.1
Michael Miller,"09:14,11:50,15:41","11:10,14:41,15:58",5.07,52.82
David Davis,"09:01,13:07,15:18,18:42,20:42","11:57,14:16,17:23,19:45,21:26",7.96,97.55
Robert Johnson,"09:01,11:11,14:15,16:41,19:43","10:17,13:15,16:01,18:29,19:55",7.11,68.81
Sophia Martinez,"09:27,12:21,14:19,16:05","11:21,13:31,15:22,17:58",6,98.25
David Brown,"09:19,11:19,14:27","10:24,13:24,15:54",4.62,94.78
Michael Garcia,"09:22,11:50,15:47,18:47","10:49,14:43,17:53,18:58",6.62,85.17
Emma Garcia,"09:08,13:34,15:33","12:05,14:37,17:42",6.15,68.08
Alice Rodriguez,"09:15,12:06,14:52","11:08,13:41,16:42",5.31,58.16
James Brown,"09:10,11:30,14:38,16:37,19:57","10:42,13:39,15:56,18:53,20:25",7.73,81.29
James Brown,"09:05,12:39,16:23","11:29,15:06,18:05",6.55,57.07
John Martinez,"09:05,12:13,15:45","11:10,14:36,16:12",4.93,93.31
Alice Smith,"09:17,11:54,14:16","10:52,13:19,15:59",4.72,69.13
Emma Davis,"09:17,13:02,15:34","12:14,14:37,15:53",4.86,99.78
Michael Williams,"09:05,12:26,15:59","11:36,15:13,16:29",5.81,95.97
James Davis,"09:27,12:16,15:37,19:41","11:11,14:44,18:27,20:37",7.98,62.78
Michael Jones,"09:10,12:25,14:34,17:49,20:51","11:16,13:33,16:39,20:08,21:03",7.83,98.58
Robert Rodriguez,"09:18,12:59,15:40","11:47,14:49,16:21",5.01,95
John Brown,"09:06,12:29,14:46","11:35,13:38,16:16",5.15,91.72
Michael Jones,"09:05,11:02,13:42,16:50,19:15","10:26,12:36,15:30,18:01,19:32",6.19,90.59
Emma Rodriguez,"09:06,11:34,14:29","11:01,13:22,15:54",5.13,60.14
Michael Garcia,"09:02,11:57,15:12,18:02","11:11,14:16,17:02,18:27",6.73,98.96
Sophia Garcia,"09:24,12:32,15:07,17:07,19:51","11:17,13:40,16:24,18:49,19:55",6.08,94.1
Olivia Martinez,"09:06,10:55,14:21,17:01","10:12,12:55,15:56,17:33",5.23,63.05
John Jones,"09:23,11:43,15:13","10:45,14:15,15:26",4.12,54.95
Alice Martinez,"09:28,12:31,15:07","11:39,14:02,16:01",4.61,82.51
John Garcia,"09:14,12:13,15:29,19:02","11:32,14:23,17:53,19:53",7.72,62.95
Robert Miller,"09:00,10:56,15:05","10:09,13:38,16:48",5.57,82.48
Emma Brown,"09:12,11:32,14:40,16:55","10:33,13:42,15:56,16:59",4.85,83.29
James Williams,"09:06,12:25,15:17,17:23,19:51","11:42,13:50,16:29,18:49,20:18",7.1,52.86
Maria Williams,"09:07,12:11,15:21","11:26,14:44,16:40",6.19,59.73
John Miller,"09:30,12:31,16:02,18:24","11:25,14:49,17:38,19:39",7.08,54.43
Alice Smith,"09:12,13:06,16:37,19:05","11:54,15:22,18:13,19:54",7.39,73.32
Emma Smith,"09:14,11:12,13:59,16:15,18:03","10:18,12:46,15:25,17:22,18:28",5.62,90.92
John Brown,"09:27,13:00","12:08,14:22",4.06,66.17
James Brown,"09:17,12:26,15:52,18:16","11:15,15:14,17:09,19:38",7.42,51.2
David Garcia,"09:00,12:49","11:59,14:05",4.26,96.59
Sophia Miller,"09:28,12:16","11:32,14:20",4.14,61.38
Emma Brown,"09:19,12:19,15:10","11:14,14:39,17:00",6.1,57.95
Olivia Smith,"09:29,13:25","12:17,14:37",4.02,62.87
James Williams,"09:13,11:35,14:14","10:56,13:36,15:49",5.33,91.38
Robert Martinez,"09:12,11:52,13:52,16:16,18:31","11:06,13:12,15:23,17:17,19:06",6.36,63.25
David Williams,"09:11,11:36,13:58,15:49,19:36","10:34,13:09,15:02,18:44,20:20",7.66,65.69
David Miller,"09:09,12:04,15:59","11:05,14:52,17:18",6.07,57.93
Alice Davis,"09:30,11:57,14:20,18:12","11:10,13:16,17:15,19:28",7.18,96.68
Emma Garcia,"09:09,12:21,14:27,16:44","11:43,13:32,16:10,18:24",7.14,56.98
Emma Smith,"09:20,11:29,15:03","10:31,14:01,15:44",4.41,87.9
Robert Smith,"09:06,11:35,13:57,16:06,17:55","10:14,12:53,15:10,17:12,18:51",5.68,87.62
John Rodriguez,"09:14,11:36,14:04,17:27","10:30,12:57,16:09,18:34",5.82,68.43
John Rodriguez,"09:07,11:24,14:11","10:47,13:00,15:10",4.26,84.25
James Johnson,"09:19,12:30,16:01,18:59","11:24,15:09,17:53,19:34",7.19,89.83
Emma Garcia,"09:12,13:06","11:56,14:43",4.37,68.65
Robert Brown,"09:06,12:39,14:50,17:51","12:03,13:50,16:44,17:58",6.16,95.16
Emma Martinez,"09:23,11:27,13:48,15:55,18:31","10:46,12:31,15:11,17:35,19:59",6.97,96.51
David Garcia,"09:26,12:17,15:46","11:03,15:01,16:33",5.14,65.37
Olivia Smith,"09:11,11:56,15:04","11:08,14:09,17:03",6.16,59.34
Robert Johnson,"09:15,12:42,15:07","11:53,14:19,16:07",5.25,77.35
Olivia Miller,"09:09,12:21,15:21,17:30","10:52,14:42,16:43,17:59",5.93,57.31
Maria Smith,"09:05,11:28,14:54,18:11","10:15,13:32,17:21,18:50",6.34,66.2
Maria Smith,"09:25,12:40,16:12,18:33","11:54,15:12,17:40,18:36",6.55,56.43
James Williams,"09:01,12:50","11:50,14:05",4.08,52.42
Sophia Brown,"09:27,11:33,13:48","10:35,12:44,16:18",4.82,69.75
James Johnson,"09:06,11:08,14:10","10:21,13:16,15:30",4.73,57.97
David Williams,"09:22,12:31,15:53,18:11","11:45,14:55,17:20,18:39",6.71,79.71
John Williams,"09:29,13:21,17:07","12:26,16:21,19:02",7.87,86.35
John Jones,"09:17,12:25","11:25,14:32",4.25,91.47
Olivia Miller,"09:22,12:28,15:41,19:14,21:13","11:35,14:26,18:05,20:16,21:15",7.66,65.08
Michael Johnson,"09:22,13:13,17:01,19:37","12:21,16:00,18:14,20:35",7.97,89.87
Emma Johnson,"09:27,11:58,15:25,17:48,20:13","10:46,13:57,17:02,19:07,20:33",6.58,64.65
James Davis,"09:04,13:16,16:49","12:03,15:49,19:14",7.95,51.37
Emma Smith,"09:26,12:36,16:04","11:14,15:02,17:27",5.62,79.41
Olivia Smith,"09:10,12:43,14:59,17:31,19:55","11:45,14:19,16:22,18:59,20:01",7.14,99.97
James Jones,"09:05,12:35,15:31","11:45,14:52,15:48",5.23,62.88
Alice Smith,"09:19,13:29","12:16,15:20",4.81,92.56
David Jones,"09:18,11:42,14:37","10:56,13:31,15:25",4.26,79.55
Alice Martinez,"09:29,11:53,15:03","11:10,13:54,16:23",5.05,79.87
Robert Garcia,"09:26,11:23,15:00","10:31,14:00,16:18",5.01,91.14
Robert Williams,"09:05,12:26","11:49,15:03",5.35,86.51
Olivia Smith,"09:28,13:09","12:24,14:26",4.23,82.53
Olivia Johnson,"09:08,11:17,14:59","10:22,13:57,15:48",4.73,54.02
David Johnson,"09:28,11:14,15:30","10:28,14:03,16:29",4.81,93.17
Sophia Miller,"09:23,11:45,14:33,17:27","11:08,13:55,16:24,17:46",6.09,55.2
Michael Jones,"09:18,11:53,15:45,18:26","11:11,14:31,17:20,19:45",7.42,66.07
Alice Miller,"09:24,13:10,16:25","11:55,15:11,16:28",4.59,79.4
Emma Davis,"09:03,12:01,15:40","11:12,14:35,16:16",5.32,77.2
James Martinez,"09:17,11:54,13:54,16:23","10:50,13:03,15:24,17:14",5.05,88.55
Robert Johnson,"09:29,11:53,15:44,18:23,20:25","10:54,14:43,17:23,19:37,21:11",7.91,68.97
David Brown,"09:25,12:43,15:24","11:35,14:33,15:53",4.49,60.09
Sophia Davis,"09:03,13:01,16:37","11:40,15:26,18:25",6.85,95.78
Emma Williams,"09:30,12:37","11:54,14:28",4.26,53.36
Alice Brown,"09:28,13:25,16:28,19:02","12:16,15:28,18:04,20:17",7.71,72.91
Olivia Garcia,"09:20,12:10,15:28","11:06,14:32,16:04",4.74,95.65
Olivia Martinez,"09:17,12:13,14:28,17:28","10:53,13:34,16:32,18:36",6.15,60.46
Sophia Jones,"09:11,11:47,14:38","10:26,13:25,16:53",5.14,98.63
Michael Williams,"09:24,12:20,15:40","11:38,14:35,16:54",5.73,74.69
Sophia Williams,"09:26,12:19,16:23,18:33","11:11,15:14,18:02,19:03",6.82,74.86
Maria Miller,"09:12,12:12,14:47,17:56","11:11,13:55,16:52,18:56",6.8,58.05
Maria Williams,"09:00,11:49,15:03,18:45","10:47,14:18,17:46,19:14",7.48,89.45
Alice Jones,"09:03,11:08,14:44,17:09","10:03,13:22,16:17,17:56",5.57,56.49
Olivia Garcia,"09:16,12:09,15:43","11:03,14:44,16:27",5.12,50.01
Maria Martinez,"09:00,12:41","11:57,13:53",4.15,78.15
Sophia Davis,"09:24,12:52,16:09","11:33,14:49,17:31",5.48,53.88
John Williams,"09:00,12:13,15:11,18:49","11:11,14:14,18:09,19:28",7.83,58.06
Emma Brown,"09:11,12:26,14:47,17:13","11:13,13:45,16:17,18:43",6.35,89.6
Olivia Smith,"09:30,12:22,15:44","11:43,14:46,16:58",5.86,98.67
John Garcia,"09:10,11:26,13:08","10:34,12:31,14:56",4.29,99.76
Olivia Garcia,"09:24,11:41,13:28,16:06,20:16","10:47,12:46,15:06,18:58,20:56",7.64,67.05
Sophia Rodriguez,"09:08,12:30,14:44,16:33","11:27,13:33,15:44,18:19",6.14,55.53
John Garcia,"09:00,12:11","11:37,14:00",4.45,86.69
Olivia Johnson,"09:28,13:20,16:24,20:10","12:16,15:36,19:11,20:10",7.87,80.82
John Davis,"09:29,12:07,15:10","11:14,14:35,15:21",4.41,65.75
Sophia Jones,"09:28,13:00,16:43","12:04,15:29,17:29",5.87,94.66
John Davis,"09:10,12:41,15:01,19:11","11:38,13:56,17:58,20:13",7.71,65.27
David Rodriguez,"09:29,11:34,13:53,16:59","10:39,12:53,16:13,17:02",4.87,72.52
Maria Martinez,"09:24,11:46,14:30","10:39,13:39,16:32",5.17,80.02
Alice Williams,"09:04,11:42,14:00,16:35,19:15","11:07,12:47,15:15,18:18,19:15",6.11,97.14
Alice Johnson,"09:19,13:14,15:13,17:46","12:08,14:31,16:24,19:20",6.86,54.14
Michael Johnson,"09:26,11:37,13:34,15:59,18:47","10:35,12:45,15:03,18:07,20:30",7.63,51.33
James Jones,"09:01,11:36,14:04","10:49,13:07,15:01",4.28,69.14
John Williams,"09:03,12:22,15:13,19:07","11:48,13:49,17:57,19:23",7.21,80.32
Maria Martinez,"09:15,12:15,16:01","11:41,14:47,18:35",7.54,68.51
Michael Davis,"09:01,11:47,14:53,17:39","10:34,13:49,16:19,18:22",5.74,91.78
John Johnson,"09:06,12:16,15:42,19:27","10:58,14:33,18:38,20:08",7.77,75.25
Maria Johnson,"09:00,11:37,14:25,16:37","10:31,13:17,15:27,17:11",4.79,56.71
Michael Davis,"09:14,11:08,13:30","10:31,12:13,16:18",5.17,71.41
Alice Garcia,"09:10,12:40,16:01","12:00,15:25,17:40",7.25,72.06
Sophia Brown,"09:08,12:54,16:49","12:02,15:52,18:27",7.51,59.12
Alice Miller,"09:20,11:59,14:49,17:09","11:08,13:44,16:18,18:01",5.91,69.69
Robert Williams,"09:11,12:49,15:21,18:38","12:04,14:22,17:25,19:27",7.32,92.27
David Rodriguez,"09:12,12:41,15:52","11:55,14:35,16:07",4.88,83.79
James Miller,"09:07,11:22,13:51,16:15","10:20,12:52,15:19,16:59",4.92,83.63
James Jones,"09:13,12:11,15:22","10:51,14:40,16:07",4.87,66.96
Maria Johnson,"09:17,12:28,15:39,18:20","11:14,14:20,17:34,19:10",6.58,95.7
Michael Johnson,"09:02,10:58,14:29,16:30,18:31","10:12,13:34,15:43,17:57,18:49",6.77,68.15
Emma Jones,"09:26,13:10,15:24","12:17,14:18,16:20",4.92,97.49
Alice Smith,"09:22,13:07,16:38","11:51,15:36,17:14",5.57,92.6
Alice Davis,"09:14,11:15,14:52,17:20,19:27","10:22,13:48,16:37,18:33,19:50",7.04,99.69
Michael Rodriguez,"09:30,12:05,15:46,18:00","10:53,14:39,16:59,19:49",6.99,50.81
Alice Williams,"09:25,11:26,15:41","10:37,14:21,15:52",4.3,81.06
Michael Rodriguez,"09:02,12:37,15:52,19:18","11:52,15:00,18:21,19:27",7.86,76.19
James Jones,"09:18,12:47,16:11","11:59,15:24,18:13",7.34,54.54
John Williams,"09:23,12:02,13:55,17:28","10:50,13:11,16:33,18:30",6.28,96.05
Alice Garcia,"09:09,12:11,16:12,19:40","10:50,15:03,18:17,20:05",7.06,97.66
James Garcia,"09:15,11:55,14:11,16:44","11:06,12:57,15:40,19:11",6.83,74.65
David Davis,"09:19,11:46,14:36,17:25","10:55,13:36,16:46,18:00",6.19,95.63
David Garcia,"09:28,12:23,14:55,18:14,21:01","11:46,13:35,17:04,20:25,21:10",8,76.96
Sophia Garcia,"09:10,12:11,15:42","11:11,14:31,16:28",5.12,93.14
Robert Jones,"09:11,12:40,15:48,18:01","11:37,14:36,16:58,18:30",6.02,92.52
Alice Jones,"09:03,11:31,14:05","10:34,12:46,15:28",4.15,93.32
Alice Martinez,"09:21,12:34,14:27,17:30","11:23,13:36,16:16,19:44",7.13,85.13
Robert Williams,"09:21,11:33,14:54","10:23,13:51,16:17",4.73,93.11
Sophia Garcia,"09:07,11:31,14:01,17:20","10:36,13:05,16:26,18:31",6.65,70.22
John Williams,"09:27,11:15,15:28","10:28,14:07,16:14",4.66,79.77
Maria Garcia,"09:12,12:07","11:34,14:01",4.27,64.4
Olivia Brown,"09:14,12:47,14:52","11:51,13:55,16:03",4.94,59.54
Olivia Garcia,"09:23,11:12,14:48,17:43,20:05","10:26,13:43,16:57,19:03,20:53",7.86,51.25
Sophia Jones,"09:15,12:24,14:55,16:58","11:30,13:56,16:07,17:00",5.03,71.58
James Jones,"09:20,12:10,14:37,16:54","10:50,13:46,15:57,18:08",5.67,59.29
Maria Smith,"09:03,12:43,14:59","11:50,14:08,16:04",5.29,81.66
Emma Johnson,"09:08,11:02,13:30,16:45","10:12,12:21,15:30,18:22",6.02,83.65
David Rodriguez,"09:16,12:37,16:02,18:46","11:20,14:51,17:47,18:48",6.1,95.01
Sophia Johnson,"09:27,12:41,16:26","11:59,15:10,18:46",7.35,59.44
Maria Johnson,"09:13,11:40,14:20","10:41,13:13,17:03",5.75,71.92
Alice Williams,"09:01,12:05,14:52,17:27,20:42","10:57,14:08,16:15,19:31,21:13",7.95,93.06
Olivia Miller,"09:22,13:23,17:16,19:39","12:11,16:09,18:37,20:02",7.33,64.14
Sophia Rodriguez,"09:14,12:04","11:15,14:20",4.3,63.38
John Martinez,"09:12,13:21,16:49","12:07,16:05,17:56",6.77,75.29
Alice Williams,"09:02,11:11,14:07,18:11,21:09","10:05,13:27,16:48,20:08,21:11",7.99,81.64
Michael Jones,"09:08,12:31,15:58","11:15,15:15,16:45",5.64,55.98
Emma Garcia,"09:06,12:46,16:18,18:12","11:40,15:07,17:24,18:30",6.33,90.87
David Garcia,"09:20,13:36","12:17,14:53",4.25,68.82
John Jones,"09:28,12:01,14:05,18:07","11:13,13:09,16:59,19:23",7.05,81.49
James Rodriguez,"09:29,12:11,14:25,16:53","10:50,13:19,15:57,17:58",5.11,86.33
James Smith,"09:25,13:22,15:50","12:24,14:30,16:31",4.8,98.93
John Brown,"09:09,11:11,13:41,16:54","10:26,13:06,15:42,18:13",6.54,81.81
James Rodriguez,"09:27,12:16,15:42,17:58","11:16,14:29,16:43,18:39",5.74,80.52
Olivia Martinez,"09:17,12:22,15:50","11:06,14:48,17:18",5.73,55.14
Michael Martinez,"09:03,12:20,16:07","11:24,14:57,16:35",5.45,64.71
Robert Brown,"09:28,11:58,15:08,18:04,20:20","11:24,13:59,17:21,19:18,20:31",7.59,93.82
David Martinez,"09:26,11:46,14:51,17:02","10:55,14:03,15:55,18:37",6.43,56.26
Robert Jones,"09:10,11:17,15:32","10:23,14:10,16:07",4.69,86.35
David Rodriguez,"09:12,11:00,13:46,16:14,18:38","10:29,12:29,15:04,17:31,20:10",6.89,77.15
Robert Martinez,"09:20,11:48,15:19","11:10,14:17,16:17",5.29,84.77
John Miller,"09:01,11:57,15:12","11:05,14:07,15:13",4.27,62.75
John Johnson,"09:09,11:46,14:29,16:57","11:04,13:32,15:46,17:56",5.96,92.71
Maria Johnson,"09:20,12:46","11:39,14:34",4.12,67.9
David Davis,"09:20,12:42,15:00","11:34,13:50,17:32",5.92,68.81
Emma Garcia,"09:26,12:04,14:46,17:04","10:59,14:13,16:04,18:34",6.51,56.9
John Williams,"09:25,12:46,15:47","12:03,14:47,16:43",5.59,60.23
Emma Smith,"09:16,12:03,14:28","11:22,13:54,14:39",4.14,56.83
Olivia Williams,"09:21,12:00,14:57,17:44","10:53,13:51,16:41,17:48",5.2,87.45
Sophia Martinez,"09:24,12:40,15:22,18:12","12:03,14:25,17:19,19:23",7.54,62.11
Emma Davis,"09:17,12:59,15:07","11:55,14:13,16:02",4.8,82.76
James Brown,"09:26,11:35,14:19,16:25,18:59","10:41,13:12,15:51,18:11,19:24",6.58,97.13
Olivia Martinez,"09:06,12:03","10:52,14:17",4,80.62
Alice Garcia,"09:18,11:48,15:12","10:45,14:14,16:22",5.06,75.25
James Williams,"09:01,11:04,14:27,17:57","10:16,13:22,16:46,18:33",6.48,51.96
Maria Garcia,"09:25,11:50,13:58,17:01","10:51,13:11,15:57,17:46",5.53,78.47
James Brown,"09:04,11:28,14:16,17:05","10:51,13:23,16:11,18:02",6.57,62.61
Alice Smith,"09:09,12:33,15:21","11:41,14:29,18:00",7.12,71.77
John Davis,"09:10,11:33,15:13","10:23,13:53,17:04",5.41,53.09
James Davis,"09:05,11:25,15:00,17:08","10:10,13:57,16:06,18:28",6.05,92.54
Maria Miller,"09:13,11:43,15:11","11:10,14:12,16:30",5.76,98.63
Olivia Garcia,"09:13,13:19,16:07,18:45","11:59,15:25,17:27,19:09",6.6,81.18
Alice Brown,"09:15,13:14","12:08,15:01",4.68,73.31
Alice Miller,"09:25,13:06,16:37,19:45","12:08,15:45,18:55,19:51",7.77,79.99
Alice Martinez,"09:12,12:23,16:26,18:45","11:47,15:18,17:45,19:19",7.39,66.74
Sophia Garcia,"09:08,13:13,15:34","11:55,14:38,16:28",5.1,76.6
Maria Davis,"09:13,12:10,16:19","10:53,14:58,17:57",6.11,86.41
Michael Martinez,"09:02,12:33","11:22,14:18",4.1,51.97
John Johnson,"09:20,12:51,15:09,18:18","11:44,14:25,17:32,18:25",6.48,79.06
Maria Johnson,"09:28,12:36,15:20,17:29,21:26","11:17,14:26,16:30,20:08,21:28",7.5,94.62
Olivia Rodriguez,"09:00,11:03,14:32,16:36","10:01,13:25,15:54,16:39",4.81,59.51
Emma Miller,"09:09,11:55,15:43,17:41","10:40,14:32,16:48,17:52",5.42,98.41
Robert Brown,"09:15,11:42,15:00,17:02","10:36,14:02,16:07,19:07",6.9,60.97
Michael Garcia,"09:07,11:57,14:13","11:08,13:26,15:33",4.84,63.76
Sophia Rodriguez,"09:04,12:59,16:02","11:54,14:47,16:39",5.25,98.14
Sophia Brown,"09:24,12:21,14:36,17:47","10:59,13:40,16:53,17:53",5.3,77.36
James Garcia,"09:24,13:17","12:11,14:30",4.02,76.21
Maria Jones,"09:26,12:11,15:45,18:39","11:28,14:28,17:39,19:46",7.34,81.64
Robert Johnson,"09:25,13:03,16:13","11:42,14:57,18:26",6.4,83.22
Michael Garcia,"09:00,11:54,15:01,17:40","10:52,13:40,17:06,17:54",5.95,50.06
Michael Rodriguez,"09:06,11:39,15:40","11:03,14:29,17:42",6.83,60.48
Robert Miller,"09:10,11:29,15:17","10:19,14:18,16:51",5.55,94.96
Robert Williams,"09:26,11:36,14:29,17:32","10:47,13:07,16:16,19:33",6.67,68.44
David Brown,"09:08,12:00,14:44,17:50","11:01,13:58,17:16,18:33",7.11,70.77
Sophia Martinez,"09:05,12:22,15:32","11:26,14:13,17:14",5.91,91.69
Robert Davis,"09:23,12:40,15:45","11:37,14:47,16:35",5.19,95.21
John Williams,"09:14,10:57,14:42,16:59","10:16,13:18,16:20,17:17",5.32,89.39
David Garcia,"09:06,11:28,14:09,16:32","10:32,13:14,15:29,16:40",4.68,96.65
Sophia Williams,"09:03,11:03,14:28","10:06,13:39,14:57",4.15,70.2
David Johnson,"09:30,12:31,14:30,17:36,21:36","11:10,13:44,16:13,20:09,22:00",7.56,79.35
James Brown,"09:04,11:49,15:06","10:46,13:42,17:26",5.92,76.31
Emma Miller,"09:21,11:05,15:02,17:32","10:22,13:54,16:28,17:34",5.3,93.4
Maria Johnson,"09:10,11:44,14:29,16:56","10:48,13:53,16:08,17:17",5.8,56.53
Maria Smith,"09:01,11:48,14:29,17:48","10:40,13:33,16:38,18:27",6.2,88.22
David Johnson,"09:24,12:10,16:17,19:08","10:45,14:54,17:59,19:53",6.54,90.74
Michael Martinez,"09:00,11:35,15:12","10:15,14:16,15:18",4.04,70.14
Emma Williams,"09:25,11:44,15:08,19:25","10:38,13:55,18:01,19:42",6.58,82.99
Emma Miller,"09:05,11:31,14:45,17:43","10:24,13:20,16:47,17:53",5.34,54.17
John Smith,"09:19,12:55","11:46,15:08",4.68,90.04
Alice Garcia,"09:04,11:36,15:19","10:22,13:56,17:22",5.7,65.14
David Garcia,"09:15,12:54,15:49","11:48,14:53,16:41",5.41,80.43
David Smith,"09:13,11:43,14:32","10:41,13:44,16:42",5.65,69.33
James Johnson,"09:01,12:16,16:15,18:31","11:04,15:03,17:55,18:33",6.54,99.85
Emma Davis,"09:29,13:23","12:24,14:54",4.45,85.57
John Davis,"09:16,12:50","12:09,14:25",4.48,80.77
Olivia Garcia,"09:20,12:53,15:08,18:47","12:01,14:12,17:45,19:21",7.19,90.99
James Miller,"09:08,11:47,14:56,17:22","10:39,13:56,16:22,17:30",5.25,82.7
Alice Smith,"09:05,12:48,14:57","11:38,14:25,15:02",4.26,81.6
Alice Martinez,"09:06,12:00,14:56","11:12,14:06,15:03",4.32,69.56
James Jones,"09:21,13:22,15:14,17:51,20:47","12:18,14:33,16:46,19:50,20:59",7.85,87.11
Maria Garcia,"09:15,12:50,15:06","11:47,14:29,16:25",5.5,91.39
John Johnson,"09:03,11:40,14:48,16:50","10:53,13:58,16:11,19:18",7.99,92.31
Michael Rodriguez,"09:25,12:06,14:36,17:44","11:03,13:54,16:33,17:47",5.43,91.06
Robert Garcia,"09:29,11:40,15:32,17:54","10:40,14:36,17:14,18:00",5.92,99.22
Maria Jones,"09:21,12:10,14:56,18:23","10:50,13:44,17:26,18:42",5.88,93.36
John Williams,"09:22,12:00,15:23","11:29,14:43,17:43",7.17,60.55
Olivia Miller,"09:14,12:23,14:52,19:06","11:15,13:40,17:45,20:03",7.14,96.18
Emma Rodriguez,"09:01,12:52,16:27","11:26,15:44,18:20",7.18,54.31
Sophia Garcia,"09:06,11:21,13:30,16:52,19:54","10:18,12:26,15:56,18:43,21:17",7.96,92.64
Michael Garcia,"09:23,12:57,15:27,18:12","11:56,14:20,17:24,18:49",6.5,85.06
Robert Rodriguez,"09:09,12:07,14:04,17:19,19:55","11:19,13:08,16:14,18:58,20:49",7.91,90.87
Robert Williams,"09:19,12:23","11:17,14:37",4.21,97.91
John Smith,"09:15,11:42,15:18","10:43,14:31,17:22",6.35,86.84
Michael Smith,"09:02,12:15","11:29,14:29",4.69,82.61
Sophia Martinez,"09:05,11:56,15:43","11:12,14:34,17:29",6.52,55.29
Emma Garcia,"09:07,13:01,15:40,18:11","12:03,14:25,16:55,18:38",6.05,77.73
Robert Brown,"09:30,12:39,16:38","11:37,15:39,18:39",7.14,95.54
Robert Williams,"09:03,11:47,14:30,17:19","10:21,13:48,16:24,18:21",6.25,99.48
James Williams,"09:19,12:16,14:59","11:21,13:55,15:41",4.39,69.1
Alice Johnson,"09:06,12:41,15:16","11:52,13:53,15:48",4.5,89.41
Olivia Williams,"09:07,11:33,15:28","10:27,14:21,17:34",6.23,84.38
Michael Brown,"09:12,11:50,14:58","10:40,14:09,15:55",4.74,79.21
Maria Brown,"09:17,12:40,15:31,18:39","12:02,14:32,17:41,19:08",7.28,62.78
Maria Johnson,"09:09,12:34,15:52","11:33,14:57,16:16",5.2,77.52
Sophia Jones,"09:05,12:01,15:00,17:21","11:18,13:59,16:31,18:27",6.81,55.42
Maria Rodriguez,"09:12,12:20,14:09,17:03","11:34,13:28,16:05,19:35",7.98,61.78
Alice Brown,"09:22,12:51,15:12,16:58,20:29","11:42,14:12,16:14,19:38,20:52",7.77,68.44
Sophia Brown,"09:06,12:42,16:29","11:30,15:28,17:37",6.3,52.91
James Williams,"09:15,12:48,16:28","11:54,15:32,18:13",7.14,67.51
Sophia Williams,"09:11,12:53,16:08","11:56,15:13,16:55",5.88,51.63
Alice Williams,"09:27,12:46,15:13,17:38","11:45,14:21,16:45,19:09",6.93,59.66
Alice Brown,"09:11,12:23,15:04,18:38","11:23,13:39,17:34,19:47",7.13,64.93
Michael Davis,"09:02,12:57,15:01,17:52","11:54,14:14,16:39,18:03",5.98,68.11
David Davis,"09:05,11:56,14:09,16:35,19:57","10:57,13:03,15:36,18:39,20:22",6.92,96.79
Robert Johnson,"09:24,12:01,15:46","11:31,14:39,17:45",6.75,63.66
James Smith,"09:28,12:02,14:43,18:17","11:07,14:05,17:25,18:24",6.53,85.7
David Smith,"09:08,11:40,13:47,17:47","10:30,13:06,16:41,18:20",6.25,94.39
Emma Martinez,"09:01,11:55,14:58,18:08","11:02,14:03,16:55,18:40",6.64,90.75
Olivia Williams,"09:14,11:14,14:46,17:41","10:37,13:51,16:30,18:14",6.3,78.05
Olivia Jones,"09:04,12:14,15:41,17:31","11:38,14:28,16:42,19:26",7.74,57.03
Olivia Smith,"09:27,13:13,17:11","12:15,15:57,18:00",6.36,88.54
Sophia Williams,"09:10,11:35,14:03,17:21,19:42","10:57,12:59,16:02,18:51,20:58",7.94,76.31
Michael Davis,"09:02,12:15,15:08","11:26,14:13,15:23",4.62,58.62
Emma Miller,"09:21,12:40,16:35","11:48,15:17,17:30",6,72.66
Alice Martinez,"09:07,11:19,15:15","10:24,13:52,16:34",5.16,83.96
Alice Smith,"09:21,12:25,15:27,17:50,20:20","11:27,14:45,16:37,19:29,20:55",7.84,50.98
Michael Smith,"09:16,12:09,15:38,18:55","10:53,14:45,17:37,19:30",6.8,82.81
Maria Brown,"09:24,12:15,15:51","11:16,14:58,17:11",5.93,97.42
David Miller,"09:24,12:03,14:21","11:04,13:14,16:12",4.7,66.99
Alice Miller,"09:15,12:13,14:39,18:11","11:03,13:58,17:14,19:05",7.04,63
John Brown,"09:07,12:05,15:15","11:01,14:27,16:20",5.35,59.23
Maria Miller,"09:21,11:50,14:14,16:49","11:01,13:13,15:40,17:15",4.93,90.78
Michael Martinez,"09:09,11:51,15:15","10:59,14:15,15:49",4.81,72.78
John Williams,"09:08,13:05","12:04,14:15",4.11,70.87
Michael Brown,"09:26,11:45,14:15","10:41,13:21,16:37",5.22,90.42
Alice Williams,"09:02,10:53,13:47,16:18","10:08,12:52,15:33,16:26",5,78.48
Maria Smith,"09:18,12:37,16:33","11:44,15:32,17:20",6.15,94.21
David Garcia,"09:01,11:18,14:50,17:59","10:05,13:54,16:47,18:37",6.26,59.71
Maria Rodriguez,"09:27,11:55,14:59","10:55,13:45,16:07",4.44,93.45
John Martinez,"09:19,12:45,16:34","11:38,15:27,17:19",5.78,63.29
John Garcia,"09:02,10:57,13:26,16:19","10:07,12:27,15:15,16:44",4.83,93.88
Olivia Martinez,"09:11,12:31,16:08","11:49,15:09,16:09",5.3,86.71
Alice Johnson,"09:03,12:40,15:01,17:07","11:35,13:52,16:12,18:23",6.19,70.45
John Johnson,"09:16,12:05,14:13,16:25,19:23","11:05,13:14,15:14,18:11,20:31",6.89,73.37
Robert Williams,"09:19,12:21,14:42,17:30","11:38,14:06,16:40,18:24",6.95,89.47
Olivia Williams,"09:28,12:25,15:09,18:17","11:23,13:55,17:32,19:28",7,77.76
John Brown,"09:15,11:11,15:01","10:16,13:51,15:29",4.16,96.28
Emma Smith,"09:30,12:49,15:16","11:33,14:25,16:47",5.18,81.94
Michael Brown,"09:28,12:40,16:37","11:21,15:09,19:13",6.98,75.38
David Brown,"09:13,12:42","12:01,14:43",4.83,99.21
James Miller,"09:19,11:52,14:08,17:41","10:52,13:08,16:25,19:18",6.72,59.34
James Rodriguez,"09:00,11:41,13:50,16:09","10:36,12:58,15:16,17:37",5.79,93.09
James Davis,"09:10,12:07,15:31","10:45,14:21,16:31",4.82,63.6
John Martinez,"09:17,11:45,13:58,17:12","10:49,12:54,16:09,18:07",5.79,88.79
Olivia Miller,"09:21,12:06,15:47","10:56,14:50,15:56",4.48,96.23
Robert Rodriguez,"09:11,12:40,15:16","11:47,14:16,15:27",4.39,61.78
Robert Miller,"09:25,11:56,14:21,17:03","11:08,13:21,15:44,18:51",6.33,83.37
Sophia Martinez,"09:18,12:48,14:48","12:03,14:15,15:42",5.1,87.46
Emma Martinez,"09:09,11:55,15:22,18:19,20:59","11:09,14:18,17:13,19:33,21:27",7.95,83.62
Olivia Jones,"09:20,13:10,15:13,17:46","12:16,14:35,16:37,19:37",7.61,52.67
Maria Johnson,"09:03,12:10,14:30,16:56","11:07,13:19,16:18,17:11",5.27,82.75
Sophia Martinez,"09:04,11:31,14:30,17:14","10:26,13:39,16:18,17:49",5.9,56.9
Michael Smith,"09:25,11:57,15:23,17:50","11:03,14:41,16:46,18:22",6.3,91.24
Maria Miller,"09:17,11:44,14:49,17:54","10:47,13:33,17:13,18:29",6.31,81.54
David Rodriguez,"09:11,12:56","12:04,15:25",5.37,87.16
John Miller,"09:03,12:28,15:24","11:32,14:36,16:46",5.99,86.93
Olivia Johnson,"09:16,11:46,15:59","10:50,14:36,17:09",5.57,57.42
John Garcia,"09:00,12:08,14:13,17:06,19:36","10:50,13:42,15:59,18:49,19:38",6.92,55.05
Olivia Miller,"09:17,11:38,15:57,18:31","10:27,14:30,17:04,20:10",6.8,54.48
Alice Williams,"09:28,12:58,15:09,18:34,20:54","12:06,14:03,17:43,19:53,20:57",7.66,60.56
Emma Brown,"09:30,13:32,15:11,18:14","12:21,14:32,17:07,18:21",5.91,66.36
Olivia Brown,"09:10,12:56,15:09,18:23","12:06,14:21,17:26,19:15",7.51,63.4
David Brown,"09:25,12:56,17:04,19:01","12:15,15:55,18:06,20:01",7.86,67.98
James Rodriguez,"09:21,11:36,13:36,16:14,19:31","10:32,12:39,15:20,18:50,20:23",7.45,72.27
Robert Garcia,"09:27,11:24,14:36,16:24","10:29,13:25,15:49,17:16",5.14,82.21
David Garcia,"09:30,12:44,16:17,19:02","11:39,15:17,17:53,20:27",7.73,94.47
John Williams,"09:12,12:36,16:05","12:05,15:14,17:17",6.72,57.33
John Jones,"09:13,11:36,14:50","10:24,13:50,16:05",4.67,81.95
Robert Davis,"09:13,12:34","11:26,14:44",4.4,74.53
Emma Garcia,"09:14,12:48,15:19","11:42,14:21,15:53",4.59,74.74
John Davis,"09:15,11:40,14:35,16:43","10:31,13:42,15:46,18:32",6.3,83.05
Alice Jones,"09:28,12:17,14:39,17:52","11:04,13:46,16:53,19:17",6.74,68.77
Emma Martinez,"09:28,11:54,13:57,17:28,19:37","10:46,13:06,16:26,18:43,20:30",7.13,67.84
James Williams,"09:08,11:03,13:05","10:19,12:17,14:59",4.32,71.04
Robert Williams,"09:01,12:27,16:00","11:31,14:58,18:04",7.1,65.72
Alice Rodriguez,"09:25,13:00,16:25","12:04,15:18,17:40",6.2,52.8
Maria Jones,"09:09,11:48,14:18,17:31","10:36,13:19,16:35,17:56",5.68,54.8
Maria Miller,"09:00,12:52,15:20,18:12","11:48,14:30,17:30,18:20",6.75,62.41
David Garcia,"09:00,12:12,15:23,17:28,19:59","11:21,14:21,16:34,19:04,20:10",7.48,65.16
Alice Johnson,"09:00,12:17,15:20","11:12,14:18,16:14",5.13,58.29
David Williams,"09:15,11:32,13:39,15:46","10:46,12:37,14:45,17:12",5.15,75.07
Robert Smith,"09:25,11:51,15:18,19:07","10:35,14:14,17:49,20:01",6.97,98.07
James Miller,"09:19,11:49,16:03","10:44,14:42,18:08",6.4,73.16
Alice Williams,"09:11,11:46,15:01,18:48","10:53,14:17,17:33,19:00",6.95,57.66
Michael Rodriguez,"09:16,12:11,15:05,19:00","11:23,14:05,17:41,19:28",7.1,63.68
John Davis,"09:28,13:26,15:36","12:27,14:56,18:16",7.16,85.64
David Smith,"09:04,11:49,14:08,17:19","10:28,13:24,16:30,19:10",7.2,89.65
Maria Rodriguez,"09:01,12:42,15:15","11:51,14:32,15:57",5.38,97.89
David Johnson,"09:25,12:48,15:01","11:34,14:07,15:41",4.14,55.86
Michael Brown,"09:07,12:29","11:54,13:45",4.05,81.02
Emma Jones,"09:18,13:00,15:31,19:03","12:09,14:25,17:52,20:15",7.83,73.79
Robert Williams,"09:09,12:18,16:00,19:18","11:03,15:02,18:14,19:25",7,57.47
Maria Martinez,"09:00,11:24,14:07","10:44,12:49,15:02",4.07,87.66
Maria Miller,"09:17,12:11,15:23","11:21,14:34,17:39",6.73,81.2
Emma Jones,"09:25,11:53","11:09,14:43",4.57,73.69
Olivia Johnson,"09:17,11:53,14:42,17:36","10:56,13:57,16:32,18:50",6.8,63.06
John Smith,"09:07,12:16,14:44","11:11,13:53,15:11",4.14,57.55
David Johnson,"09:18,12:44,15:16","11:33,14:30,15:59",4.75,62
Olivia Brown,"09:08,12:10,13:58,15:59","11:26,13:14,15:09,17:17",5.85,97.33
Robert Davis,"09:29,13:08,15:32,18:53","12:17,14:31,17:49,19:56",7.52,94.93
John Martinez,"09:08,11:54,13:51,17:02,19:28","10:55,12:55,16:03,18:53,20:13",7.6,54.63
Emma Rodriguez,"09:21,13:36,16:24","12:20,15:48,18:50",7.62,70.49
Alice Brown,"09:26,11:53,14:01,17:19","10:38,13:11,16:40,18:40",6.52,59.6
John Smith,"09:19,12:05,14:16","11:31,13:11,15:08",4.17,58.93
Emma Johnson,"09:07,10:53,14:44,17:05","10:09,13:23,16:21,18:31",6.59,93.87
Alice Smith,"09:13,12:05,14:24","11:04,13:23,15:50",4.59,67.79
Robert Johnson,"09:23,11:30,13:52,15:47","10:41,13:13,15:08,18:19",6.82,80.67
Robert Brown,"09:07,12:38,15:14,19:01","11:32,14:03,18:04,19:38",7.3,85.62
Maria Williams,"09:12,12:34,15:25,18:29","11:32,14:21,17:47,18:52",6.88,89.64
Olivia Brown,"09:24,13:09,15:45","11:55,14:16,16:55",4.81,76.47
Robert Johnson,"09:11,12:25","11:17,14:25",4.11,56.4
Alice Davis,"09:09,11:30,14:33,17:37","10:43,13:18,16:09,18:05",5.44,86.58
Michael Johnson,"09:27,12:51,16:26","11:55,15:46,16:31",5.48,60.86
Alice Rodriguez,"09:25,12:12,15:30","11:04,14:32,16:41",5.17,85.27
John Miller,"09:07,12:10,15:05","11:09,13:38,16:11",4.61,76.52
Olivia Davis,"09:25,12:57","11:44,15:20",4.7,97.67
James Garcia,"09:30,13:06","12:01,15:34",4.99,81
Olivia Miller,"09:04,11:25,15:05,17:06","10:30,13:54,16:13,17:26",5.39,63.61
Emma Davis,"09:11,12:05,14:43,17:56","11:14,13:25,17:10,19:27",7.36,87.06
Robert Miller,"09:12,11:41,15:19,19:21","10:26,14:21,18:05,20:16",7.59,79.04
Sophia Miller,"09:05,11:28,14:02,17:26,20:31","10:23,13:03,16:10,19:24,20:41",7.15,90
David Smith,"09:15,11:37,15:32,18:33","10:51,14:22,17:31,19:25",7.2,80.86
Sophia Smith,"09:00,11:44,14:52","10:37,13:35,17:20",5.94,72.11
Emma Jones,"09:21,11:50,15:09,18:53","10:31,14:03,17:48,19:38",6.79,60.77
Michael Miller,"09:09,12:02,14:13,16:24","11:00,13:16,15:30,18:25",6.39,95.61
James Williams,"09:07,12:29,16:27,18:55","11:12,14:58,17:34,19:33",6.33,96.43
John Smith,"09:02,12:05,15:04,17:36","11:22,14:00,16:43,18:57",7.25,56.94
Michael Williams,"09:02,11:01,14:28,17:46,19:48","10:06,13:13,16:31,19:01,20:27",7.22,75.39
Alice Jones,"09:08,12:45,15:15,18:15","11:53,14:39,17:17,19:08",7.57,74.72
Michael Martinez,"09:01,12:19","11:16,14:44",4.68,85.41
Robert Garcia,"09:11,12:52,15:02,17:07,19:39","11:34,14:10,16:14,18:39,19:40",6.43,98.25
James Brown,"09:21,12:04,15:00","10:54,13:53,16:15",4.62,94.84
David Jones,"09:25,12:56,16:51,18:50","12:04,15:24,18:11,19:05",6.7,51.12
Olivia Smith,"09:09,12:56,15:19,17:58,20:30","11:54,14:10,16:41,19:39,20:55",7.47,55.88
Emma Williams,"09:24,11:48,14:12,17:02","10:40,13:24,16:29,17:47",5.91,94.81
James Johnson,"09:08,12:11,16:20","11:32,15:04,17:09",6.1,80.3
Robert Rodriguez,"09:27,12:20,15:14,17:15","11:12,14:13,16:28,17:32",5.15,74.44
James Johnson,"09:21,12:22,14:51","11:17,13:54,16:15",4.87,97.45
David Garcia,"09:02,10:50,13:53,16:44","10:06,12:55,15:44,19:04",7.34,75.09
Michael Johnson,"09:10,12:20","11:12,14:48",4.52,53.1
David Jones,"09:13,12:18,14:38,18:01","11:16,13:41,16:55,18:43",6.43,92.56
Olivia Brown,"09:08,12:57,15:06","12:07,13:58,17:06",6.01,88.24
Sophia Smith,"09:13,12:11,14:20,16:24","11:00,13:24,15:37,16:45",4.64,55.78
Sophia Davis,"09:06,11:45,15:40,18:02","10:47,14:40,16:41,19:27",7.05,99.27
James Rodriguez,"09:10,12:58","11:44,14:55",4.53,71.84
Emma Garcia,"09:15,12:52,15:57","11:26,15:08,17:49",6.33,59.8
Olivia Brown,"09:13,12:53,15:39,18:20","11:40,14:26,16:57,19:51",6.82,51.87
Emma Brown,"09:18,12:06,14:26,18:45","10:57,13:35,17:23,19:42",7.04,90.41
John Johnson,"09:27,12:24,16:21","11:21,15:09,17:09",5.45,90.27
David Jones,"09:00,12:37,15:51,18:31","11:53,14:57,17:30,18:53",7.24,61.88
Michael Williams,"09:30,12:59,16:01","12:02,14:55,16:54",5.37,95.49
Emma Garcia,"09:09,11:52,14:36,16:27","10:22,13:18,15:40,18:31",5.79,77.9
Alice Johnson,"09:30,11:45,15:29,18:21","10:37,14:06,17:38,18:37",5.89,81.8
Robert Brown,"09:03,12:22,16:09,18:09","11:22,14:55,17:21,18:42",6.63,57.94
Emma Garcia,"09:25,13:47","12:22,16:08",5.31,62.48
Maria Smith,"09:19,11:35,14:31,16:57,19:33","10:40,13:41,16:09,18:28,20:00",7.05,93.86
Robert Williams,"09:13,11:12,13:35,17:01","10:13,12:48,16:11,17:22",5.55,77.49
Robert Garcia,"09:20,12:52,16:00","11:56,15:12,16:06",5.04,70.13
Robert Jones,"09:06,12:46,15:32,18:21","11:31,14:16,17:26,19:21",6.83,81.15
Olivia Miller,"09:06,11:44,13:56,17:07","10:30,13:06,16:18,18:02",6.06,84.55
Sophia Jones,"09:23,12:33,16:42","11:24,15:25,17:19",5.51,76.47
Emma Johnson,"09:04,11:46,15:26,18:02,19:51","10:28,14:19,16:59,19:03,20:57",7.63,99.13
James Johnson,"09:16,11:24,14:51","10:31,13:35,16:52",5.46,64.14
John Garcia,"09:21,12:38,15:02","11:44,14:00,15:59",4.71,88.27
Michael Brown,"09:25,12:29,16:15,18:31","11:23,15:24,17:25,19:53",7.42,61.15
David Smith,"09:10,11:36,14:56,17:27","10:46,14:18,16:44,17:30",6.16,74.49
James Williams,"09:27,13:25,15:37,17:49","12:23,14:39,16:58,18:27",6.16,80.7
David Smith,"09:07,11:43,13:35","10:50,12:52,15:36",4.9,75.37
Olivia Brown,"09:05,11:26,14:23,17:02,20:48","10:29,13:25,15:47,19:53,21:05",7.93,50.68
Emma Garcia,"09:16,11:34,14:23,18:22","10:42,13:19,17:15,20:15",7.93,88.51
James Garcia,"09:11,11:54,14:53","11:05,13:54,16:51",5.87,50.95
Maria Garcia,"09:05,11:58,13:58,17:23","10:45,13:08,16:38,17:41",5.81,62.98
Olivia Johnson,"09:02,11:56,14:25","10:55,13:45,15:22",4.65,63.41
John Miller,"09:18,11:18,14:37,17:03","10:29,13:37,15:51,17:58",5.65,93.47
John Jones,"09:24,12:33,14:47","11:46,13:51,15:17",4.17,72.01
John Garcia,"09:20,11:10,13:58","10:35,13:14,15:23",4.74,72.32
Maria Martinez,"09:01,11:26,13:47,17:41","10:03,12:35,16:39,18:15",5.62,82.9
Michael Martinez,"09:15,12:02,14:19,17:04","10:47,13:03,15:58,18:01",5.16,73.72
David Jones,"09:03,11:11,13:44,16:30","10:22,12:32,15:32,17:16",5.25,58.01
Robert Martinez,"09:20,11:47,14:17","10:57,13:16,15:16",4.1,73.77
Michael Miller,"09:10,12:52","11:44,14:49",4.52,61.61
Alice Garcia,"09:11,11:59,14:29,17:09","10:58,13:11,16:10,18:16",5.79,94.77
Emma Williams,"09:09,13:02,15:15,17:17","11:51,14:24,16:15,18:37",6.41,87.87
Alice Rodriguez,"09:02,11:53,15:21","10:58,14:06,17:11",6,87.28
Emma Martinez,"09:17,13:02,15:37","11:50,14:12,16:16",4.37,87.94
Emma Johnson,"09:01,11:10,14:23,17:41","10:17,13:20,16:52,18:05",6.33,87.01
James Johnson,"09:02,11:53,15:42","10:58,14:18,17:07",5.78,66.64
Maria Johnson,"09:11,12:09,15:19","11:22,14:19,15:22",4.41,54.66
Emma Johnson,"09:00,10:48,14:10,17:52,19:55","10:02,13:09,16:35,18:57,20:51",7.83,56.58
Emma Johnson,"09:29,12:33,14:52","11:34,13:52,15:33",4.1,99.6
John Johnson,"09:24,12:47,15:09,17:32,19:22","11:55,14:13,16:28,18:35,20:00",6.96,57.03
Olivia Jones,"09:29,12:53,15:55","11:50,14:51,18:15",6.66,69.35
Maria Williams,"09:15,12:29,15:09","11:30,14:18,16:39",5.57,80.26
Maria Brown,"09:15,12:08,15:07,17:34","11:12,14:12,16:36,18:03",5.99,74.16
Olivia Williams,"09:00,12:11,14:37,16:50","11:05,13:28,15:38,17:20",4.89,54.49
Robert Garcia,"09:00,11:25,13:49,17:18,19:31","10:30,12:46,16:43,18:22,20:05",7.38,60.04
Robert Brown,"09:07,12:12","11:32,14:03",4.27,63.49
Michael Jones,"09:11,12:45,15:41","11:56,15:06,16:55",6.34,97.88
Alice Miller,"09:20,12:54,15:33,18:46","11:54,14:35,18:02,19:01",6.99,62.69
Emma Garcia,"09:28,13:19,15:34","12:09,14:51,17:31",6.17,71.46
James Johnson,"09:07,12:37,15:59,19:26","11:17,14:57,18:40,19:59",7.74,82.49
Sophia Miller,"09:29,12:48,16:47","11:49,15:38,17:22",5.77,58.78
Olivia Miller,"09:19,13:21,16:06","12:08,14:48,16:34",4.75,75.33
John Williams,"09:00,11:52,14:45,17:48,19:42","10:40,13:41,17:04,18:50,20:27",7.59,65.41
James Jones,"09:28,11:43,14:01,16:38","10:49,12:51,15:38,17:24",4.87,72.94
Robert Johnson,"09:21,13:36","12:10,15:19",4.54,77.77
John Garcia,"09:10,11:54,14:51,16:56,19:58","11:08,14:13,16:11,18:56,20:11",7.83,97.13
Olivia Jones,"09:07,11:37,15:28","10:28,14:23,16:02",4.69,65.9
James Miller,"09:17,12:17,14:22","11:23,13:21,15:15",4.05,80.03
Alice Davis,"09:10,12:35,14:48","11:43,14:10,17:27",6.79,52.92
Maria Johnson,"09:10,11:27,14:30,17:45","10:48,13:28,16:34,18:22",6.35,83.26
Michael Smith,"09:10,11:06,14:54,17:41","10:12,13:59,16:56,19:22",7.65,70.88
John Brown,"09:15,12:19,14:52,17:55","11:25,13:29,16:57,19:31",7.02,52.42
Robert Davis,"09:21,11:48,15:12","11:07,14:13,16:05",5.08,70.09
Maria Rodriguez,"09:25,12:07,15:37,19:12","10:49,14:32,17:56,20:28",7.41,79.68
Michael Davis,"09:02,11:22,14:00,16:43","10:19,12:45,15:42,18:01",5.67,95.99
Alice Williams,"09:29,11:52,15:56","10:37,14:51,16:19",4.51,59.99
Robert Williams,"09:09,11:49,15:28,17:39","10:35,14:43,16:42,18:21",6.27,67.47
Olivia Johnson,"09:28,11:29,14:50,17:08","10:34,14:11,16:02,18:46",6.64,82.64
Robert Jones,"09:27,12:16,15:03,17:49,20:09","10:58,14:11,16:49,19:27,21:03",7.75,56.31
Olivia Smith,"09:21,11:40,14:46,17:54","10:36,13:45,17:12,19:21",7.22,56.78
Robert Martinez,"09:06,12:36,16:24","11:15,15:16,18:56",7.36,79.46
Maria Brown,"09:00,12:06","11:28,14:31",4.89,55.62
Emma Johnson,"09:18,12:49,15:32","11:29,14:45,16:57",5.54,86.83
Robert Williams,"09:29,12:13,15:14","11:32,14:16,15:15",4.12,58.5
Maria Rodriguez,"09:29,11:13,14:33","10:43,13:34,15:00",4.05,68.97
Olivia Rodriguez,"09:04,12:12,16:17","11:20,15:09,18:59",7.92,90.14
James Davis,"09:03,11:27,15:29,18:41,20:49","10:37,14:03,17:28,20:03,21:09",7.86,52.02
Olivia Brown,"09:15,13:14,15:54","12:08,14:49,17:47",6.36,90.6
James Martinez,"09:15,11:32,15:14,17:24,19:41","10:45,14:18,16:39,18:24,20:50",7.84,61.31
Maria Williams,"09:25,11:48,13:55,16:08","10:35,13:02,15:33,16:28",4.38,83
Maria Jones,"09:22,13:19,15:51,19:03","11:59,15:12,18:10,19:20",7.11,68.71
Robert Brown,"09:26,11:55,14:21,17:10","10:44,13:02,16:06,19:00",6.02,57.21
Alice Rodriguez,"09:26,12:44,15:40","11:54,14:47,15:51",4.71,55.03
Maria Johnson,"09:22,13:05","12:06,14:58",4.62,87.67
James Jones,"09:03,11:29,13:42,15:38","10:13,12:42,14:51,17:09",5.05,68.06
Robert Brown,"09:09,12:54","12:04,14:13",4.24,57.48
Emma Martinez,"09:05,12:45,16:02,18:31","11:37,14:55,17:41,18:43",6.55,50.2
Michael Johnson,"09:07,12:28,15:37","11:28,14:43,17:31",6.5,79.43
Alice Brown,"09:18,11:34,14:06,17:08","10:24,13:14,15:54,17:52",5.31,62.93
James Smith,"09:25,13:07","12:07,15:52",5.46,69.72
David Smith,"09:15,11:55,14:07,16:20","10:58,13:13,15:17,17:42",5.56,54.91
Michael Garcia,"09:21,12:08,15:01","11:13,13:39,16:16",4.64,81.89
Sophia Smith,"09:11,11:28,13:41,18:02","10:37,12:41,16:33,20:15",7.74,63.66
James Brown,"09:28,12:04,14:46","11:01,13:38,16:09",4.5,62.54
Sophia Smith,"09:03,11:33,14:26,17:00","10:22,13:31,16:18,17:33",5.7,71.09
Maria Martinez,"09:04,12:15,14:26","11:03,13:40,15:22",4.34,55.28
John Williams,"09:01,12:02,14:50,16:48","11:03,13:57,15:58,18:50",7.13,79.23
Robert Davis,"09:14,12:15,15:49","11:06,14:33,16:23",4.74,98.76
Olivia Brown,"09:28,11:36,15:28","10:35,14:27,16:45",5.26,93.29
James Garcia,"09:21,12:15,15:25","11:41,14:38,16:34",5.87,63.39
James Williams,"09:03,11:36,15:28","10:32,14:33,17:25",6.39,53.95
Maria Davis,"09:22,13:15","12:16,14:47",4.44,86.99
Sophia Brown,"09:01,12:16,15:08,17:24,20:13","11:16,14:00,16:25,19:02,20:21",7.04,56.89
Olivia Jones,"09:11,12:06,15:13,18:25","11:06,14:13,17:24,19:23",7.19,75.79
John Jones,"09:13,12:20,15:48","11:13,14:54,16:47",5.57,95.05
James Williams,"09:24,13:12","12:16,14:59",4.66,58.01
John Miller,"09:05,12:33,14:56","11:20,13:48,16:08",4.71,95.14
Alice Rodriguez,"09:20,12:50,15:09","11:56,13:54,16:08",4.66,53.09
John Garcia,"09:10,12:37","11:40,14:25",4.31,78.73
Alice Davis,"09:16,12:36,16:29","11:20,15:25,18:50",7.24,68.15
Robert Johnson,"09:20,13:14,16:46","12:15,15:59,18:46",7.68,97.55
Sophia Rodriguez,"09:07,12:28,15:07","11:21,14:33,17:16",6.47,72.23
Olivia Johnson,"09:00,12:13,15:01","10:59,14:23,16:28",5.6,53.27
Olivia Johnson,"09:17,12:54","11:51,15:28",5.15,55.35
Robert Rodriguez,"09:25,12:50,16:41","11:49,15:46,18:22",7.03,99.04
Sophia Rodriguez,"09:27,12:06,15:42","11:08,14:50,16:29",5.21,53.07
John Williams,"09:09,11:18,13:40,16:53,19:25","10:21,12:31,16:10,18:22,20:15",7.24,72.84
Alice Davis,"09:29,13:02,15:17,17:33","12:10,14:40,16:32,19:37",7.64,56.75
Robert Martinez,"09:01,12:27,15:46","11:35,14:45,17:10",6.28,57.49
Robert Garcia,"09:28,12:05,14:18,17:12,19:48","10:53,13:16,16:11,18:46,21:30",7.75,98.88
Olivia Jones,"09:04,10:56,14:45","10:05,13:44,15:27",4.53,63.38
Robert Garcia,"09:02,11:25,13:51,16:51,19:23","10:14,13:08,16:08,18:20,19:46",7.08,70.93
Robert Davis,"09:11,13:15,16:05","12:06,14:50,17:04",5.49,85.03
Michael Garcia,"09:23,11:26,14:10","10:51,13:20,15:57",5.15,75.62
Emma Davis,"09:06,12:57,14:56,16:50,19:23","12:03,14:25,16:05,18:21,19:43",7.42,74.66
Olivia Martinez,"09:08,12:50","11:39,15:12",4.89,87.48
James Smith,"09:03,12:49,15:03","11:54,14:07,16:20",5.44,95.52
Sophia Smith,"09:10,13:15","12:08,15:32",5.26,79.79
David Brown,"09:16,12:15,14:46,18:09","11:19,14:12,17:00,18:34",6.65,75.93
James Martinez,"09:08,12:18,14:44","11:13,13:36,17:04",5.72,66.08
Robert Williams,"09:05,10:56,14:28","10:10,13:34,15:35",4.84,57.22
Olivia Jones,"09:01,12:22,15:02","11:20,14:06,17:29",6.5,53.9
Alice Davis,"09:04,11:24,14:36","10:37,13:34,15:41",4.8,62.02
Sophia Jones,"09:10,13:08,15:15","11:54,14:18,16:50",5.49,89.23
Sophia Johnson,"09:19,13:10,16:28,18:57","12:18,15:13,17:57,20:16",7.84,79.86
Alice Rodriguez,"09:03,12:51,16:15","12:01,15:26,18:34",7.88,62.18
David Davis,"09:06,11:28,14:34,18:07","10:55,13:35,17:06,18:46",7.13,99.37
Robert Davis,"09:09,11:22,14:44,16:59","10:38,13:52,16:07,17:42",6.09,84.1
Robert Rodriguez,"09:27,11:51,14:41,16:43,19:54","10:34,13:44,15:47,18:26,21:07",7.05,99.28
Olivia Jones,"09:15,11:39,15:30","11:06,14:29,16:30",5.69,74.94
Michael Jones,"09:00,11:12,13:38,16:02,19:55","10:11,12:27,15:14,18:58,20:40",7.73,92.47
John Rodriguez,"09:12,12:08,15:39,17:47","11:17,14:47,16:48,19:16",7.38,76.04
Olivia Johnson,"09:12,13:07,15:53","11:47,15:11,16:34",5.33,65.13
Sophia Johnson,"09:15,12:22,14:59,17:44","11:03,13:38,16:46,18:40",5.79,68.82
Emma Jones,"09:16,12:30,14:35,17:18","11:35,13:42,16:11,17:31",5.33,86.74
Emma Miller,"09:04,12:41,16:41","12:02,15:38,18:10",7.41,57.87
John Johnson,"09:09,11:25,14:25","10:17,13:20,15:46",4.41,95.04
James Brown,"09:17,12:35,15:26,18:33","11:25,14:31,17:08,19:34",6.8,52.4
Maria Rodriguez,"09:12,12:40,16:11,18:42","11:30,15:11,17:35,19:08",6.67,53.43
Olivia Johnson,"09:15,13:01,16:11,18:42,20:33","11:59,15:11,17:30,19:52,20:44",7.57,73.9
John Smith,"09:26,11:48,15:41,19:04","10:47,14:29,18:06,19:56",7.33,74.13
David Jones,"09:11,11:58,15:00,18:13","11:01,13:46,17:23,18:41",6.49,55.33
Robert Garcia,"09:06,12:06,14:46,16:42","11:25,13:32,15:51,18:38",6.77,74.43
John Rodriguez,"09:24,13:07,15:43,19:45","12:13,14:54,18:27,19:46",7.35,75.01
Emma Williams,"09:09,11:42,15:32,18:43","10:42,14:34,17:58,19:43",7.86,95.46
Emma Garcia,"09:22,13:00","11:41,14:42",4.03,69.05
John Rodriguez,"09:21,13:09,16:13","12:02,15:19,18:42",7.34,89.87
James Miller,"09:20,11:39,14:12","10:57,13:27,15:55",5.14,69.98
James Miller,"09:14,11:28,14:34","10:46,13:54,16:40",6.08,69.26
Sophia Brown,"09:18,12:09,14:42","10:46,13:42,17:03",5.38,70.87
Maria Johnson,"09:19,12:28,16:00,18:46","11:21,15:13,17:40,20:10",7.87,55.98
David Williams,"09:03,11:42,14:53,18:47","10:34,13:42,17:37,20:12",7.68,51.41
David Smith,"09:00,12:18,14:32,17:37","11:22,13:47,16:31,18:34",6.79,86.83
John Miller,"09:27,12:42,14:59","11:40,14:01,15:40",4.23,97.29
David Miller,"09:08,11:26,13:30,16:09,17:52","10:40,12:29,15:10,17:17,18:45",6.27,87.75
Michael Brown,"09:23,11:26,13:08,15:23","10:46,12:31,14:31,16:28",4.94,99.75
Robert Martinez,"09:13,12:01,15:05,17:38","10:31,14:10,16:48,19:28",7.02,58.36
Michael Brown,"09:15,11:17,14:01,17:01,19:46","10:23,12:34,15:56,19:00,20:30",7.06,85.49
David Rodriguez,"09:21,12:49,16:12,19:58","11:52,15:17,18:55,20:08",7.88,77.91
Robert Miller,"09:18,11:43,15:17,17:30","10:18,14:01,16:26,19:06",6.06,70.4
Robert Miller,"09:02,11:21,13:54,16:01,18:56","10:10,12:45,15:13,18:07,20:22",7.39,87.76
Sophia Johnson,"09:23,13:27,16:15,19:04","12:18,15:21,18:12,20:14",7.94,78.23
Maria Martinez,"09:01,12:28,15:55","11:44,14:45,16:22",5.46,55.56
James Garcia,"09:21,11:50,14:48","10:46,13:39,15:46",4.21,58.93
Emma Johnson,"09:27,13:14,15:18","12:11,14:43,16:00",4.92,86.28
Michael Davis,"09:16,11:12,13:16,16:30,19:02","10:16,12:25,15:26,18:12,20:44",7.8,84.7
Alice Miller,"09:11,12:49,15:18","11:56,14:35,15:43",4.94,85.44
David Smith,"09:19,11:59,15:35,17:30,19:53","11:12,14:45,16:43,18:50,20:29",7.73,55.54
Alice Williams,"09:03,11:54,13:37,17:22","11:10,12:59,16:14,18:01",6.48,95.15
Michael Miller,"09:21,13:29,16:01","12:13,14:44,16:27",4.56,91.87
John Brown,"09:14,11:59,16:03","10:29,14:48,17:03",5.07,54.83
Sophia Davis,"09:03,12:17,14:46","11:20,14:00,14:56",4.18,57.75
David Martinez,"09:17,11:55,14:44,17:56","10:41,13:36,16:43,18:09",5.29,94.57
Sophia Davis,"09:08,12:34,16:01","11:31,14:57,16:41",5.45,79.98
David Davis,"09:10,12:16,14:02,17:22","11:10,13:18,16:06,18:25",6.17,73.71
Michael Smith,"09:18,11:34,13:44,16:15,18:32","10:27,13:06,14:56,17:44,19:22",6.21,74.55
James Rodriguez,"09:30,11:58,14:28,17:44","11:07,13:07,17:03,20:08",7.76,97.34
Maria Rodriguez,"09:18,12:07,14:29,16:51","11:27,13:40,15:54,17:57",6.23,99.72
David Rodriguez,"09:30,12:05,14:09,16:34,18:48","11:13,13:12,15:30,18:03,19:42",6.57,51.41
Robert Davis,"09:26,12:55,16:48,19:38","11:53,15:44,18:16,19:40",6.78,99.84
David Brown,"09:19,12:38,15:36","11:40,14:23,17:04",5.58,61.8
Olivia Williams,"09:07,12:38,15:53","11:49,14:49,16:46",5.78,81.73
Maria Jones,"09:20,11:51,15:52,18:19","10:51,14:47,17:34,18:54",6.74,63.07
Olivia Williams,"09:20,13:24","12:06,15:58",5.33,96.33
Sophia Johnson,"09:26,13:12,16:19","12:05,15:35,18:16",7,90.03
Sophia Johnson,"09:26,12:53,15:38,17:37","11:54,14:38,16:45,18:50",6.57,91.1
David Smith,"09:20,12:18,15:19,17:03,20:09","10:59,14:26,16:25,18:56,20:35",7.22,89.84
Maria Brown,"09:10,12:35,15:29,18:24","11:40,14:15,17:41,19:20",7.31,81.08
James Garcia,"09:06,11:45,14:56","10:50,13:45,16:14",5.03,78.66
Maria Davis,"09:16,12:50,15:11,18:31","11:43,14:08,17:41,18:35",6.33,63.35
Olivia Smith,"09:27,11:46,15:04,17:54","10:50,13:55,17:22,18:33",6.5,78.77
David Rodriguez,"09:13,12:09,15:35,18:10","11:11,14:38,16:46,19:32",7.01,98.53
John Smith,"09:14,12:33,16:00,18:20,21:18","11:22,15:04,17:15,20:23,21:20",7.99,81.63
John Brown,"09:02,13:00","11:58,14:10",4.11,58.85
Sophia Brown,"09:06,13:17,17:22","12:03,15:54,18:06",6.31,94.6
Emma Johnson,"09:26,11:37,14:18,17:36","10:45,13:21,16:53,17:49",5.85,92.54
Emma Rodriguez,"09:05,12:28,15:03,17:02","11:32,13:59,16:08,18:16",6.29,92.27
Robert Davis,"09:27,13:20,16:51","12:25,15:58,18:48",7.55,89.37
Emma Williams,"09:18,11:56,15:23,18:40","10:39,14:37,17:57,19:07",7.06,93.98
Alice Brown,"09:05,12:52,15:34","11:53,14:28,16:56",5.77,73.92
Michael Brown,"09:19,12:53,15:39","11:35,14:29,16:00",4.22,98.6
Olivia Johnson,"09:19,12:50,16:27","11:49,15:13,17:25",5.86,58.13
Michael Brown,"09:26,13:20,16:06","12:06,15:12,17:27",5.89,86.33
Olivia Garcia,"09:15,11:36,13:39,17:13","10:23,12:45,15:59,19:13",6.63,90.14
Sophia Smith,"09:12,12:07,16:11","11:23,14:54,18:26",7.23,64
Robert Martinez,"09:16,12:15,14:35,17:18","11:00,13:20,16:05,18:04",5.09,58
Michael Miller,"09:13,11:33,15:32,17:36,20:10","10:44,14:32,16:41,19:11,20:40",7.75,69.29
James Smith,"09:16,12:31,14:53,18:44","11:21,14:07,17:50,18:48",6.7,50.78
David Miller,"09:07,11:43,14:44,17:26","10:43,13:55,16:42,17:37",5.95,68.36
John Smith,"09:13,12:25,16:17","11:19,14:52,16:32",4.81,58.83
Sophia Davis,"09:27,12:23,14:59,18:12","11:39,14:16,17:11,19:26",7.53,85.98
Olivia Williams,"09:27,13:14,15:39","12:12,14:58,16:06",4.94,92.89
Olivia Johnson,"09:03,12:37,14:51","11:50,14:05,16:33",5.96,78.59
Olivia Johnson,"09:04,12:50,16:31","11:57,15:40,17:20",6.55,80.63
Emma Miller,"09:21,12:39,14:59","12:03,13:53,16:22",5.32,58.84
Emma Rodriguez,"09:09,11:53,14:34","10:47,14:04,16:10",5.42,51.47
John Williams,"09:19,12:24,16:11","11:41,15:07,17:43",6.63,97.06
Emma Miller,"09:19,11:53,15:36","10:59,14:52,16:10",5.23,69.67
David Williams,"09:09,12:41,15:00,18:55","11:29,14:15,17:37,20:07",7.72,57.91
Olivia Rodriguez,"09:18,13:13,15:13","11:48,14:18,16:05",4.45,60.93
Robert Williams,"09:24,13:02,16:54","11:55,15:48,17:44",6.12,54.28
Olivia Brown,"09:19,12:22,15:41","11:27,15:03,16:53",6.03,83.02
David Miller,"09:18,13:05,17:17","11:58,15:54,19:12",7.4,84.66
Olivia Martinez,"09:19,11:29,15:00","10:27,14:18,16:25",5.37,93.66
Michael Smith,"09:26,12:38","12:04,15:12",5.21,56.42
John Brown,"09:28,12:11,14:15,18:10","11:11,13:15,17:08,18:40",6.18,89.26
Alice Davis,"09:03,11:31,13:44,15:57,18:18","10:50,12:33,14:49,16:58,18:25",5.05,68.22
Alice Williams,"09:23,12:00,15:26,17:32","11:17,14:52,16:53,18:14",6.93,89.46
Robert Smith,"09:28,13:24,16:44","12:15,15:57,18:39",7.25,53.28
David Williams,"09:09,11:33,14:04,16:37,18:52","10:47,12:58,15:39,17:57,20:15",7.35,59.68
Olivia Williams,"09:06,11:29,14:40","10:41,13:46,16:34",5.77,62.72
John Garcia,"09:19,11:30,14:02","10:26,13:04,16:03",4.71,58.14
Robert Brown,"09:02,11:08,15:04","10:10,13:56,15:08",4,58.52
Michael Rodriguez,"09:15,11:50,14:44,18:29","10:53,13:21,17:34,20:13",7.72,66.05
Robert Martinez,"09:10,12:48,15:23","12:03,14:46,17:52",7.35,71.19
Sophia Martinez,"09:01,13:01,15:38","11:53,14:52,18:17",7.37,52.76
John Jones,"09:30,11:37,13:14,15:30","10:42,12:40,14:27,16:41",4.67,98.98
John Smith,"09:02,12:25,15:34","11:19,14:39,15:56",4.89,70.71
Olivia Garcia,"09:22,12:19,15:43","11:07,14:30,18:19",6.54,88.69
Alice Davis,"09:15,12:41,16:07","11:24,15:13,18:46",7.34,86.88
Alice Johnson,"09:11,12:37","11:47,14:19",4.31,84.82
Michael Davis,"09:18,12:11,15:06","11:00,14:18,17:03",5.77,52.61
Sophia Brown,"09:20,12:52,15:24","11:54,14:12,15:32",4.04,92.46
Maria Garcia,"09:29,12:11,15:55","10:57,14:35,16:40",4.63,55.75
Emma Johnson,"09:18,13:07,15:32","11:46,14:29,16:37",4.92,65.52
Alice Davis,"09:15,13:15,15:56","12:05,14:55,17:34",6.14,92.39
James Davis,"09:00,12:00,14:31,17:01","11:23,13:43,15:45,18:13",6.54,52.2
Emma Miller,"09:09,11:51,14:55,17:11,19:52","11:15,13:44,16:18,19:03,20:01",7.39,99.28
Alice Davis,"09:13,11:28,14:51,18:11","10:45,13:51,17:07,19:55",7.93,65.64
John Jones,"09:24,12:34,16:34,18:49","11:52,15:21,17:43,19:10",6.76,53.4
Robert Williams,"09:01,11:32,14:43,17:18","10:27,14:04,16:05,18:26",6.48,67.68
Olivia Johnson,"09:26,12:38,15:43","11:30,14:50,15:55",4.48,76.74
Olivia Smith,"09:09,11:29,15:16","10:30,14:25,16:48",5.83,87.47
James Rodriguez,"09:00,12:15,15:40","10:55,14:54,18:30",7.4,64.99
Emma Martinez,"09:03,12:31,14:49,18:10","11:10,13:54,17:36,18:17",6.41,81.03
Robert Williams,"09:23,12:55,15:32,17:42,20:38","11:58,14:15,16:59,19:34,20:44",7.34,77.56
Emma Miller,"09:18,11:42,14:23,16:38","10:53,13:29,15:57,16:49",5.12,53.51
Sophia Rodriguez,"09:22,11:20,13:46,17:08","10:38,12:52,15:50,17:43",5.46,58.34
Sophia Rodriguez,"09:14,13:17,17:00,18:35","12:10,15:41,18:04,19:38",7.47,98.66
Alice Jones,"09:18,11:40,13:53,17:54","10:51,12:56,16:31,19:07",6.67,53.76
John Rodriguez,"09:09,13:04","11:44,14:31",4.04,99.62
Olivia Brown,"09:00,12:43,15:23","11:47,14:12,15:52",4.76,96.48
Michael Davis,"09:16,11:42,15:24,19:24","10:44,14:26,17:59,20:15",7.65,64.4
Olivia Williams,"09:01,12:14,14:19,16:38,19:45","10:54,13:32,15:23,18:33,19:45",6.18,54.54
Robert Brown,"09:05,11:02,14:23,16:52,19:16","10:25,13:02,15:53,18:16,19:31",6.5,69.96
Maria Brown,"09:18,12:32,16:18","11:33,15:24,17:28",6.29,85.29
David Garcia,"09:23,12:40,16:09","11:51,15:11,17:05",5.93,67.36
Michael Miller,"09:22,13:24,16:06,19:31","12:16,14:51,18:20,20:06",7.17,71.78
John Garcia,"09:06,12:03,14:24,16:29,19:27","10:56,13:46,15:43,18:36,19:57",7.5,95.09
Maria Davis,"09:13,12:26,16:07","11:23,15:18,16:27",5.38,75.78
James Rodriguez,"09:01,12:58,16:14","11:53,15:17,17:15",6.21,76.05
Robert Garcia,"09:06,12:57,15:28","11:47,14:09,17:56",6.36,62.13
John Williams,"09:03,11:25,14:19,17:28,19:57","10:33,13:02,16:22,18:29,21:41",7.92,85.06
Olivia Jones,"09:07,12:26,15:49","11:30,15:00,17:10",6.3,74.29
David Jones,"09:23,12:12,15:36,17:59","11:30,14:41,17:06,18:10",6.29,78.03
David Rodriguez,"09:15,12:08,16:06","11:08,14:58,17:14",5.86,56.12
John Williams,"09:05,11:35,14:07","11:03,13:17,15:59",5.54,99.23
Olivia Johnson,"09:13,11:37,14:12,16:26","10:25,12:59,15:53,17:07",4.93,64.65
Maria Brown,"09:30,12:46,15:50,18:17","12:09,14:30,17:02,19:45",7.05,86.88
Maria Smith,"09:22,12:41,15:20,18:15","11:49,13:58,17:28,18:24",6.03,74.47
Sophia Davis,"09:03,13:01,15:55","11:54,15:00,16:29",5.42,57.89
Robert Williams,"09:26,13:02,16:51","12:01,15:44,17:07",5.56,64.3
John Garcia,"09:06,12:10,14:29,16:46","11:19,13:26,15:31,17:11",4.94,99.72
Maria Williams,"09:20,13:14","12:15,14:48",4.5,85.58
Emma Williams,"09:19,11:31,14:41","10:21,13:49,16:38",5.29,95.19
Michael Garcia,"09:05,11:12,15:15","10:39,13:58,17:06",6.19,92.33
Maria Davis,"09:30,11:46,14:14,17:18","10:32,13:17,15:54,17:56",4.86,70.54
David Miller,"09:22,12:10,14:56","11:08,13:55,16:33",5.15,86.66
Robert Martinez,"09:05,12:50,15:55","11:47,14:56,17:24",6.29,92.19
James Brown,"09:12,12:49,16:37","11:54,15:42,17:15",6.22,76.29
Alice Smith,"09:11,12:15,15:09","11:17,14:04,15:44",4.52,94.59
Maria Martinez,"09:16,11:48,14:35","10:43,13:56,16:15",5.25,93.28
Michael Johnson,"09:17,11:56,15:03","11:06,14:13,15:41",4.74,56.65
Michael Rodriguez,"09:06,12:36,16:09,18:07","11:11,15:22,17:31,18:57",7.05,98.39
Maria Davis,"09:01,11:53,15:09,19:29","10:58,14:26,18:03,19:40",7.59,60.41
Alice Brown,"09:09,11:32,14:17,16:48,19:25","10:31,13:03,15:49,18:20,20:46",7.31,68.5
James Garcia,"09:06,13:05,15:41","11:46,14:29,16:17",4.67,85.9
James Smith,"09:12,11:18,13:29,16:36","10:17,12:49,15:55,16:57",5.4,66.91
James Jones,"09:17,11:12,14:51","10:23,13:47,15:22",4.21,72.65
Sophia Garcia,"09:17,11:55,15:31","11:17,14:40,17:27",6.69,60.05
David Miller,"09:27,11:16,13:23,16:01,19:29","10:31,12:20,14:48,18:19,20:46",7.14,53.92
James Martinez,"09:19,12:53,15:39","11:54,14:31,17:02",5.62,94.21
David Williams,"09:06,11:49,14:37,17:28","10:46,13:48,16:16,19:53",7.73,89.82
Alice Johnson,"09:29,11:49,14:03,16:49","10:46,13:10,15:56,17:41",5.39,80.57
Michael Davis,"09:06,11:43,14:05,17:26","10:51,12:50,16:22,18:54",6.62,70.04
Emma Garcia,"09:04,12:22,14:45,17:30,20:49","11:34,13:32,16:20,19:57,20:55",7.81,70.42
Robert Davis,"09:24,12:17,14:46,18:34,20:59","11:24,13:42,17:40,19:50,21:06",7.71,63.92
James Smith,"09:04,11:03,13:02","10:28,12:13,14:58",4.5,80.25
Emma Rodriguez,"09:00,12:30,15:06","11:28,14:06,16:57",5.93,85.55
David Garcia,"09:12,11:21,14:59","10:18,14:07,17:05",5.97,52.35
Sophia Martinez,"09:13,12:34,14:30","11:19,13:41,15:17",4,89.48
Robert Davis,"09:24,12:27,15:48,18:10","11:18,14:45,17:05,19:09",6.48,80.83
Michael Jones,"09:08,12:08,15:53,18:36","11:32,14:38,17:38,19:12",7.26,79.14
James Johnson,"09:18,13:15,16:20","12:09,15:23,18:06",6.75,91.74
John Martinez,"09:11,11:54,14:42,17:04","11:01,13:45,16:01,18:33",6.49,81.87
Olivia Williams,"09:20,12:09,14:26,16:55,19:32","11:13,13:34,16:07,18:14,20:17",7.05,65.63
David Brown,"09:16,12:36,15:43","11:39,14:28,15:53",4.42,82.92
Robert Williams,"09:21,11:55,15:07","10:55,14:23,15:44",4.66,95.17
James Smith,"09:13,11:39,14:20","10:58,13:25,15:01",4.2,56.38
Robert Miller,"09:21,12:03,14:20,17:23","10:59,13:19,16:14,18:19",5.74,85.32
Emma Jones,"09:20,11:37,15:21,18:49","11:06,14:20,17:48,19:38",7.75,79.06
David Williams,"09:22,12:19,14:54","11:26,13:53,17:44",6.47,62.51
Olivia Williams,"09:11,11:04,14:21","10:20,13:42,15:53",5.33,93.19
Maria Miller,"09:15,12:41,16:19,19:18","11:46,15:09,18:24,19:43",7.5,75.54
Emma Miller,"09:06,12:50,15:34","11:51,14:26,17:32",6.33,50.92
Olivia Jones,"09:10,13:17,15:26,17:30","12:01,14:47,16:38,18:19",6.38,69.7
Maria Garcia,"09:09,12:46","11:51,14:16",4.21,60.59
Olivia Jones,"09:08,12:20,16:26","11:14,15:14,18:23",6.95,50.53
Emma Davis,"09:06,12:43,15:23","11:59,14:20,17:03",6.18,65.26
James Smith,"09:15,11:37,14:42,16:41","10:51,13:38,15:53,17:52",6,63.71
Olivia Davis,"09:23,13:26,16:29,19:18","12:00,15:21,18:09,19:49",6.72,70.59
John Davis,"09:29,12:33,14:51,17:11","11:24,13:52,16:18,17:12",4.72,98.59
James Jones,"09:25,12:37,14:51","11:44,13:43,17:29",6.06,63.93
Olivia Miller,"09:06,11:37,14:20,17:54","10:33,13:33,16:44,18:12",6.1,61.22
John Brown,"09:29,11:41,14:55","10:42,14:13,15:44",4.58,96.38
Emma Davis,"09:24,12:53,17:07","11:59,15:53,18:24",6.87,55.46
Robert Smith,"09:01,11:01,14:31,16:54","10:09,13:47,15:53,17:16",5.65,61.28
Maria Martinez,"09:20,11:46,14:53","10:51,13:56,16:13",5.02,66.82
Robert Davis,"09:10,11:18,14:46,18:24","10:43,13:46,17:28,18:40",6.99,94.98
Sophia Miller,"09:24,12:02,15:03","11:18,14:08,16:06",5.05,53.34
Sophia Brown,"09:28,12:23,15:37,18:54","11:32,14:25,18:00,19:20",6.93,93.59
James Brown,"09:23,12:44","11:48,15:02",4.73,67.13
Michael Miller,"09:16,11:17,14:21,17:14","10:22,13:20,16:29,17:56",5.99,95.93
James Smith,"09:22,12:55,16:40","12:02,15:48,17:02",5.93,75.18
Michael Garcia,"09:07,12:01,15:12","11:14,14:35,16:13",5.71,98.11
John Brown,"09:06,11:11,14:45","10:10,14:02,16:29",5.65,61.81
John Williams,"09:17,12:17,15:59","11:06,15:04,17:07",5.74,78.96
James Smith,"09:11,12:24,14:12,17:41","11:32,13:33,16:46,19:22",7.76,77.88
Olivia Rodriguez,"09:22,11:48,14:02,16:40,19:21","10:33,13:17,16:00,18:25,19:49",6.86,72.5
James Rodriguez,"09:05,11:39,14:24","10:25,13:12,15:33",4.04,72.47
Sophia Smith,"09:09,12:49","12:07,14:10",4.33,89.93
Alice Williams,"09:30,11:56,14:20,17:48,20:39","10:53,13:24,16:53,20:06,20:41",7.74,55.8
David Brown,"09:15,11:22,14:30,16:17","10:15,13:22,15:36,16:58",4.79,52.53
Robert Garcia,"09:30,12:23,15:28","11:18,14:23,16:17",4.63,68.03
John Jones,"09:14,13:06,16:22","12:07,15:20,18:51",7.6,59.04
David Williams,"09:18,12:21,15:50","11:19,14:45,16:16",4.86,61.57
Emma Jones,"09:26,12:14","11:11,14:47",4.31,56.49
Robert Williams,"09:06,11:25,14:10,16:29","10:19,13:25,15:22,18:28",6.41,72.32
James Rodriguez,"09:27,11:50,14:59","10:54,14:06,16:45",5.5,81.69
Emma Smith,"09:07,11:36,15:34,19:06","10:24,14:28,18:26,19:50",7.77,54.55
Maria Rodriguez,"09:27,12:54","11:53,14:28",4,88.97
Emma Davis,"09:21,11:40,15:37,17:30","10:56,14:30,16:49,17:40",5.8,93.52
John Davis,"09:30,13:06,17:02,19:48","11:53,15:52,18:49,20:13",7.35,98.75
Robert Brown,"09:13,11:21,15:24,18:02","10:16,14:21,17:24,18:26",6.46,54.49
David Brown,"09:03,11:34,15:10,17:03","10:20,14:14,16:23,18:55",7.03,66.81
Robert Garcia,"09:06,11:36,13:52","10:35,13:06,15:59",5.11,51.22
James Johnson,"09:00,12:18","11:16,14:10",4.15,91.53
Alice Williams,"09:11,13:02,16:08","12:01,15:22,17:31",6.56,79.01
Sophia Rodriguez,"09:19,11:34,14:55","10:32,14:08,15:32",4.41,75.68
Maria Williams,"09:26,13:06,16:16","11:57,15:16,17:05",5.51,93.8
Olivia Davis,"09:00,13:03","11:51,14:18",4.1,69.66
John Smith,"09:01,11:34,14:33,16:44","10:33,13:47,15:44,16:52",5.07,72.37
Sophia Davis,"09:00,12:08,15:02,17:46","10:54,13:51,16:32,17:52",5.23,63.35
Maria Garcia,"09:27,12:16,14:34","11:09,13:40,15:32",4.08,97.01
Michael Johnson,"09:13,12:31","11:27,14:52",4.59,88.84
John Miller,"09:16,12:38,15:10,18:41","11:57,13:57,18:02,19:01",7.21,80.39
Robert Johnson,"09:02,12:01","11:03,14:28",4.47,84.93
Emma Jones,"09:02,11:54,14:10","11:06,13:37,16:15",5.88,72.92
David Williams,"09:00,12:21","11:15,14:42",4.62,53.34
Alice Rodriguez,"09:25,13:05,15:32","11:49,14:21,16:52",5.02,78.37
Alice Miller,"09:02,12:06,15:00,17:17,19:52","11:25,13:43,16:12,19:13,20:39",7.92,82.26
Alice Davis,"09:25,13:15,15:43,18:22","12:12,14:49,17:28,18:48",6.54,75.22
Michael Miller,"09:15,12:25,14:56","11:17,13:46,15:34",4.02,51.76
Alice Johnson,"09:08,12:03,14:38,17:12","11:13,13:10,15:49,17:30",4.68,86.46
Sophia Garcia,"09:07,12:49,15:23","11:38,14:10,17:22",5.86,69.24
Maria Johnson,"09:06,11:11,14:06","10:07,12:58,15:18",4.01,52.83
Maria Rodriguez,"09:13,11:07,14:18","10:16,13:36,15:07",4.36,66.59
Alice Martinez,"09:27,12:43,16:29,19:16","11:38,15:40,17:53,20:04",7.33,99.48
Robert Jones,"09:00,10:55,13:26","10:11,12:10,15:21",4.36,91.18
David Miller,"09:22,11:40,13:54,16:24","10:49,12:53,15:17,16:57",4.6,52.28
Maria Garcia,"09:06,11:25,15:43,19:05","10:20,14:20,17:51,20:19",7.53,89.73
Alice Rodriguez,"09:30,12:59,16:16","11:33,15:03,18:06",5.95,57.95
James Jones,"09:21,13:09","12:18,14:31",4.33,62.18
Alice Garcia,"09:26,12:37,15:10,18:46","11:36,14:06,17:41,19:03",6.46,71.04
David Brown,"09:11,11:39,14:20,17:13","10:20,12:55,15:57,19:43",6.54,83.73
Olivia Brown,"09:18,12:27,14:30,16:48,19:14","11:35,13:29,15:55,17:58,19:15",5.92,57.95
Olivia Martinez,"09:29,12:01,15:13,17:42","10:58,14:00,16:26,18:34",5.56,55.74
Olivia Brown,"09:12,12:25,15:04,17:37","11:10,14:06,16:53,19:20",7.19,91.86
Emma Garcia,"09:18,11:56,14:41","11:01,13:45,16:33",5.41,60.17
Emma Rodriguez,"09:03,11:10,14:20,16:35,19:29","10:15,13:30,15:29,18:18,20:07",7.04,53.63
Sophia Davis,"09:25,12:25,14:25,16:44","11:08,13:32,15:28,17:48",4.95,68.45
Sophia Martinez,"09:21,13:07","12:15,15:16",5.06,88.33
Olivia Miller,"09:20,12:41,16:06","11:54,15:04,16:19",5.17,75.87
Olivia Miller,"09:07,11:08,14:21","10:28,12:57,16:59",5.81,81.24
Sophia Garcia,"09:25,12:00,14:40,17:36","10:59,13:25,16:15,19:09",6.12,88.08
James Williams,"09:27,13:00,16:04","11:34,14:58,17:53",5.91,67.96
Sophia Williams,"09:02,12:08,14:35","11:17,13:46,15:17",4.59,76.08
John Garcia,"09:24,11:56,15:41","10:58,14:25,15:49",4.2,99.54
Sophia Brown,"09:30,13:10,16:07","12:27,14:44,17:37",6.03,72.06
Robert Jones,"09:04,11:41,14:01","10:41,13:28,14:39",4.04,57.1
David Williams,"09:23,12:05,14:23,17:54","10:50,13:12,16:31,18:58",5.77,72.1
James Williams,"09:11,12:40,15:28,18:38","11:24,14:24,17:36,20:27",7.92,93.61
Sophia Miller,"09:26,12:50,15:07,17:49","11:48,14:31,17:00,17:56",6.06,52.55
James Smith,"09:09,12:58,15:52","11:49,14:57,16:48",5.59,92.21
Alice Smith,"09:18,12:57,15:52","11:48,14:49,16:15",4.76,94.02
Michael Garcia,"09:04,12:12,14:41","11:40,13:51,15:37",5.19,54.42
Maria Jones,"09:17,12:58","12:09,14:31",4.42,98.12
James Brown,"09:23,11:36,14:15,16:46,19:57","10:36,12:53,15:36,19:00,20:52",7.01,87.86
Michael Smith,"09:21,12:21,15:20","11:25,13:58,16:25",4.78,59.83
James Brown,"09:15,12:08,14:07","11:09,13:08,15:29",4.27,70.22
Emma Johnson,"09:15,11:49,14:59","10:27,14:06,15:57",4.46,52.05
Robert Davis,"09:04,11:52,15:19,17:50","11:15,14:18,17:00,18:43",7.19,56.31
Sophia Smith,"09:12,11:26,15:21,18:53","10:42,14:11,17:48,19:09",6.97,71.67
James Davis,"09:04,11:52,15:11,18:21,21:11","10:59,14:03,17:29,19:46,21:18",7.95,66.48
James Smith,"09:23,13:33,16:49","12:17,16:03,18:58",7.55,53.92
Michael Davis,"09:18,10:58,13:07,16:27","10:19,12:13,15:31,18:54",7.13,94.97
Sophia Garcia,"09:12,11:49,14:30,16:46","10:38,13:28,15:58,17:25",5.21,66.21
Olivia Davis,"09:13,12:19,15:47","11:07,14:39,16:05",4.54,76.06
James Johnson,"09:00,11:47,15:06,18:11","10:40,14:08,17:01,18:40",6.43,97.47
Emma Davis,"09:14,12:37,16:21","11:15,14:58,16:25",4.44,99.85
Alice Brown,"09:00,13:14,15:34","11:50,14:26,17:48",6.27,69.91
Maria Smith,"09:29,11:43,14:36,17:44","10:39,13:27,16:52,18:49",6.26,97.82
Olivia Garcia,"09:06,12:50","11:54,15:00",4.98,81.82
Robert Miller,"09:07,11:43,14:39,17:18,19:50","10:50,13:48,16:13,18:23,19:54",6.52,80.43
Emma Williams,"09:07,11:51,15:24,17:20","10:51,14:31,16:34,19:15",7.49,82.91
Alice Martinez,"09:19,12:14,16:05,18:48","11:33,15:11,17:58,19:40",7.94,86.09
Michael Martinez,"09:00,12:34,16:12","11:52,15:05,16:37",5.81,69.6
James Brown,"09:13,12:53","11:50,14:55",4.66,87.14
Emma Brown,"09:11,11:22,14:42,17:42","10:26,13:34,16:29,18:18",5.84,77.92
Maria Brown,"09:00,12:22,15:14","11:13,14:25,17:42",6.74,75.53
Alice Garcia,"09:00,12:30,16:05,18:58","11:16,15:07,18:07,19:33",7.51,80.43
John Miller,"09:26,12:51,15:40","11:46,14:37,15:52",4.31,66.28
Olivia Davis,"09:00,12:35","11:45,14:28",4.65,60.75
Robert Miller,"09:22,12:44,15:12","11:40,13:53,17:22",5.62,83.1
Maria Jones,"09:27,12:05,15:13,19:01","10:59,14:08,18:06,19:02",6.49,65.45
Olivia Johnson,"09:22,12:23,15:45,18:30,20:58","11:10,14:42,17:39,19:52,21:00",7.42,68.38
Alice Miller,"09:05,12:35,15:13","11:36,13:58,15:39",4.34,56.81
Alice Garcia,"09:24,12:18,15:38","11:22,14:35,16:45",5.38,95.68
Sophia Garcia,"09:10,11:55,14:03,16:43,19:42","10:44,13:00,15:22,18:21,20:00",5.9,92.9
Alice Brown,"09:13,11:28,13:30,17:00","10:37,12:50,15:41,17:51",5.81,91.82
James Jones,"09:30,13:09,15:32","11:49,14:38,15:45",4.02,87.87
Maria Martinez,"09:17,11:10,14:14,17:39,19:47","10:18,13:20,16:56,18:50,20:01",7.31,58.44
Alice Johnson,"09:17,12:16,14:51,17:31","11:10,13:53,16:22,18:26",5.94,68.39
Robert Miller,"09:28,11:39,13:56,16:02,19:13","10:48,12:41,15:13,18:11,20:32",7.13,70.17
Olivia Davis,"09:15,12:06","11:18,14:52",4.83,73.59
John Martinez,"09:13,12:16,14:32,18:18","11:08,13:25,17:16,19:48",7.31,66
Michael Garcia,"09:11,11:06,14:31,16:27","10:24,13:42,15:42,16:44",5.3,81.64
Alice Smith,"09:10,12:41,15:16","12:01,14:18,15:58",5.18,68.7
Olivia Brown,"09:15,11:54","10:54,14:26",4.19,57.47
David Jones,"09:28,12:00,14:40,16:41","11:05,13:22,15:44,18:07",5.49,84.81
Olivia Williams,"09:14,12:42,16:33","11:14,15:41,18:10",6.6,72.58
Robert Jones,"09:04,11:43,14:34","11:05,13:41,14:39",4.07,78.14
Alice Garcia,"09:04,11:53,15:39","10:24,14:46,16:15",4.83,95.86
Maria Garcia,"09:08,12:42,14:58","11:34,14:01,17:00",5.79,68.06
Maria Williams,"09:04,13:23,15:35,18:00","11:59,14:42,16:47,18:52",6.31,54.64
Michael Brown,"09:29,12:21,16:12,19:27","11:19,14:45,18:42,19:39",6.94,79.22
James Davis,"09:22,12:08,14:33","11:35,13:54,14:48",4.25,67.8
Sophia Miller,"09:27,11:17,14:13","10:34,13:12,15:35",4.41,80.41
David Smith,"09:07,11:50,14:56","10:56,13:48,15:53",4.74,88.4
David Johnson,"09:24,11:16,15:16,18:52","10:31,14:00,17:34,19:34",6.87,58.88
Maria Rodriguez,"09:09,12:42,15:26,18:14","11:32,14:28,16:55,19:25",6.82,94.51
Emma Garcia,"09:09,12:04,15:58,19:48","11:16,14:52,18:44,19:52",7.76,67.32
Emma Brown,"09:12,13:07,16:11","12:04,15:26,16:18",5.31,65.35
Sophia Miller,"09:17,12:21,15:00","11:11,13:45,16:34",4.87,58.89
James Garcia,"09:00,12:08","11:31,13:51",4.24,99.09
Emma Rodriguez,"09:21,13:09","12:01,14:54",4.42,78.92
Emma Williams,"09:21,13:08,16:05,19:11","12:02,15:04,17:53,19:20",6.58,82.37
Emma Johnson,"09:13,12:17,15:49","11:21,14:53,15:50",4.76,73.53
Michael Miller,"09:25,12:20,16:27","11:08,15:10,18:32",6.64,68.12
Alice Smith,"09:20,11:20,13:42,16:56,19:39","10:27,12:38,15:57,18:56,20:36",7.62,73.61
David Johnson,"09:21,11:35,14:24","10:49,13:37,15:21",4.46,98.83
Robert Brown,"09:29,13:17","12:15,15:28",4.95,61.27
Maria Brown,"09:18,11:44,15:26","10:36,14:16,15:58",4.38,80.73
Robert Jones,"09:24,12:31,15:42,18:24","11:29,14:53,17:07,19:44",7.21,81.3
Sophia Rodriguez,"09:05,12:08,14:22","11:17,13:42,14:57",4.36,76.69
Robert Davis,"09:16,12:33,14:35,17:44","11:44,13:39,16:39,19:06",7,72.35
Sophia Williams,"09:23,11:11,15:08,17:39","10:24,13:56,16:38,19:11",6.8,97.61
Alice Miller,"09:06,12:03,14:32,16:55","11:09,13:34,15:56,17:07",5.18,62.25
John Williams,"09:14,11:46,15:13,18:47","10:49,14:31,18:00,19:17",7.63,52.8
Emma Davis,"09:23,12:35,14:52,18:53","11:13,13:54,17:44,20:02",7.17,55.02
James Davis,"09:28,12:22,16:07,17:58","11:03,15:06,17:09,19:00",6.39,95.06
Maria Smith,"09:30,12:10,15:39,17:50","11:24,14:34,16:44,19:04",6.63,75.44
Michael Williams,"09:30,13:07,15:41,17:39","12:14,14:36,16:47,19:15",6.93,64.44
Emma Brown,"09:08,11:49,15:33","10:46,14:30,15:56",4.7,82.74
Alice Garcia,"09:08,12:41,16:15","11:33,15:18,16:22",5.16,63.69
John Davis,"09:27,13:30,16:46,20:23","12:10,15:40,19:18,20:48",7.84,76.66
Olivia Brown,"09:14,12:17,15:22,17:55","11:17,14:33,17:06,19:39",7.79,59.95
Emma Martinez,"09:12,12:18,15:23","11:09,14:30,17:51",6.63,97.23
Emma Davis,"09:27,12:05,14:50,17:57","11:06,13:30,16:54,18:04",5.26,77.41
John Smith,"09:22,11:51,14:06,17:11","11:16,12:54,16:33,17:37",5.84,67.16
John Smith,"09:21,11:10,14:14,17:19,19:57","10:21,13:01,16:14,18:54,20:40",7.15,87.83
Olivia Davis,"09:01,13:01","11:37,14:39",4.24,71.75
Emma Johnson,"09:08,12:03,15:58","11:04,14:43,16:46",5.4,57.6
Emma Brown,"09:02,11:46,14:48","10:47,13:25,16:11",4.79,60
Emma Johnson,"09:19,11:42,14:46","10:42,13:43,16:09",4.79,82.58
Sophia Jones,"09:17,11:55,13:59","10:44,13:07,15:47",4.45,93.25
David Brown,"09:21,11:49,15:04","10:59,14:05,15:41",4.52,96.39
John Davis,"09:02,12:05,14:13","11:03,13:18,15:42",4.72,66.01
Sophia Smith,"09:09,11:45,14:08","11:10,13:04,15:14",4.45,98.2
Olivia Jones,"09:14,10:56,13:50,16:52","10:15,13:15,16:18,18:05",7.02,92.36
John Miller,"09:25,12:48","11:57,14:28",4.2,66.79
Emma Johnson,"09:27,12:05,14:24","10:56,13:45,15:29",4.23,59.61
Robert Brown,"09:00,11:26,15:30,18:35","10:06,14:25,17:40,19:29",7.16,69.73
James Williams,"09:13,12:15","11:02,14:49",4.38,63.51
Michael Davis,"09:28,12:07,14:56,17:16","10:56,13:40,16:40,19:35",7.07,88.97
Emma Davis,"09:07,12:15,15:20","10:49,14:03,16:42",4.87,87.8
James Jones,"09:11,12:14,15:30","11:29,14:21,17:19",6.24,57.99
Robert Rodriguez,"09:29,11:40,15:16,17:37","10:37,14:23,16:46,18:04",5.82,51.58
Emma Miller,"09:28,13:17","12:17,14:32",4.08,54.1
James Brown,"09:01,11:22,13:48,16:02","10:11,12:34,15:01,17:13",4.78,78.8
David Garcia,"09:30,11:50,14:36,18:08","10:40,13:50,16:57,18:40",6.06,70.43
Emma Davis,"09:29,11:41,15:08","10:55,14:07,15:59",4.73,79.12
Alice Williams,"09:29,13:00","12:22,14:21",4.25,85.33
Michael Jones,"09:04,11:20,13:47,16:57","10:42,13:03,15:57,18:18",6.87,97.92
David Jones,"09:20,13:13","12:19,14:14",4,61.44
Emma Miller,"09:04,12:08,14:09,16:04","11:04,13:08,15:22,17:24",5.56,50.15
Emma Jones,"09:19,11:46,14:25,16:01","10:44,13:18,15:27,17:33",5.52,78.92
David Brown,"09:28,11:34,13:56,17:12","10:43,12:46,16:12,18:32",6.06,67.29
Emma Martinez,"09:20,12:25,16:03,18:09","10:58,14:53,17:13,19:00",6.13,63.66
John Smith,"09:18,12:25,15:58","11:20,14:31,17:28",5.64,90.27
Alice Rodriguez,"09:13,11:38,15:26,18:02","10:31,14:05,17:17,18:48",6.38,55.82
Robert Johnson,"09:16,12:29,16:18,18:37","11:18,15:19,17:30,19:01",6.48,52.77
Maria Smith,"09:15,12:26,15:49","11:13,14:53,16:48",5.41,97.41
Emma Smith,"09:18,11:40,14:29,16:50","10:55,13:29,16:16,17:23",5.78,88.96
Maria Brown,"09:04,11:41,15:59,19:21","10:38,14:36,18:06,19:47",7.04,76.19
David Brown,"09:09,11:56,14:48,17:48,19:51","11:04,13:33,16:44,19:07,20:33",7.5,66.67
Olivia Rodriguez,"09:05,12:11,15:32","11:36,14:09,16:05",5.05,95.79
Maria Smith,"09:06,12:44,16:23","11:48,15:27,18:32",7.57,95.35
James Williams,"09:29,11:49,14:55,17:41","10:47,14:11,16:21,18:49",6.24,64.44
Alice Jones,"09:28,11:51,14:26,17:18","11:01,13:35,16:23,19:13",7.16,78.22
Olivia Garcia,"09:22,12:11,15:41","11:12,15:03,15:56",4.96,91.32
James Jones,"09:12,12:26,14:41,17:16,20:51","11:22,13:49,16:05,19:45,21:11",7.77,70.97
David Smith,"09:01,11:45,15:12,17:49","11:06,14:05,16:37,18:02",6.05,67.75
Maria Johnson,"09:13,12:25","11:28,14:20",4.18,52.31
Alice Johnson,"09:19,13:15,16:44,19:38","11:54,15:43,18:37,19:56",7.23,92.97
James Davis,"09:19,12:44,14:59,17:30,19:53","11:43,14:06,16:36,19:09,20:34",7.72,63.75
Maria Garcia,"09:19,12:49,16:03","11:50,15:03,16:15",4.96,88.4
Robert Martinez,"09:18,12:56,16:53,19:47","11:48,15:44,18:39,20:38",7.92,72.35
David Brown,"09:26,12:19,15:36,18:22","11:05,14:27,17:41,19:02",6.54,85.25
Maria Rodriguez,"09:28,13:08,17:02","12:23,15:42,17:17",5.74,77.2
John Smith,"09:07,12:54","12:02,14:28",4.49,64.75
John Brown,"09:22,12:21,15:35,18:45","11:22,14:46,18:01,19:39",7.76,59.88
James Garcia,"09:03,11:07,13:58","10:15,12:52,15:39",4.64,82.78
Maria Williams,"09:07,11:28,14:28,18:00","10:47,13:40,17:04,19:04",7.55,57.38
Sophia Martinez,"09:16,12:48,15:36,19:13","11:45,14:42,18:14,19:48",7.61,71.86
Maria Rodriguez,"09:20,11:30,15:17","10:22,14:21,15:53",4.49,86.1
Alice Johnson,"09:27,11:44,14:33","10:52,13:40,15:38",4.44,87.78
Maria Rodriguez,"09:30,11:22,13:46,16:12,18:12","10:35,12:43,15:16,17:19,19:09",6.02,96.84
Robert Johnson,"09:29,12:58,16:43,19:13","11:41,15:34,18:17,19:40",6.83,83.12
David Davis,"09:09,11:26,14:10,16:44,19:34","10:26,13:26,15:35,18:42,20:44",7.84,52.5
Olivia Davis,"09:17,12:28,15:08","11:17,14:35,17:33",6.54,79.81
John Rodriguez,"09:22,12:21","11:33,14:49",4.65,50.42
Maria Brown,"09:13,12:29,16:18","11:32,15:10,18:38",7.34,92.8
Michael Davis,"09:07,11:47,13:29,17:07","10:54,12:49,16:20,18:42",7.26,76.59
Michael Smith,"09:17,12:11,14:44,16:51","11:03,13:43,16:07,18:07",5.96,71.06
David Miller,"09:13,12:20,14:31","11:07,13:21,17:13",5.62,59.4
Emma Brown,"09:06,11:07,12:54","10:35,12:09,14:41",4.32,91.63
James Rodriguez,"09:22,12:55,15:02,18:09","11:35,13:57,17:30,18:32",6.11,94.48
Sophia Brown,"09:21,12:36,14:39,18:36,20:37","11:22,13:43,17:37,19:45,21:16",7.91,72.16
John Brown,"09:17,13:10,15:51","12:09,14:34,15:57",4.38,90.42
Michael Miller,"09:04,12:44,15:15","11:45,14:23,15:45",4.84,73.92
Maria Jones,"09:22,12:37,16:27,18:30","12:05,15:18,17:37,18:44",6.82,71.84
Robert Miller,"09:27,12:22,14:53,18:01","11:44,13:55,17:03,19:25",7.41,86.72
Alice Jones,"09:03,12:26,16:09","11:41,14:56,18:00",6.98,73.63
David Davis,"09:27,12:42,14:49,19:01","11:41,14:05,17:49,19:06",6.71,57.98
James Williams,"09:11,12:06,14:28,17:21","10:52,13:38,16:36,17:53",5.89,51.6
Robert Martinez,"09:24,11:17,14:13,18:06","10:38,13:17,16:54,19:04",6.9,98.73
Sophia Martinez,"09:19,11:16,14:57","10:22,14:09,16:19",5.3,84.42
John Davis,"09:15,12:40,14:47","11:48,13:52,16:14",5.21,84.02
Alice Brown,"09:14,12:45","12:03,15:00",5.08,81.75
Emma Garcia,"09:15,12:31,15:40,17:31,20:34","11:18,14:29,16:42,19:18,20:36",6.88,86.72
Olivia Miller,"09:13,11:43,14:41,17:29","10:43,13:51,16:10,18:03",5.69,62.62
Emma Miller,"09:03,11:33,15:08,19:05","10:12,14:19,17:58,19:20",7.01,97.24
John Jones,"09:22,12:32,15:18,17:19","11:36,14:00,16:23,18:06",5.57,80.32
Olivia Smith,"09:08,13:08,14:46","12:05,14:08,16:54",6.09,85.52
Michael Williams,"09:06,11:48,14:33","10:59,13:27,15:32",4.53,84.14
John Miller,"09:23,12:38,14:46,16:32,18:51","11:54,13:58,15:59,17:42,19:53",7.27,87.6
John Brown,"09:11,12:10,14:19","11:25,13:33,15:30",4.8,60.07
Maria Garcia,"09:02,11:58,14:39","10:59,13:12,15:43",4.26,86.07
David Davis,"09:29,12:14,15:11,19:02,20:50","11:12,14:18,17:57,20:05,21:06",7.87,83.21
David Miller,"09:14,12:12,15:50","11:09,15:01,16:01",4.93,68.27
Sophia Martinez,"09:00,11:59,15:21","10:55,14:35,17:33",6.72,61.26
Michael Brown,"09:03,12:21,14:22","11:37,13:24,15:39",4.91,66.08
Sophia Jones,"09:24,12:43,15:53,18:15,20:18","11:29,14:51,17:05,19:32,21:31",7.92,63.34
James Smith,"09:20,12:49,14:48,16:56","11:23,13:58,16:05,17:37",5.18,57.16
Olivia Davis,"09:06,11:25,14:07,16:51","10:12,12:54,15:45,18:11",5.56,75.93
Robert Jones,"09:19,13:24","12:12,14:32",4.03,95.31
James Rodriguez,"09:23,12:35,15:00","11:33,13:42,16:26",4.72,97.33
Robert Williams,"09:05,11:20,14:56,18:39","10:12,13:59,17:26,18:47",6.41,72.18
Michael Rodriguez,"09:02,11:43,15:28","10:23,14:24,16:38",5.2,76.37
Robert Garcia,"09:13,12:50,15:44,18:08","11:43,14:35,17:08,18:35",6.11,77.07
Alice Johnson,"09:19,12:51,16:21,18:49","11:27,15:20,17:47,20:39",7.89,70.41
Robert Miller,"09:00,11:46,14:36","10:17,13:33,16:23",4.86,68.23
Emma Miller,"09:05,11:47,14:36,16:54","10:48,13:59,15:38,19:02",7.09,91.01
Olivia Davis,"09:24,11:45,14:13,17:14,19:35","10:44,13:08,16:24,18:49,20:21",7.25,97.84
Alice Miller,"09:01,11:53,14:26,16:17,18:59","10:40,13:43,15:35,17:57,20:19",7.63,73.52
Robert Williams,"09:13,12:18,14:44","11:27,13:51,16:18",5.36,63.91
Emma Martinez,"09:30,12:57","12:22,15:01",4.95,96.88
Sophia Jones,"09:30,13:15,16:00,18:53","12:10,14:56,17:42,20:32",7.71,76.75
John Davis,"09:17,11:45,14:02","10:24,12:58,16:06",4.41,69
Michael Garcia,"09:14,11:35,15:02,17:23","11:02,14:13,16:20,18:27",6.81,79.92
Emma Smith,"09:00,11:59,14:07,17:32","11:00,13:09,16:18,20:04",7.9,65.6
James Miller,"09:23,12:16,14:40,17:09,20:47","10:53,13:56,16:21,19:37,21:04",7.61,73.04
James Smith,"09:23,12:17","11:22,14:55",4.63,60.29
David Davis,"09:15,11:17,15:26","10:21,14:08,17:11",5.71,59.45
Emma Martinez,"09:07,11:24,14:50","10:38,13:57,17:14",6.48,98.4
James Johnson,"09:11,11:56,13:52,16:22","10:33,13:02,15:26,16:22",4.05,79.6
Maria Rodriguez,"09:10,12:21,15:46","11:06,14:30,17:07",5.44,98.62
James Jones,"09:28,11:52,14:29,17:21,20:17","10:55,13:18,16:24,19:03,20:45",6.97,94.21
Emma Rodriguez,"09:14,12:51,15:09,17:49","11:59,13:59,16:56,17:56",5.79,54.86
Robert Johnson,"09:14,11:52,14:04,16:37,20:26","10:40,13:25,15:32,19:27,21:03",7.91,70.31
Michael Garcia,"09:29,12:56,15:41","12:21,14:14,17:28",5.96,56.9
Emma Rodriguez,"09:29,13:22,17:07","12:23,15:54,19:20",7.66,81.5
Maria Jones,"09:02,12:38,14:51","11:40,13:57,15:57",5.06,77.29
Olivia Rodriguez,"09:14,12:41","12:02,14:00",4.13,63.19
Emma Davis,"09:24,12:43,16:31","11:36,15:39,17:57",6.58,58.83
Maria Davis,"09:11,12:10,14:54,18:15","11:12,13:39,17:21,18:16",5.98,97.57
Sophia Williams,"09:28,11:50,13:57","10:56,13:01,15:32",4.24,92.06
James Rodriguez,"09:14,13:28,16:48","12:08,15:59,17:05",5.71,77.45
Sophia Miller,"09:19,11:08,13:35","10:27,12:57,14:44",4.11,63.42
Michael Rodriguez,"09:05,12:08,15:53,18:49","11:34,14:56,17:39,19:18",7.54,80.04
Emma Rodriguez,"09:16,12:45,15:05,17:59","11:33,14:13,17:21,18:28",6.51,56.75
Maria Davis,"09:11,11:27,15:12,17:47","10:29,14:14,16:58,19:41",7.77,85.47
John Rodriguez,"09:07,11:25,14:21","10:20,13:11,15:28",4.1,58.11
James Brown,"09:16,12:00,15:24,18:20","11:07,13:59,17:09,20:17",7.53,66.42
Maria Smith,"09:13,11:41,15:25","10:43,14:26,16:36",5.44,58.13
David Miller,"09:26,13:04,14:58,16:56","11:56,14:11,15:59,18:08",5.85,92.73
James Martinez,"09:30,13:18","12:21,14:38",4.2,63.1
David Brown,"09:09,11:21,14:57","10:16,14:07,15:18",4.23,92.46
Sophia Davis,"09:24,12:56,15:10","11:52,14:11,16:02",4.59,89.41
John Davis,"09:10,12:11,16:21,18:42","11:28,15:04,17:33,18:53",6.58,63.32
David Williams,"09:08,11:24,13:20,16:26","10:20,12:26,15:05,16:56",4.49,79.27
Maria Jones,"09:07,12:10,16:13","11:07,15:10,17:06",5.89,80.31
Robert Brown,"09:13,11:42,15:02,18:08","10:43,14:31,17:34,19:03",7.77,94.41
Alice Rodriguez,"09:22,13:01,16:36","11:57,15:40,16:47",5.42,81.37
David Brown,"09:04,12:39,14:54","11:54,14:08,16:12",5.63,54.13
Alice Smith,"09:13,12:33,15:55","11:26,15:00,16:40",5.43,53.42
Emma Miller,"09:04,11:47","10:50,14:08",4.12,81.11
Sophia Jones,"09:15,12:04,14:31,16:50","10:47,13:37,15:57,17:52",5.55,88.16
Alice Davis,"09:21,12:00,14:26","10:36,13:19,16:42",4.85,98.62
Alice Johnson,"09:30,12:44,16:08,19:43","11:47,15:11,18:20,20:10",7.38,51.88
Sophia Johnson,"09:20,11:25,15:24,17:44,20:08","10:20,14:25,16:47,19:02,20:24",6.97,59.15
Sophia Williams,"09:21,12:02,15:26","11:03,14:37,15:33",4.41,72.88
Alice Smith,"09:07,12:55","12:06,14:08",4.21,79.3
John Brown,"09:05,11:36,13:17,15:52","10:28,12:42,14:54,18:17",6.53,73.22
Maria Jones,"09:12,11:45,14:40,16:46,20:14","10:38,13:46,15:45,19:26,20:50",7.81,92.15
Olivia Martinez,"09:06,12:07,15:28","10:51,14:03,17:19",5.54,70.1
Sophia Smith,"09:20,12:29,14:38","11:38,13:41,15:26",4.31,82.69
Olivia Garcia,"09:25,12:12,14:33,17:15,20:48","11:07,13:38,16:12,19:43,20:57",7.41,92.14
Alice Smith,"09:25,12:01,15:41,18:34,21:23","10:40,14:23,17:24,20:00,22:23",7.78,86.38
Sophia Smith,"09:22,12:35,15:40","11:36,14:43,15:48",4.52,62.75
Michael Johnson,"09:07,12:58,16:15","11:57,15:35,16:52",6.08,56.56
David Brown,"09:00,11:15,14:11","10:15,13:02,15:13",4.08,88.67
Maria Garcia,"09:21,12:11,14:32","11:29,13:47,14:50",4.05,84.94
Sophia Jones,"09:26,11:37,14:43,18:39","10:52,13:31,17:33,18:42",6.22,66.01
Sophia Martinez,"09:23,11:27,14:44","10:32,13:21,15:54",4.23,80.35
Sophia Brown,"09:05,12:46,15:54,19:36","11:25,14:54,18:30,20:04",7.54,90.49
John Davis,"09:19,13:25,16:53","12:04,16:16,18:42",7.43,60.17
James Brown,"09:21,11:36,14:50,17:14","10:50,13:53,16:19,17:34",5.59,88.32
David Brown,"09:19,11:37,15:22","10:19,14:29,17:35",6.09,50.92
Michael Johnson,"09:16,11:38,15:02,17:35","10:37,14:21,16:44,19:05",7.28,71.28
James Garcia,"09:03,12:23,14:27,18:17,20:47","11:23,13:24,17:01,19:49,20:54",7.58,74.16
Alice Davis,"09:19,11:27,15:08,18:27,20:42","10:38,13:49,17:17,19:37,20:45",7.05,55.76
Alice Davis,"09:25,13:08,15:01,16:45","12:11,14:20,16:08,18:15",6.59,76.43
Alice Williams,"09:11,12:47,15:10","12:08,13:50,16:40",5.51,78.63
Alice Brown,"09:11,11:07,14:19,17:33","10:17,13:04,16:35,18:57",6.73,90.74
David Garcia,"09:27,12:03,14:10,17:24","10:59,13:25,16:34,18:39",6.56,74.46
David Brown,"09:11,12:40,15:21","11:39,14:07,16:49",5.39,55.17
Alice Davis,"09:02,11:44,13:31,16:32","10:45,12:53,15:40,16:57",5.44,59.05
Olivia Miller,"09:02,12:35,14:48,18:12","11:20,13:43,17:07,18:39",6.2,59.81
James Martinez,"09:08,11:32,15:34,18:04","10:26,14:22,16:50,18:41",6.03,99.44
Robert Williams,"09:06,11:56,14:24,17:57","10:57,13:14,17:23,18:32",6.72,67.41
Robert Miller,"09:12,11:09,15:03","10:28,14:07,15:06",4.29,60.42
David Brown,"09:21,11:43,14:18,17:04","10:50,13:37,16:11,18:34",6.77,77.58
Emma Brown,"09:09,11:18,13:45,16:27,18:45","10:10,12:38,15:20,17:39,19:16",5.65,65.46
James Rodriguez,"09:24,11:56,15:35,18:42","10:42,14:25,17:47,20:34",7.86,52.23
Emma Garcia,"09:01,11:16,14:28","10:28,13:17,16:56",5.94,79.73
Emma Williams,"09:14,12:37,14:51,18:46","11:19,13:55,17:26,18:59",6.2,82.59
James Smith,"09:04,12:15,15:46","11:22,14:54,15:54",5.1,72.54
Olivia Jones,"09:22,12:55,16:35,18:40","11:36,15:39,17:43,19:16",6.71,57.05
Robert Martinez,"09:11,11:39,14:41","10:24,13:37,16:15",4.76,63.35
David Johnson,"09:27,11:30,13:16,17:07","10:27,12:41,16:04,18:09",6.03,81.62
Michael Johnson,"09:12,13:05,16:06","12:03,15:07,16:56",5.72,84.23
Maria Williams,"09:21,13:03,16:48","11:53,15:28,18:17",6.44,89.11
Maria Jones,"09:28,13:23,15:25","12:09,14:26,16:07",4.43,90.61
Emma Brown,"09:20,13:14,16:15","12:19,15:30,18:30",7.52,74.25
Robert Davis,"09:00,12:28,16:07","11:31,14:49,16:21",5.1,87.16
David Davis,"09:02,11:10,13:48,17:27","10:08,12:47,16:29,18:17",6.24,70.42
Robert Martinez,"09:04,11:11,12:59,16:37,18:34","10:10,12:11,15:26,17:38,19:03",6.05,60.87
James Jones,"09:19,13:23,16:56","12:13,15:42,17:13",5.51,78.04
Robert Martinez,"09:00,11:44,14:42,17:36","10:32,13:37,16:34,18:48",6.49,50.28
James Williams,"09:16,13:11,17:04","12:03,16:01,17:13",5.77,75.55
Olivia Rodriguez,"09:10,13:01","12:09,14:30",4.48,85.94
Maria Davis,"09:00,11:20,14:15,16:57","10:21,13:14,15:29,18:04",5.6,83.84
Michael Rodriguez,"09:24,11:17,15:30,17:46","10:41,14:06,17:11,18:15",6.27,63.67
Sophia Davis,"09:10,12:46","11:52,15:09",5.09,64.29
Emma Brown,"09:04,12:32,15:01","11:50,13:58,16:28",5.66,76.03
Alice Rodriguez,"09:03,11:44,15:42,17:57","10:49,14:41,17:07,18:01",6.21,61.56
John Martinez,"09:28,12:27,14:45,18:25","11:19,13:49,17:36,19:40",7.33,91.85
John Davis,"09:30,12:00,14:10,17:01","11:05,13:20,16:15,18:17",6.27,53.55
Olivia Davis,"09:08,11:27,14:12,16:40","10:35,13:01,15:40,17:56",5.76,70.78
Olivia Garcia,"09:14,11:37,15:28","10:53,14:35,16:25",5.57,68.63
David Jones,"09:10,12:37,15:52","11:58,15:17,16:00",5.61,53.37
Olivia Garcia,"09:11,11:30,13:54","10:14,12:56,16:32",5.12,90.69
Maria Johnson,"09:03,12:40,16:12,18:44","11:41,15:14,17:39,19:32",7.46,91.7
Alice Smith,"09:05,12:08,15:06,18:01","11:12,14:07,17:16,18:40",6.92,75.1
Maria Brown,"09:25,12:35,16:20,18:55","11:31,15:01,18:08,19:48",7.23,92.15
Emma Smith,"09:04,13:18,17:10,20:19","11:59,15:41,19:10,20:33",7.54,91.62
Emma Davis,"09:17,12:39,15:12","11:55,14:29,16:11",5.46,95.33
James Williams,"09:11,11:16,13:43","10:43,13:07,14:56",4.62,53.03
Robert Smith,"09:16,13:10,15:28","12:02,14:39,16:39",5.44,87.18
Sophia Jones,"09:16,12:50,14:52","11:49,14:11,15:16",4.3,89.66
John Johnson,"09:23,12:06,16:18","11:08,15:04,17:41",6.11,63.41
Robert Brown,"09:12,12:18,15:33,18:41","10:54,14:25,17:54,19:19",6.81,58.99
Sophia Johnson,"09:28,12:04,14:46","11:11,13:39,15:41",4.22,66.51
John Miller,"09:12,11:28","10:40,14:07",4.12,91.24
Michael Jones,"09:01,11:18,14:16,16:27","10:22,13:08,15:24,17:08",5.01,94.52
Maria Brown,"09:11,12:48,15:26","11:52,14:35,16:28",5.52,96.11
Olivia Rodriguez,"09:26,12:52","12:19,15:37",5.64,78.23
Olivia Johnson,"09:25,11:08,14:25,17:59","10:25,13:04,16:45,18:45",6.04,62.68
Olivia Martinez,"09:13,12:03,14:35","10:43,13:30,16:46",5.14,93.04
James Garcia,"09:10,12:26,15:20,17:35","11:00,14:25,16:22,19:08",6.41,56.52
Michael Davis,"09:19,11:07,14:32,16:42","10:24,13:25,15:43,17:17",5.15,92.12
James Brown,"09:20,12:23,14:59","11:07,14:06,16:13",4.75,97.67
Olivia Martinez,"09:18,12:23","11:35,14:22",4.27,50.98
Robert Garcia,"09:29,12:39,15:08,18:50","11:32,14:15,17:51,20:05",7.63,59.4
Maria Garcia,"09:27,12:52,16:10","11:58,15:07,17:04",5.68,85.51
Alice Miller,"09:11,12:42,15:27,19:28","11:43,14:17,18:22,20:02",7.61,51.5
Emma Miller,"09:03,12:12","11:39,14:15",4.65,83.87
James Jones,"09:27,12:57,15:21","12:12,14:27,16:44",5.64,68.52
John Jones,"09:29,11:46,14:59,17:39","10:48,13:52,16:36,18:20",5.72,50.7
James Williams,"09:10,12:31,15:37,17:59","11:27,14:45,16:56,18:30",6.36,73.11
Robert Rodriguez,"09:17,12:21,15:14,18:16","11:25,14:00,17:26,19:55",7.64,80.22
Olivia Smith,"09:09,11:38,13:41,16:57","10:41,12:56,16:00,17:17",5.49,95.17
Michael Johnson,"09:27,12:41,16:24","11:37,15:04,17:35",5.75,51.61
Robert Garcia,"09:22,11:50,14:35,17:04","10:33,13:47,15:45,17:13",4.45,66.68
Maria Brown,"09:21,11:30,13:25,16:13","10:23,12:31,15:34,16:19",4.31,51.3
James Brown,"09:24,12:43,15:33,17:58,21:16","11:36,14:18,16:51,20:04,21:40",7.6,50.9
Emma Rodriguez,"09:01,11:23,13:25,15:58","10:14,12:37,15:04,17:18",5.44,73.94
Olivia Rodriguez,"09:15,11:29,15:30","10:46,14:21,16:28",5.36,98.17
James Miller,"09:16,13:07,16:07","12:03,14:52,17:15",5.68,84.56
Michael Martinez,"09:26,13:29,17:02,19:56","12:15,16:06,18:48,20:03",7.32,87.93
James Miller,"09:30,12:23,16:12","11:14,14:49,17:13",5.19,84.87
Michael Garcia,"09:26,12:37,15:39","11:39,14:45,16:13",4.93,97.04
Emma Martinez,"09:18,13:01","12:13,14:33",4.45,65.28
John Jones,"09:11,12:32,14:58","11:22,13:52,16:41",5.25,51.94
Alice Johnson,"09:00,11:44,14:54,17:21","10:37,13:42,16:37,18:48",6.77,81.56
Olivia Rodriguez,"09:09,13:10","11:53,15:24",4.97,94.02
Emma Williams,"09:26,13:31,16:35,19:24","12:14,15:40,18:16,20:25",7.66,95.24
Alice Martinez,"09:10,12:05,15:30,17:41","11:03,14:21,16:39,18:23",6.02,86.29
Robert Williams,"09:26,12:43,14:34,18:33,20:30","11:24,13:49,17:27,19:47,20:53",7.57,75.62
Alice Miller,"09:09,12:21,16:10","11:12,15:12,16:15",4.98,52.33
Sophia Brown,"09:19,11:29,14:00","10:49,13:04,16:42",5.8,61.57
Alice Miller,"09:21,11:54,15:55,18:21","11:00,14:45,17:07,18:46",6.13,61.34
Robert Garcia,"09:04,11:15,13:39,17:20","10:12,12:40,16:00,19:31",7.09,54.9
Emma Rodriguez,"09:29,12:23,15:14,19:24","11:20,13:58,18:09,19:34",6.53,93.45
Sophia Rodriguez,"09:29,13:29,16:30","12:09,15:08,17:14",5.06,60.4
Robert Johnson,"09:11,12:48,16:05","11:38,15:28,16:53",5.92,87.28
Alice Martinez,"09:27,13:09","12:24,15:26",5.25,92.38
Robert Smith,"09:10,11:50,13:34","10:59,13:01,14:37",4.06,59.12
Olivia Martinez,"09:08,12:21,15:30","11:09,14:49,16:31",5.51,64.68
Olivia Rodriguez,"09:13,11:54,15:29,17:09,19:38","11:07,14:14,16:32,18:22,20:19",7.19,81.38
Maria Rodriguez,"09:00,12:58,15:10","11:42,14:16,15:25",4.26,65.39
Maria Garcia,"09:20,11:19,13:25,17:06","10:35,12:21,16:20,17:53",5.99,92.7
Alice Davis,"09:03,12:45,15:23,17:09,19:40","11:34,14:26,16:25,18:30,19:45",6.67,83.65
Olivia Rodriguez,"09:19,11:32,15:20","10:43,14:21,16:11",5.07,53.35
James Martinez,"09:24,11:47,15:03","10:37,14:03,16:27",4.89,87.03
Maria Smith,"09:18,12:23,15:28,18:45","11:23,14:33,17:47,19:00",6.82,51.08
David Martinez,"09:29,12:42,15:37,17:45","12:01,14:54,16:57,18:06",6.43,67.13
Olivia Williams,"09:04,11:06,14:56","10:14,14:02,17:03",6.22,68.7
Alice Davis,"09:30,12:05,14:28","11:26,13:27,16:01",4.86,93.64
John Jones,"09:04,12:34,16:28","11:53,15:20,18:39",7.78,91.1
David Williams,"09:18,12:55,15:25,18:08","11:49,14:24,17:02,18:33",6.04,90.29
Olivia Martinez,"09:15,13:19,16:24","12:07,15:06,17:05",5.33,99.78
David Smith,"09:15,11:04,14:13,17:11","10:24,13:27,16:21,18:09",6.64,71.04
Sophia Johnson,"09:27,12:18,15:20,19:03","11:07,14:26,18:17,19:08",6.84,72.04
Maria Miller,"09:14,12:51,15:44,19:33","11:35,14:51,18:29,20:25",7.98,56.59
Robert Rodriguez,"09:20,11:41,13:53,16:55","10:53,13:15,16:00,19:05",7.41,74.48
Sophia Davis,"09:22,11:23,14:13,16:53","10:23,13:12,15:40,18:00",5.41,90.41
Emma Jones,"09:23,12:52,15:26","12:07,14:29,17:20",6.25,71.91
Alice Garcia,"09:21,12:11,15:21","11:02,14:23,17:41",6.23,73.96
David Rodriguez,"09:16,12:52,16:48,19:32","11:42,15:27,18:27,20:11",7.32,52.41
Alice Jones,"09:11,11:33,13:17,15:36,19:11","10:25,12:37,14:26,18:11,20:30",7.36,84.86
John Martinez,"09:14,12:23,14:35,17:21","11:25,13:34,16:41,19:09",7.28,82.77
Emma Smith,"09:21,12:06,13:40","11:16,13:08,14:59",4.27,54.51
Sophia Rodriguez,"09:28,12:23,16:25","11:49,15:20,17:06",5.99,59.35
Robert Rodriguez,"09:29,11:58,16:02","11:03,14:54,16:16",4.73,54.97
Maria Davis,"09:04,11:36,13:43,16:07","10:23,12:38,15:26,16:26",4.39,75.72
David Johnson,"09:23,12:41,15:04,16:44","11:47,14:04,16:05,17:14",5.31,65.27
David Jones,"09:17,12:25,15:32","11:40,14:34,16:52",5.87,54.19
John Jones,"09:15,13:14","12:06,14:44",4.37,80.4
Robert Smith,"09:11,11:45,15:09","10:45,14:00,17:57",6.62,83.55
Alice Smith,"09:01,12:45,16:39","11:49,15:39,16:42",5.76,52.66
Emma Martinez,"09:04,11:44,13:59","10:38,13:17,15:19",4.46,90.19
Maria Williams,"09:14,13:08,15:44,18:57","12:07,14:19,17:55,18:57",6.26,88.85
Sophia Rodriguez,"09:09,11:55,15:41,18:21","10:42,14:52,17:04,18:29",6.03,60.77
Maria Martinez,"09:01,13:11,15:14,17:58","11:51,14:15,16:51,18:03",5.61,82.18
James Jones,"09:25,11:40,14:54","10:56,14:20,17:12",6.49,81.74
Sophia Williams,"09:27,11:30,14:43,17:38","10:38,13:38,17:06,18:21",6.43,84.81
John Miller,"09:17,12:58,16:38,18:54","11:52,15:43,18:01,19:25",7.24,56.07
Sophia Smith,"09:06,12:30,15:07","11:40,13:54,16:08",4.99,85.32
Olivia Garcia,"09:24,12:49,15:34","12:05,14:46,16:54",5.98,92.36
Sophia Davis,"09:04,12:16,14:29,18:18","11:37,13:18,17:06,19:53",7.78,77.26
James Jones,"09:06,12:29,15:12,18:51","11:02,13:53,17:25,20:15",6.95,83.91
Emma Johnson,"09:08,11:29,14:52,17:15","10:37,13:54,16:16,17:45",5.81,60.15
Michael Davis,"09:26,11:55,14:17","10:49,13:13,16:03",4.47,97.6
David Jones,"09:04,13:17,16:50","11:48,15:39,18:33",6.82,96.03
Maria Garcia,"09:19,12:03,15:31,18:48","11:00,14:33,17:52,19:33",7.29,75.06
Michael Johnson,"09:01,10:47,13:32","10:04,12:35,14:59",4.31,82.02
Maria Davis,"09:23,12:29,16:36","11:43,15:28,19:14",7.97,60.58
Olivia Johnson,"09:23,12:19,14:28,18:04","11:16,13:29,16:54,18:10",5.6,80.64
Alice Miller,"09:02,11:31,13:39,15:43,18:17","10:42,12:31,14:54,17:31,18:31",5.96,74.88
Sophia Miller,"09:04,12:12,15:12","11:01,14:34,16:33",5.67,58.38
James Garcia,"09:10,13:19","12:00,14:35",4.11,92.37
Emma Williams,"09:27,13:02,15:59","11:41,14:54,16:10",4.29,86.5
John Garcia,"09:02,12:54,16:55","11:41,15:43,17:01",5.57,72.99
John Rodriguez,"09:22,12:28,14:49,16:37","11:33,13:42,15:54,16:42",4.58,77
Alice Williams,"09:15,11:22","10:35,14:12",4.18,62.45
John Rodriguez,"09:23,11:41,13:45,17:08","10:23,12:58,16:22,17:28",5.25,67.9
Michael Garcia,"09:09,12:08,14:16","11:00,13:33,15:22",4.38,89.57
Michael Rodriguez,"09:27,13:06,15:30","12:10,14:27,16:47",5.35,93.59
Robert Miller,"09:05,10:58,13:16,15:46,18:56,20:46","10:10,12:04,14:54,18:06,19:58,21:34",8,85.68
Robert Miller,"09:04,12:27,14:45","11:36,14:06,16:38",6.08,92.88
Robert Garcia,"09:16,11:24,13:28","10:34,12:31,15:44",4.7,84.6
Robert Garcia,"09:12,11:55,15:36","11:07,14:20,16:14",4.97,91.35
Olivia Williams,"09:17,12:56,15:15","11:45,14:27,16:25",5.16,93.71
Michael Garcia,"09:04,12:39,15:44,19:15","11:12,14:43,18:12,20:18",7.72,71.4
John Davis,"09:20,11:18,15:06","10:33,14:13,15:33",4.6,99.7
Maria Smith,"09:24,13:08,15:53,17:49","12:18,15:16,16:55,17:56",6.2,93.66
Alice Smith,"09:02,11:38,13:51,16:27","10:58,12:51,15:19,17:26",5.61,64.21
Michael Brown,"09:24,12:11,14:58,18:04","11:17,13:47,17:03,19:23",6.88,90.75
Emma Williams,"09:26,11:30,14:51,17:51","10:30,13:26,16:30,19:13",6.03,59.23
Emma Johnson,"09:11,12:35,15:59,20:06","11:45,14:32,18:38,20:34",7.65,86.62
David Davis,"09:11,11:16,13:37,16:14,19:18","10:33,12:25,15:07,18:27,19:42",6.64,99.54
James Williams,"09:14,11:19,14:13,17:17,21:00","10:15,13:04,16:10,20:00,21:19",7.76,95.62
Alice Martinez,"09:08,10:59,14:54","10:16,13:47,15:39",4.69,61.47
Sophia Miller,"09:18,12:08,15:15,17:27","10:57,14:14,16:54,17:34",5.53,70.48
Sophia Rodriguez,"09:19,11:39,13:40,15:49","10:42,12:48,14:54,17:51",5.81,74.9
Alice Rodriguez,"09:10,13:17,16:03,18:19,20:45","11:51,14:59,17:09,19:36,21:03",7.07,79.95
Robert Garcia,"09:06,12:11,15:25","11:09,14:14,17:02",5.73,85.81
Robert Smith,"09:13,11:29,14:33,18:07","10:29,13:21,17:04,18:35",6.12,73.04
James Brown,"09:29,11:16,13:20,16:23","10:35,12:21,15:25,16:32",4.42,63.91
Robert Rodriguez,"09:29,12:04,15:07,17:32","11:04,14:01,16:21,19:53",7.12,85.06
John Jones,"09:30,13:23,16:19","12:00,15:17,17:10",5.25,60.5
Emma Rodriguez,"09:29,12:59,17:21","12:00,15:57,17:44",5.88,91.76
Olivia Johnson,"09:11,11:37,14:09,16:27","10:57,13:04,15:17,17:55",5.83,81.62
Alice Williams,"09:21,11:59,15:18","10:51,14:29,16:05",4.79,55.56
David Davis,"09:14,11:38,14:47","10:47,14:06,15:37",4.86,62.34
James Miller,"09:10,12:04,15:50","10:49,14:54,15:53",4.54,86.96
Robert Rodriguez,"09:25,11:40,14:54","10:54,13:57,15:52",4.74,74.38
James Jones,"09:11,12:05,15:42","11:09,14:19,18:13",6.73,86.1
Emma Rodriguez,"09:07,12:40,14:53","11:14,14:02,16:35",5.2,88.18
David Jones,"09:27,11:52,14:31","11:16,13:07,16:03",4.61,61.99
John Brown,"09:26,12:20,14:34","11:43,13:22,16:38",5.39,87.23
James Miller,"09:12,12:21,14:56,18:44,20:36","11:24,13:28,17:26,19:48,20:48",7.1,69.56
David Garcia,"09:11,12:13,15:45","11:10,14:25,16:33",4.99,84.48
Alice Davis,"09:07,12:11,15:45,19:23","11:37,14:32,17:59,19:52",7.58,68.17
Robert Rodriguez,"09:26,13:02,16:52","11:51,16:00,18:28",6.99,85.71
John Martinez,"09:02,12:31,16:07,18:30","11:46,14:54,17:44,19:19",7.55,69.86
Michael Smith,"09:05,11:46,15:43,18:49","10:58,14:26,17:58,19:17",7.27,92.44
Maria Johnson,"09:05,10:53,14:11,16:44,19:45","10:22,13:34,15:39,18:29,20:00",7.44,87.54
David Williams,"09:20,11:29,13:47,17:32","10:40,13:11,16:17,17:55",5.92,95.89
James Davis,"09:11,12:00,14:30","10:49,13:43,15:56",4.8,91.45
Michael Johnson,"09:07,13:01,15:02,17:32,19:21","11:40,14:04,16:37,18:46,19:30",6.57,99.98
Michael Williams,"09:19,12:46,15:08","11:44,14:05,15:25",4.02,76.6
John Rodriguez,"09:17,12:08,15:03","10:59,14:29,17:41",6.69,99.5
Emma Jones,"09:24,11:45,14:46,17:25,20:57","10:59,13:27,16:26,19:48,21:34",7.97,58.65
Alice Miller,"09:11,12:45,15:30","11:48,14:18,16:42",5.38,86.09
David Miller,"09:14,12:34,15:08,17:37","11:22,14:08,16:18,17:52",5.12,82.06
David Martinez,"09:21,12:27,16:12,18:29","11:48,15:13,17:31,19:46",7.82,71.33
John Smith,"09:03,12:02,14:24,17:54","11:02,13:42,16:29,19:21",7.2,64.73
Michael Rodriguez,"09:20,12:11,15:18","11:00,14:20,15:32",4.05,92.82
Robert Garcia,"09:13,12:39,16:11","11:32,15:39,16:22",5.51,85.6
Robert Martinez,"09:08,12:31,16:24","11:41,15:17,17:11",6.11,93.2
Olivia Williams,"09:25,12:16,14:47","11:22,13:36,15:46",4.28,62.3
James Miller,"09:20,11:44,15:06,17:39,20:04","11:06,13:58,16:46,19:27,20:26",7.83,55.56
John Rodriguez,"09:01,11:26,13:42,16:32,18:45","10:48,13:03,15:42,17:59,19:35",7.69,71.91
Olivia Rodriguez,"09:16,12:04,15:11","10:53,14:04,16:20",4.77,86.59
David Davis,"09:14,11:43,15:08","10:40,14:08,15:44",4.46,52.17
Robert Rodriguez,"09:10,11:50,15:47","10:47,14:45,18:07",6.87,59.28
David Jones,"09:16,12:26,15:59","11:28,14:47,16:59",5.55,95.54
Olivia Davis,"09:25,12:00,15:25,18:07","10:44,14:31,16:48,19:38",6.75,87.1
Maria Garcia,"09:08,12:15,16:31,19:17","11:07,15:04,18:15,19:49",7.08,89.19
Alice Miller,"09:08,11:14,14:15","10:15,13:32,16:24",5.57,63.19
John Miller,"09:11,12:03,14:25,18:15,20:11","11:00,13:25,17:12,19:20,20:58",7.83,62.37
Emma Miller,"09:10,11:39,15:35","10:46,14:10,15:50",4.37,57.57
Michael Martinez,"09:05,12:52","11:52,14:18",4.23,81.07
Michael Jones,"09:07,12:20,14:27,17:04","11:33,13:28,15:37,18:48",6.48,56.79
Maria Johnson,"09:27,12:19,14:42","11:11,13:31,16:10",4.4,74.32
Emma Davis,"09:25,12:12,14:31,17:31","11:16,13:20,16:41,18:30",6.15,88.84
John Williams,"09:00,11:26,14:53,18:23","10:20,13:52,17:07,18:26",6.05,99.98
Maria Smith,"09:12,13:01,15:45","12:03,14:30,17:38",6.22,93.35
Sophia Martinez,"09:26,11:35,15:28,18:06","10:50,14:25,17:02,18:38",6.35,53.5
Michael Smith,"09:30,12:37,14:58","11:54,14:11,17:02",6.05,71.56
David Brown,"09:27,13:21,16:18","12:05,15:17,18:05",6.35,96.54
Emma Rodriguez,"09:01,12:44","11:54,14:04",4.23,51.56
Michael Brown,"09:22,12:51,14:56,17:22","11:39,14:01,16:20,17:54",5.39,56.27
Alice Martinez,"09:13,12:15,15:23","11:29,14:33,15:28",4.65,54.67
Olivia Jones,"09:09,11:10,14:00,17:27","10:31,12:53,16:15,19:17",7.17,83.41
Michael Jones,"09:13,12:14,14:47,17:41","11:06,13:51,16:47,17:57",5.78,86.11
Emma Rodriguez,"09:24,13:18,16:59","12:17,15:56,17:02",5.57,95.34
Maria Rodriguez,"09:12,12:00,14:41","11:13,13:44,15:10",4.25,52.94
Michael Jones,"09:02,11:50,15:24","11:08,14:37,16:12",5.69,73.16
Maria Brown,"09:30,12:00,14:55,17:28,19:39","11:11,13:45,16:57,18:45,20:25",7.52,51.49
Emma Davis,"09:26,12:22,14:25,16:29,18:44","11:20,13:37,15:26,17:51,20:01",6.82,57.04
Olivia Jones,"09:10,12:53,15:23","11:48,14:30,18:04",6.95,55.23
Emma Jones,"09:06,13:18,15:28,18:16","11:59,14:43,17:18,20:02",7.91,92.79
Sophia Garcia,"09:21,12:59,15:28","12:01,14:49,17:37",6.65,91.29
Sophia Jones,"09:05,13:04,15:53,19:14","12:00,15:01,18:23,19:18",7.44,59.28
Robert Williams,"09:29,12:49,14:23","11:29,13:50,16:13",4.86,71.76
Maria Garcia,"09:22,12:10,14:15,16:50,19:52","10:54,13:24,15:50,19:07,20:01",6.79,95.91
Alice Davis,"09:02,11:08,14:31,17:06","10:29,13:34,16:15,17:53",6.4,58.52
Emma Smith,"09:09,11:11,14:03,16:24","10:14,12:59,15:44,18:02",6.2,80.12
Maria Martinez,"09:07,13:19,16:29,18:44","12:00,15:43,17:31,19:21",6.95,53.27
John Smith,"09:12,11:53","10:45,14:37",4.28,95.39
Olivia Johnson,"09:08,12:06,13:58,16:54,19:40","11:12,13:10,15:35,18:27,20:38",7.27,98.56
Emma Johnson,"09:26,11:50,15:54,18:23","10:49,14:44,17:03,19:30",6.56,51.19
Olivia Rodriguez,"09:23,13:01","12:13,14:24",4.23,90.84
Robert Jones,"09:15,12:27,15:10","11:12,14:22,15:33",4.25,69.29
Sophia Brown,"09:09,12:09,14:53","11:25,13:46,15:23",4.4,91.07
Robert Williams,"09:04,12:21,15:24","11:04,14:41,16:13",5.16,77.15
James Miller,"09:10,12:00,14:43,17:11","10:39,13:44,15:47,17:30",4.61,88.69
Olivia Jones,"09:19,12:04,15:03,17:33","10:49,14:02,16:06,17:36",4.58,57.63
James Miller,"09:28,12:26,14:52,18:00","11:35,13:56,16:47,19:07",6.67,84.13
Alice Rodriguez,"09:29,12:32,15:49","11:45,15:01,17:40",6.61,78.34
David Rodriguez,"09:29,12:44,15:59","11:54,14:57,17:36",6.26,68.66
Olivia Miller,"09:12,11:49,13:56,17:31","10:57,13:05,16:36,17:52",6.04,95.84
David Smith,"09:29,13:13,17:04,18:57","11:57,15:51,18:09,19:32",6.78,73.49
Maria Smith,"09:11,12:56,15:29,18:46","11:54,14:22,17:40,18:51",6.43,67.95
John Martinez,"09:26,12:11,15:43","11:02,14:59,15:48",4.49,54.58
Sophia Miller,"09:06,11:19,14:46,18:31","10:28,13:47,17:33,19:19",7.43,86.23
Olivia Jones,"09:26,12:07,15:32,18:01","10:53,14:26,17:03,18:45",6.02,71.63
John Garcia,"09:27,12:50","11:58,15:23",5.08,71.12
David Martinez,"09:07,11:39,14:45,17:07,19:51","10:40,13:51,16:04,18:46,21:04",7.93,86.17
David Rodriguez,"09:07,13:06,15:33,18:40","12:03,14:31,17:33,19:45",7.44,81.26
John Johnson,"09:11,11:54,14:17,17:32,19:48","10:53,13:20,16:55,18:40,20:01",7.12,63.05
Maria Garcia,"09:16,11:39,14:21,16:27,19:06,21:37","10:40,13:22,15:29,17:57,20:38,22:17",7.95,96.94
Emma Brown,"09:28,11:55,15:08","10:41,13:41,16:24",4.26,90.1
James Davis,"09:30,11:26,13:51,17:22,19:34","10:52,12:29,16:10,18:47,21:15",7.83,59.59
Emma Martinez,"09:05,12:04,14:36","11:03,13:49,15:19",4.44,59.82
Emma Rodriguez,"09:01,12:29,14:55","11:11,14:09,15:37",4.55,84.98
Sophia Miller,"09:19,11:12,14:15","10:34,13:31,16:24",5.72,65.66
Robert Martinez,"09:04,12:02,15:16,17:14","10:57,14:20,16:16,17:27",5.4,61.77
Michael Smith,"09:17,11:19,14:07,17:00","10:38,13:12,15:58,17:10",5.27,66.26
David Garcia,"09:08,12:05,14:17,16:40","10:42,13:37,15:22,18:18",5.83,77.8
Olivia Williams,"09:10,12:21,15:52,19:15","11:09,14:25,18:16,20:18",7.51,56.92
Sophia Johnson,"09:12,13:24,16:22,19:08","12:10,15:16,18:09,19:26",6.92,82.71
Olivia Martinez,"09:09,12:52,16:04,19:20","11:37,14:51,18:26,20:25",7.91,77.93
Michael Johnson,"09:21,12:00,14:14,16:27","11:16,13:09,15:19,18:12",5.9,79.5
Michael Rodriguez,"09:03,12:04,15:07","11:25,14:18,17:21",6.84,90.44
Sophia Miller,"09:05,12:40,15:48","11:36,15:06,17:02",6.19,53.36
James Martinez,"09:06,11:53,14:05,16:17","10:54,13:08,15:11,17:30",5.38,93.48
Robert Brown,"09:11,11:29,15:20","10:43,14:06,16:28",5.29,72.17
Alice Miller,"09:04,11:58,15:47","10:46,14:37,16:05",4.66,59.07
Olivia Jones,"09:29,11:45,14:12,17:47,19:47","10:46,13:21,16:49,18:49,21:05",7.84,59.64
John Garcia,"09:25,12:52,16:20","11:55,15:15,17:22",5.92,56.34
Sophia Miller,"09:09,13:20,16:49","12:00,16:03,18:42",7.45,64.25
John Smith,"09:18,12:59,16:29,19:21","11:50,15:36,18:28,19:53",7.67,52.51
Maria Johnson,"09:24,12:33,16:13","11:38,15:13,16:47",5.47,84.49
Alice Jones,"09:08,12:06,15:52,18:04","10:54,15:03,17:11,18:52",6.84,52.65
Michael Jones,"09:21,11:54,14:25,16:33,20:14","10:56,13:34,15:47,19:21,20:43",7.91,85.55
John Garcia,"09:22,12:59","12:05,14:17",4.02,66.84
John Johnson,"09:20,12:57,15:47,18:54","12:05,14:36,17:46,20:07",7.61,62.01
Maria Smith,"09:18,11:26,13:50,16:44,19:04","10:30,12:43,15:59,17:46,20:10",6.78,80.26
Maria Smith,"09:11,12:49,16:00","11:54,15:19,16:21",5.57,53.24
Emma Johnson,"09:28,12:10,15:43,18:12","10:55,14:18,17:00,19:10",5.83,50.21
Michael Smith,"09:06,12:41,15:58,18:07","11:22,15:03,17:00,20:08",7.69,79.25
Michael Miller,"09:13,11:57,14:31,18:39","11:03,13:44,17:29,19:51",7.79,71
Alice Davis,"09:27,12:47","11:34,15:14",4.58,78.32
Olivia Smith,"09:08,12:15,14:44","11:12,13:33,15:36",4.25,78.9
Emma Miller,"09:29,13:01,16:23,18:56","12:19,15:20,18:06,19:21",7.29,58.72
David Smith,"09:16,12:55","12:07,14:38",4.58,60.79
Emma Smith,"09:00,12:21,15:34","10:53,14:35,16:14",4.78,97.16
James Jones,"09:18,12:20,15:36","10:59,14:27,17:34",5.77,85.49
Alice Rodriguez,"09:14,13:27,16:50,19:00","12:12,15:48,17:59,19:17",6.75,54.86
David Smith,"09:08,12:18,14:18,17:19","11:27,13:39,16:13,18:37",6.9,69.59
David Brown,"09:14,11:38,14:46,18:16","10:34,13:48,17:17,19:14",6.99,52.56
Alice Jones,"09:28,13:40,16:54","12:25,15:54,16:55",5.21,50.05
Maria Davis,"09:15,12:55,15:39","11:57,14:59,17:29",6.61,78.4
John Williams,"09:08,13:11,17:08,19:43","11:51,16:09,18:23,20:22",7.6,96.04
Robert Davis,"09:07,12:39,15:49","12:00,14:30,18:31",7.44,90.72
Michael Williams,"09:10,11:34,14:11,18:10","10:57,13:27,17:02,19:00",7.36,79.12
Sophia Johnson,"09:15,12:46,16:11,19:28","11:30,15:22,18:13,20:29",7.91,90.07
Maria Davis,"09:18,11:30,14:38,17:32","10:34,13:39,16:12,18:31",5.97,93.02
David Garcia,"09:11,12:03,15:11","11:20,14:10,15:45",4.84,83.68
Alice Rodriguez,"09:27,12:20,14:23,16:46,20:03","11:04,13:25,15:39,19:14,20:50",7.22,59.18
Emma Martinez,"09:15,13:07,16:37","11:56,15:37,17:49",6.39,75.38
James Davis,"09:21,13:14,15:22,17:42,19:33","11:59,14:28,16:53,19:03,20:36",7.78,50.77
Alice Smith,"09:20,12:26,14:59,17:40","11:45,14:04,16:27,17:44",5.59,96.57
John Brown,"09:30,12:16,14:47,18:30","11:08,13:44,17:42,19:25",6.94,99.53
John Jones,"09:05,12:04,14:49,17:17","10:48,13:30,16:31,19:00",6.57,98.17
Olivia Smith,"09:24,12:40","11:51,14:22",4.16,81.18
James Davis,"09:17,12:11,15:26","10:57,14:30,15:55",4.47,67.69
Maria Jones,"09:29,12:04,14:29,16:38,19:03","10:44,13:47,15:46,18:02,20:26",7.04,73.91
Olivia Johnson,"09:17,12:15,15:03","11:07,13:42,17:46",6,63.48
John Martinez,"09:13,11:24,14:35","10:44,13:34,16:42",5.8,89.97
Emma Williams,"09:27,12:25,14:32,16:49,20:46","11:39,13:39,15:35,19:39,20:46",7.32,96.85
James Martinez,"09:18,12:44,15:24,18:34","11:27,14:19,17:21,19:14",6.35,51.85
Olivia Williams,"09:27,13:25","12:22,15:22",4.87,71.9
Emma Johnson,"09:02,12:09,15:54,18:21","11:33,14:50,16:57,19:41",7.59,70.15
Robert Rodriguez,"09:16,11:52,14:40,16:53","11:17,13:35,15:48,16:58",4.96,88.87
Robert Brown,"09:30,11:24,14:03","10:31,12:41,15:49",4.07,70.82
Robert Williams,"09:14,12:42,15:31","11:36,14:38,15:48",4.59,70.4
James Johnson,"09:08,12:20,15:29,18:22","11:34,14:16,17:38,19:29",7.64,54.56
Emma Davis,"09:26,12:24,15:21","11:07,14:38,16:02",4.61,98.19
John Garcia,"09:27,11:36,15:16,17:12,19:50","10:41,14:14,16:38,18:47,19:55",6.91,55.8
John Jones,"09:23,13:03,15:40","12:02,15:08,16:34",5.64,63.25
Maria Martinez,"09:30,12:23,14:36,17:05,19:12","11:16,13:28,15:57,18:08,19:29",5.55,87.83
James Smith,"09:00,11:52,15:45","10:59,14:22,16:01",4.75,78.58
Michael Rodriguez,"09:02,13:18,16:07","11:51,15:02,17:48",6.24,71.89
John Smith,"09:02,11:47,13:54","10:51,13:07,15:50",5.1,79.11
John Williams,"09:22,11:30,14:02","10:52,13:14,15:09",4.35,96.29
John Smith,"09:28,12:22,14:40,18:45","11:31,13:23,17:32,19:45",6.94,76.96
James Williams,"09:29,13:24,17:06","11:58,16:02,17:54",5.93,58.21
Michael Rodriguez,"09:20,11:31,14:32,17:19,19:17","10:34,13:22,16:20,18:26,20:25",7.15,91.26
Emma Garcia,"09:20,13:14,15:25","12:14,14:27,15:50",4.54,60.45
Alice Davis,"09:22,13:03","12:05,15:12",4.88,50.79
John Miller,"09:01,12:22,14:38,16:48","11:09,13:34,15:49,18:27",6.18,71.46
Robert Martinez,"09:06,12:49,15:17,17:11","11:57,14:07,16:18,18:17",6.28,77.89
Sophia Miller,"09:13,13:07,16:22","12:00,15:23,16:32",5.22,81.42
James Martinez,"09:27,12:03,16:18,18:48","10:55,14:57,17:56,19:15",6.45,97.61
Emma Garcia,"09:12,12:37,15:32,18:00,20:17","11:50,14:50,17:04,19:31,20:21",7.97,93.34
Olivia Williams,"09:13,12:24,16:08","11:15,15:19,16:33",5.37,90.3
James Davis,"09:16,12:38,16:13","11:17,15:10,18:03",6.39,84.21
John Rodriguez,"09:14,11:32,13:35,16:30","10:38,12:48,15:15,18:48",6.64,64.07
Maria Garcia,"09:25,12:03,13:51","11:06,13:13,15:27",4.47,76.42
Alice Brown,"09:18,12:57,15:58","12:06,14:49,17:14",5.93,56.46
Robert Brown,"09:29,12:25,16:09","11:05,15:06,17:56",6.07,53.74
Alice Johnson,"09:09,11:21,14:29","10:19,13:36,15:46",4.71,81.31
Olivia Williams,"09:09,12:23,14:30,16:51","11:08,13:39,15:52,19:06",6.87,72.4
Emma Johnson,"09:06,11:39,14:57","10:20,13:57,16:22",4.95,77.53
Robert Jones,"09:00,11:40,14:15,16:39","10:34,13:18,15:17,18:01",5.6,82.88
Emma Williams,"09:01,11:39,14:21,17:01","10:27,12:55,15:59,18:29",5.81,78.55
John Rodriguez,"09:10,11:33,15:27,18:18","10:45,14:10,17:31,19:49",7.8,62.5
Olivia Johnson,"09:25,13:01,17:14,19:46","12:09,15:55,18:24,20:15",7.29,70.27
John Rodriguez,"09:03,11:14,14:28,16:39","10:11,13:21,15:50,17:49",5.79,52.48
Olivia Smith,"09:15,12:39,15:30,18:59","11:33,14:28,18:02,20:03",7.73,64.99
Michael Miller,"09:09,12:44,16:48","11:35,15:38,18:06",6.64,50.89
David Rodriguez,"09:29,11:23,13:32,15:57,19:31","10:30,12:40,14:50,18:45,20:05",6.98,66.13
Robert Jones,"09:04,11:17,15:02","10:15,14:04,15:55",4.86,91.55
Robert Smith,"09:21,11:07,13:25,15:56","10:28,12:31,14:47,18:28",6.43,74.66
James Smith,"09:09,11:17,15:02,17:38","10:20,13:58,17:02,19:33",7.8,55.79
John Williams,"09:25,12:22,15:53","11:46,15:04,17:37",6.8,91.38
Maria Miller,"09:29,12:15,15:36,18:41","11:41,14:44,17:26,19:58",7.8,70.77
Maria Garcia,"09:29,13:00,16:16,18:20","12:17,15:32,17:24,19:00",7.13,99.02
David Brown,"09:14,11:39,14:34","10:46,13:33,15:23",4.26,50.08
James Miller,"09:27,11:57,15:25","10:54,14:24,16:05",4.58,71.78
Maria Williams,"09:21,11:38,13:45,16:35,20:01","10:33,12:56,15:32,18:48,20:19",6.8,60.79
John Williams,"09:26,11:49,15:36","11:07,14:47,15:42",4.76,95.35
John Johnson,"09:14,13:20,16:32","11:58,15:32,17:11",5.59,65.1
David Jones,"09:05,11:18,14:58","10:29,14:12,16:08",5.48,78.37
John Miller,"09:23,11:46,15:27,17:38,20:25","11:11,14:19,16:32,19:04,20:34",7.02,89.75
James Garcia,"09:30,12:30,14:10,16:59","11:19,13:34,16:12,18:04",6.01,50.37
David Brown,"09:00,11:13,14:07,16:14","10:10,12:57,15:12,17:39",5.41,98.43
Robert Miller,"09:05,12:01,14:44,17:07,19:25","11:03,13:58,16:04,18:28,20:40",7.86,55.23
Robert Williams,"09:23,12:17,16:07,18:41","11:00,15:11,17:35,19:12",6.51,64.72
Maria Johnson,"09:20,13:21,15:32,18:13","12:18,14:24,17:13,18:49",6.31,77.42
Olivia Rodriguez,"09:17,11:25,13:16,17:25","10:45,12:40,16:12,18:43",6.96,65.81
Sophia Rodriguez,"09:23,11:53,14:27,17:34","11:13,13:24,17:01,19:13",7.58,64.62
David Garcia,"09:11,12:05,15:30","11:02,14:53,17:45",6.9,78.39
Emma Johnson,"09:08,11:42,15:04,17:55","10:36,14:17,16:48,18:33",6.42,83.79
James Jones,"09:21,11:57,13:55,16:57","11:20,13:04,16:18,18:32",7.07,69.26
David Martinez,"09:14,11:00,14:53,18:00","10:20,13:55,16:47,18:22",6.3,70.96
Michael Martinez,"09:11,12:09,15:32,19:24","11:21,14:45,18:13,19:48",7.86,78.96
Emma Miller,"09:02,11:35,14:36","10:37,13:34,16:40",5.65,62.16
Alice Johnson,"09:04,12:07,15:26,18:18","11:07,14:17,17:27,18:35",6.53,52.63
Michael Davis,"09:23,12:48,16:20","11:44,15:18,17:16",5.79,62.96
Sophia Smith,"09:09,11:49,14:03,18:26","10:53,12:53,16:59,20:41",7.98,70.81
James Williams,"09:29,13:03,16:07,18:41","12:19,15:05,17:40,20:14",7.98,51.38
Robert Williams,"09:25,11:37,13:46,15:51,18:28","10:45,12:52,15:03,17:22,20:50",7.76,92.43
James Johnson,"09:04,12:57,14:56","11:49,14:03,15:16",4.2,62.13
James Martinez,"09:09,12:08,15:00,17:27","11:28,14:01,16:14,18:27",6.45,67.27
Maria Miller,"09:06,12:46","11:54,14:09",4.19,79.4
David Jones,"09:01,11:56,13:55,16:56,19:27","10:55,13:20,15:57,18:11,20:36",7.75,59.27
Alice Rodriguez,"09:20,12:28,15:34","11:21,14:26,15:43",4.15,95.25
Michael Smith,"09:02,12:34,14:55,17:22","11:57,13:40,16:36,17:32",5.88,63.46
Michael Garcia,"09:28,11:32,15:30","10:44,14:09,16:30",4.89,96.37
Emma Jones,"09:21,12:39,15:12","11:33,14:13,17:31",6.08,99.9
Maria Williams,"09:26,12:20,14:56,17:28","11:25,13:40,16:36,18:13",5.74,57.1
Maria Smith,"09:05,11:32,13:53,16:42","10:35,12:50,15:19,17:20",4.88,73.52
Michael Garcia,"09:29,13:18,17:05","12:15,15:50,18:09",6.38,77.88
Emma Davis,"09:04,12:38,15:37,18:44","11:32,14:47,17:24,19:37",7.29,68.76
Olivia Johnson,"09:15,11:34,15:10","10:41,14:22,15:13",4.28,56.35
Emma Martinez,"09:19,11:55,14:05","11:03,12:55,16:13",4.87,67.24
James Martinez,"09:20,11:26,14:31,16:57","10:33,13:52,15:53,17:50",5.91,92.25
John Smith,"09:11,11:49,15:03,17:02","10:48,14:23,16:08,17:10",5.41,67.66
Olivia Smith,"09:01,13:09,14:55","11:46,14:09,15:22",4.2,82.47
Maria Rodriguez,"09:04,12:35","11:53,14:33",4.79,74.64
James Rodriguez,"09:08,11:54,14:01,15:57,19:14","10:44,12:58,15:05,18:31,19:46",6.85,96.69
Emma Johnson,"09:30,12:02,13:53,16:21,19:00","11:06,13:04,15:19,17:39,20:16",6.64,86.12
Maria Garcia,"09:21,12:05,15:06","11:02,13:56,16:38",5.07,70.85
Maria Miller,"09:10,13:16,15:51","12:02,14:56,16:35",5.27,74.08
James Davis,"09:16,11:37,14:46","10:51,13:51,15:37",4.68,67.97
James Johnson,"09:12,13:03,16:45,19:53","12:04,15:40,18:55,20:01",7.78,50.47
Alice Martinez,"09:07,11:27,14:47","10:16,13:48,15:41",4.41,59.86
Michael Davis,"09:13,12:46","11:39,14:54",4.57,54.97
Michael Miller,"09:00,11:23,15:00,17:48","10:05,13:47,16:51,18:39",6.18,94.94
John Johnson,"09:12,12:11,14:30,17:16","11:13,13:33,16:08,17:58",5.73,76.95
Maria Garcia,"09:05,11:57,15:54","11:25,14:44,15:56",5.15,94.49
Robert Miller,"09:24,13:40,16:04","12:23,14:55,17:24",5.58,94.6
Emma Martinez,"09:30,12:06,14:23,17:55","10:39,13:18,16:56,18:39",5.65,80.63
Alice Garcia,"09:15,12:36,15:57,17:47","11:49,14:52,16:58,18:18",6.37,86.22
Michael Brown,"09:21,12:41,15:43","11:53,15:05,17:08",6.36,96.33
Robert Jones,"09:19,12:26,14:48","11:36,13:53,15:09",4.1,74.7
David Garcia,"09:06,11:56,14:43,18:23","11:01,13:56,17:17,18:30",6.61,67.45
Alice Garcia,"09:19,12:14,15:24,19:09","11:20,14:23,18:10,19:31",7.3,69.47
John Smith,"09:02,11:57,14:24,17:52","11:03,13:23,16:47,18:59",6.95,62.24
Sophia Garcia,"09:29,11:52,14:37,16:58,19:02","10:29,13:32,15:41,18:14,19:43",5.7,71.37
John Rodriguez,"09:06,13:00,15:31","12:00,14:28,17:25",6.28,74.74
Olivia Brown,"09:05,11:29,13:52","10:42,12:59,14:55",4.17,80.21
Sophia Brown,"09:10,11:49,13:47,17:19,19:32","10:37,13:02,16:20,18:35,20:20",7.29,91.03
James Smith,"09:05,11:53,13:56","11:15,13:11,14:49",4.35,77.9
Emma Smith,"09:15,12:19,14:52,17:58","11:13,14:17,17:22,19:03",7.53,52.44
Maria Jones,"09:11,11:37,14:37","10:43,13:28,16:08",4.91,71.82
Michael Smith,"09:19,12:26,16:39","11:29,15:23,18:08",6.6,61.77
Emma Brown,"09:21,12:09,15:29,17:46,20:24","11:13,14:04,16:36,19:03,21:55",7.71,90.5
Emma Jones,"09:01,12:30,15:18","11:33,13:56,15:42",4.37,53.3
David Johnson,"09:22,11:32,15:27,18:28,20:44","10:34,14:10,17:38,19:35,20:52",7.28,84.49
James Williams,"09:25,12:43,15:36","11:33,14:40,17:53",6.37,50.58
Alice Smith,"09:19,11:58,15:38","11:06,14:48,15:53",4.87,59.99
John Brown,"09:01,11:12,13:46,15:40","10:11,13:06,15:05,17:49",6.55,84.51
David Miller,"09:00,11:35,14:25","10:39,13:09,15:42",4.51,66.89
Maria Brown,"09:30,12:43,16:22","11:52,14:59,18:04",6.34,86.61
Alice Johnson,"09:12,12:41,16:50","11:47,15:32,17:33",6.17,71.72
James Williams,"09:12,11:21,13:23,15:52","10:26,12:22,14:59,16:23",4.37,61.87
Maria Martinez,"09:08,12:44,15:23,17:34,19:41","11:48,14:50,16:35,18:35,20:37",7.92,76.39
John Brown,"09:19,12:54,16:29","11:32,15:30,17:01",5.36,67.06
David Jones,"09:23,12:31,14:28","11:58,13:53,15:41",5.17,86.25
Robert Smith,"09:26,12:54,16:01,17:52","11:46,15:12,17:01,19:41",7.45,65.38
Olivia Brown,"09:10,12:57,16:23,19:08","12:00,15:26,17:51,20:15",7.91,79.12
Sophia Brown,"09:29,12:51,16:39,18:57,21:10","11:29,15:19,17:59,20:14,21:11",7.1,78.1
Robert Garcia,"09:21,11:48,15:28,19:28","11:11,14:22,18:01,19:45",7.24,74.31
John Garcia,"09:27,12:17,14:35,16:34,19:40","11:10,13:21,15:36,18:56,19:49",6.32,85.98
Michael Martinez,"09:07,11:07,14:24","10:12,13:20,16:16",5.18,75.78
Maria Smith,"09:29,12:23,14:56,17:10,19:24","11:40,14:16,16:22,18:48,19:41",7.42,56.39
John Smith,"09:01,12:10,16:08,18:13","11:04,14:58,17:10,18:46",6.44,50.48
John Williams,"09:00,11:15,14:27,17:23","10:27,13:14,16:13,18:44",6.56,81.33
James Williams,"09:16,11:55,15:09,17:50","11:04,14:22,17:13,18:02",6.53,73.43
Emma Garcia,"09:14,12:57,15:53,17:53,20:42","12:04,14:58,16:58,19:48,20:45",7.92,91.66
Olivia Miller,"09:11,12:07,16:18","10:42,15:05,16:22",4.55,71.56
Maria Garcia,"09:09,11:23,13:57","10:21,12:51,16:34",5.29,52.02
Michael Garcia,"09:03,12:22,14:56,18:18","10:59,14:02,17:09,18:34",6.08,55.99
Maria Williams,"09:04,11:20,13:57,16:43","10:18,13:04,15:53,16:44",4.93,70.62
David Johnson,"09:04,12:01,15:49,19:14","10:41,14:36,18:00,19:35",6.74,84.23
Michael Rodriguez,"09:12,12:52,16:25,18:39","11:44,15:43,17:38,18:43",6.68,59
David Williams,"09:17,12:22,15:07","11:19,14:04,16:05",4.72,53.85
Emma Brown,"09:17,11:40,15:39,19:45","10:26,14:32,18:21,20:36",7.57,75.27
James Davis,"09:30,12:39,15:39,18:27","11:19,14:36,17:24,18:31",5.6,54.86
Sophia Miller,"09:09,11:39,14:49,17:39,20:11","10:30,13:50,16:31,19:34,20:12",7.17,88.45
Robert Brown,"09:22,11:42,15:29,18:08,20:29","11:00,14:21,17:18,19:16,21:04",7.82,81.98
James Garcia,"09:09,12:49,15:11,19:28","11:33,14:31,18:06,19:53",7.44,59.86
Olivia Brown,"09:23,13:01","12:10,15:00",4.78,96.19
Alice Rodriguez,"09:11,12:43,15:13,18:51","11:54,14:17,17:31,19:07",6.86,50.57
Sophia Garcia,"09:23,13:20","12:19,15:27",5.07,52.82
Michael Johnson,"09:02,12:14,15:14,19:13","11:01,14:24,18:00,19:32",7.23,65.28
David Jones,"09:29,13:18","11:51,15:40",4.75,78.66
Alice Brown,"09:22,11:54,14:32,17:24,21:22","10:47,13:24,16:10,20:06,22:03",7.94,55.81
Alice Williams,"09:28,12:31,16:03","11:44,15:09,18:25",7.28,53.8
Sophia Davis,"09:18,12:58,15:42,17:47,20:50","11:55,14:45,16:47,19:48,21:14",7.92,90.85
Emma Brown,"09:07,11:59,14:15,17:29","10:53,13:20,16:32,19:53",7.81,59.64
Emma Garcia,"09:08,12:05,15:40,18:05,20:09","11:01,14:24,16:57,19:16,21:22",7.88,66.51
Michael Smith,"09:27,12:28,15:58,17:52","11:28,15:01,17:07,19:08",6.99,53.68
Emma Rodriguez,"09:00,12:46,16:03","11:48,15:07,16:03",5.16,93.96
Michael Rodriguez,"09:18,11:53,14:20,16:42","10:50,13:30,15:43,18:32",6.38,97.33
Sophia Davis,"09:26,12:56,15:48","11:48,14:51,17:36",6.09,92.25
John Brown,"09:09,12:08,15:46,18:39","10:46,14:32,17:22,19:27",6.43,65.67
Emma Smith,"09:00,12:40,16:19","11:41,15:16,16:54",5.88,64.02
Maria Brown,"09:15,11:34,13:43,17:14","10:30,12:53,16:16,17:50",5.73,80.85
Olivia Martinez,"09:15,11:34,13:50,15:55,19:17","10:37,12:59,15:18,18:20,20:36",7.99,82.24
Maria Rodriguez,"09:15,13:14,16:28","12:12,15:29,17:47",6.52,83.13
Maria Miller,"09:20,12:05,14:09,16:57","11:12,13:14,16:00,17:32",5.46,53.33
David Williams,"09:19,12:49,15:28,17:28","11:48,14:20,16:33,18:28",6.1,62.78
Robert Brown,"09:18,12:27,15:13,18:30","11:41,14:29,17:33,19:12",7.45,61.52
Maria Smith,"09:00,11:49,14:47,17:55","10:52,13:44,16:50,18:14",6.15,93.26
Robert Johnson,"09:04,11:22,14:57","10:27,14:05,17:16",6.42,70.74
John Martinez,"09:08,11:04,14:07,17:16,19:30","10:16,12:55,16:32,18:33,20:20",7.53,60.47
Alice Jones,"09:25,12:26,15:46","11:34,14:28,15:53",4.31,59
Alice Johnson,"09:04,11:21,14:55,17:14","10:43,14:07,16:24,18:19",6.99,57.02
Sophia Johnson,"09:28,12:27,15:22","11:51,14:30,16:09",5.23,61.38
Robert Smith,"09:22,11:34,15:14,18:22","10:59,14:10,17:41,19:10",7.47,52.07
Michael Davis,"09:11,10:59,13:35,16:44","10:12,12:31,15:21,17:57",5.55,72.81
Michael Martinez,"09:07,12:38,15:26","11:43,14:34,17:20",6.45,60.87
Maria Brown,"09:06,13:16,15:49","11:58,15:00,17:38",6.42,72.96
Alice Martinez,"09:11,13:02","11:52,14:39",4.3,55.15
Michael Brown,"09:16,12:37","11:23,14:39",4.15,77.79
Emma Garcia,"09:20,12:24,15:27","11:41,14:34,16:40",5.75,71.44
Michael Davis,"09:25,12:39","11:40,14:49",4.42,85.29
John Brown,"09:28,12:03","11:15,14:46",4.5,71.29
Olivia Miller,"09:25,12:21,16:09","11:32,15:15,16:36",5.48,84.49
Alice Smith,"09:09,11:32,14:07,16:15","10:41,13:17,15:42,18:04",6.68,88.11
Sophia Davis,"09:04,11:49,15:05,18:01","10:47,14:25,17:21,18:25",6.99,76.45
Olivia Johnson,"09:06,11:03,14:59","10:14,13:44,16:04",4.91,53.21
James Williams,"09:29,13:23,15:17,17:11","12:28,14:24,16:22,17:50",5.74,95.83
Alice Rodriguez,"09:01,11:21,14:08","10:27,13:09,15:31",4.62,81.37
Alice Johnson,"09:09,12:18,14:18","11:20,13:29,15:10",4.24,55.72
Maria Williams,"09:03,12:20,16:14","11:29,15:12,18:08",7.21,77.17
John Smith,"09:08,11:38,14:21","10:29,13:10,16:37",5.15,88.48
Emma Jones,"09:12,12:21,15:39,18:42","11:21,14:49,17:42,19:22",7.34,96.69
James Rodriguez,"09:21,12:04,15:50,18:27","10:56,14:57,17:16,18:53",6.34,81.79
James Rodriguez,"09:21,11:41,13:29,16:42","10:25,12:48,15:35,17:39",5.24,84.65
Michael Martinez,"09:12,12:37,16:16","11:17,14:57,18:19",6.48,52.92
Robert Williams,"09:24,11:11,14:40","10:29,13:39,15:35",4.48,60.4
Alice Smith,"09:09,12:59","12:01,14:59",4.87,58.74
Maria Davis,"09:14,12:53,14:58","11:41,14:13,15:34",4.39,94.78
Michael Martinez,"09:16,12:41,15:56","11:45,14:31,18:02",6.43,83.36
Sophia Davis,"09:19,12:36,15:57","11:43,14:59,17:09",5.99,80.47
Olivia Smith,"09:14,12:57,15:24,18:45","11:37,14:14,17:48,19:14",6.56,66.01
Robert Martinez,"09:14,11:30,13:54,16:07,18:09,20:20","10:22,13:14,15:15,17:19,19:15,20:22",6.56,68.29
Olivia Martinez,"09:06,12:29,16:22","11:22,15:29,16:46",5.67,86.54
Alice Jones,"09:05,11:12,14:50","10:09,13:49,15:50",4.7,50.19
Robert Rodriguez,"09:04,12:11,14:31","11:18,13:23,15:54",4.82,55.87
John Martinez,"09:20,12:43,16:02,18:46","11:38,14:42,17:32,20:53",7.91,82.78
James Jones,"09:10,11:09,14:21,17:50","10:19,13:34,16:52,18:25",6.68,77.61
Olivia Garcia,"09:17,12:58,16:21,18:36","12:02,15:33,17:31,18:56",6.84,89.39
Sophia Garcia,"09:30,13:31,17:40","12:28,16:28,19:00",7.26,59.09
Olivia Davis,"09:26,12:58,16:00","12:15,14:46,18:17",6.91,91.77
Robert Martinez,"09:18,12:07,15:47,19:15","11:05,14:35,18:24,20:16",7.89,64.35
John Davis,"09:28,11:44,15:23,17:18","10:35,14:11,16:23,17:46",5.05,60.61
Emma Davis,"09:18,13:10","12:14,14:35",4.36,85.63
John Miller,"09:04,12:18,14:39","11:17,14:03,16:27",5.77,95.16
Olivia Martinez,"09:22,12:27,14:27,17:06","11:35,13:50,16:15,17:28",5.78,99.09
Michael Smith,"09:10,12:59","12:06,14:37",4.58,88.92
Emma Martinez,"09:14,11:22,14:08","10:28,12:54,15:39",4.28,91.46
David Garcia,"09:21,11:56,13:53,16:38,19:49","10:32,13:12,15:34,19:09,20:40",7.51,53.99
Michael Johnson,"09:21,13:19,16:51","12:17,15:34,17:29",5.83,82.02
James Martinez,"09:01,12:22,15:19,19:05","11:25,14:13,17:52,19:43",7.44,60.54
Emma Jones,"09:29,12:30,15:19,18:50","11:35,14:07,17:34,20:29",7.62,74.96
Olivia Martinez,"09:01,12:28,14:57","11:45,14:13,15:15",4.8,71.29
Robert Davis,"09:25,12:02,13:57,16:40,18:32","11:03,13:03,15:38,17:48,18:50",5.78,90.52
Michael Johnson,"09:30,12:27,15:17,18:46","11:22,14:11,17:38,19:20",6.53,66.71
Emma Brown,"09:02,11:14,13:14,16:13","10:16,12:39,15:06,17:27",5.76,77.41
James Johnson,"09:01,11:44,14:25","10:36,13:42,16:18",5.45,68.03
Alice Williams,"09:23,12:31,15:53","11:21,15:16,17:51",6.68,64.23
John Williams,"09:01,12:33,14:51","11:28,13:36,15:26",4.09,64.94
Alice Williams,"09:04,11:52,14:51,18:02","10:40,14:01,16:50,19:37",7.32,66.04
Olivia Miller,"09:03,13:00","11:40,15:18",4.93,92.23
Sophia Garcia,"09:19,12:29,14:35","11:19,13:52,15:50",4.63,62.51
James Miller,"09:23,12:20,14:28,18:43","11:23,13:49,17:17,19:00",6.58,78.88
Sophia Williams,"09:16,12:57,15:31,18:38","11:43,14:20,17:27,18:42",5.84,66.46
Maria Davis,"09:23,11:31,14:33","10:45,13:39,16:01",4.97,60.77
David Rodriguez,"09:17,12:28,15:28,18:14","11:31,14:30,16:57,19:07",6.65,79.13
David Smith,"09:08,12:04,14:21,16:51,19:56","11:06,13:16,15:27,18:44,21:12",7.43,90.75
Michael Brown,"09:14,12:32,14:42,17:02,19:06","11:26,14:00,15:46,18:05,19:59",6.67,77.4
David Smith,"09:06,12:01,14:59","11:02,14:12,17:08",6.28,61.74
John Smith,"09:20,13:09,16:35","12:19,15:30,16:35",5.34,68.23
Sophia Brown,"09:03,11:58,15:29,18:41","10:53,14:28,17:51,19:25",7.43,76.52
Michael Jones,"09:00,12:26,14:56,17:49","11:49,13:54,16:43,18:40",6.93,91.76
Alice Davis,"09:08,12:51","11:45,14:32",4.3,81.2
James Davis,"09:15,11:49,14:25,17:09","10:57,13:10,16:31,18:50",6.85,64.05
James Garcia,"09:13,11:45","11:08,14:28",4.64,86.44
Michael Garcia,"09:06,11:11,14:37","10:14,13:19,15:26",4.08,94.36
Maria Miller,"09:15,11:16,13:53,16:44,20:03","10:27,12:50,15:46,19:15,20:48",7.92,89.23
Maria Smith,"09:09,11:17,13:56,15:43,18:49","10:21,13:07,15:05,17:43,19:42",7.08,55.63
Olivia Jones,"09:10,12:53,14:52","11:52,14:10,17:00",6.12,96.67
Michael Davis,"09:20,13:16","12:15,14:59",4.64,56.77
Alice Miller,"09:14,11:29,13:38,17:01,20:06","10:16,12:48,16:01,18:47,21:00",7.41,71.37
Emma Smith,"09:29,12:12,15:16,18:10","11:02,13:59,17:11,18:31",5.61,97.34
James Williams,"09:23,11:21,14:35,17:56","10:23,13:40,16:42,18:46",6.28,99.85
James Martinez,"09:15,11:51,14:29,17:35","11:05,13:35,16:50,18:23",6.73,69.2
Alice Rodriguez,"09:28,11:40,14:14,17:53","10:44,13:06,17:12,19:35",7.37,71.75
Alice Smith,"09:17,12:18,15:48","11:34,14:52,17:48",6.85,60.43
James Martinez,"09:02,12:27,15:22,18:13","11:34,14:13,16:55,20:00",7.64,61.17
David Davis,"09:04,12:37,15:59","11:47,15:03,16:53",6.05,71.29
Emma Jones,"09:04,12:53,15:31","11:35,14:41,15:46",4.57,77.94
Michael Martinez,"09:06,11:01,14:58,18:14","10:09,13:44,16:58,19:55",7.47,54.79
Maria Williams,"09:30,13:27,15:51","12:21,14:41,17:14",5.48,98.2
Robert Miller,"09:11,11:15,13:29,17:04","10:41,12:30,16:10,18:05",6.46,64.54
David Miller,"09:14,12:35,14:53,17:50","11:57,14:09,16:36,18:11",6.36,94.35
Emma Williams,"09:26,13:22,16:34","12:03,15:27,19:03",7.19,87.75
Robert Davis,"09:24,12:23,16:05,19:16","11:46,14:58,18:10,19:38",7.41,65.73
David Williams,"09:07,12:52,15:46,18:37","11:54,14:37,17:51,18:39",6.67,59
John Garcia,"09:00,11:13,13:44,17:13","10:21,12:30,16:10,17:41",5.55,71.37
Alice Davis,"09:18,12:53,16:02","11:58,15:11,17:19",6.26,93.18
Alice Brown,"09:22,11:36,14:19","10:38,13:34,15:21",4.27,53.48
David Smith,"09:04,13:05,16:09","11:52,14:46,17:05",5.43,81.79
James Rodriguez,"09:10,11:31,14:40,17:31","10:38,13:40,16:04,17:57",5.46,78.21
Sophia Johnson,"09:09,11:34,13:36,16:41,19:32","10:28,12:41,15:39,18:41,20:17",7.24,62.97
Michael Williams,"09:02,12:57,14:56","11:43,14:08,16:23",5.32,55.44
Robert Smith,"09:20,13:08,15:35,19:09","11:49,14:43,18:03,19:55",7.31,77.63
John Davis,"09:16,12:51,15:39","11:59,14:55,17:40",6.8,88.59
David Jones,"09:10,11:13,13:12,15:25,17:34","10:11,12:16,14:30,16:48,18:40",5.85,60.3
Michael Miller,"09:04,12:50,17:00","11:53,15:42,17:00",5.7,55.94
Olivia Martinez,"09:18,12:24,15:11,19:06","11:42,13:44,18:03,19:43",7.22,55.36
Olivia Jones,"09:11,13:20,15:28,18:23","11:56,14:35,17:28,19:18",6.92,66.41
David Johnson,"09:25,11:18,15:34","10:40,14:13,16:14",4.84,97.17
Emma Martinez,"09:01,11:52,15:42","10:44,14:44,16:04",4.96,84.1
Sophia Jones,"09:17,12:16,15:52","11:24,15:06,16:56",6.02,66.28
John Jones,"09:11,11:49,13:54,15:30,18:45","10:39,13:02,14:56,18:00,18:46",6.24,61.09
James Martinez,"09:11,12:23,15:31","11:28,14:26,16:57",5.77,55.5
Robert Johnson,"09:07,12:12,16:05,19:08","11:08,15:05,18:08,19:23",7.21,65.67
Sophia Martinez,"09:19,12:22","11:46,13:59",4.08,77.17
Emma Johnson,"09:08,11:27,14:02,16:06,19:03,21:00","10:43,13:14,15:05,17:56,20:24,21:00",7.6,54.45
Robert Smith,"09:02,12:35,14:28","11:42,13:41,15:23",4.68,70.34
James Martinez,"09:01,11:33,14:40","10:31,14:03,16:12",5.54,73.44
Emma Miller,"09:11,12:18,14:48","11:27,13:46,16:05",5.02,79.84
James Rodriguez,"09:01,11:42,15:08","11:06,14:07,17:21",6.72,50.48
Sophia Miller,"09:14,12:34,14:51","11:43,13:57,15:33",4.58,68.83
Michael Johnson,"09:08,12:02,15:42","11:04,14:42,17:16",6.17,77.47
Maria Jones,"09:24,11:52,15:04,17:35","11:08,14:00,16:50,18:54",6.96,82.09
James Williams,"09:28,12:46,15:41","11:40,14:33,17:35",5.9,83.52
James Rodriguez,"09:03,12:22,16:06","11:25,15:07,16:15",5.28,82.89
Olivia Smith,"09:15,12:08,16:12","11:17,15:08,18:47",7.63,55.75
Emma Miller,"09:00,12:04,14:03","10:54,13:08,16:27",5.38,86.79
Maria Brown,"09:11,11:03,15:02","10:12,13:41,16:22",4.98,99.53
Robert Martinez,"09:19,11:30,14:50,17:36,20:00","10:59,13:46,16:30,18:56,20:54",7.84,68.82
Robert Miller,"09:03,11:21,14:33,17:34,20:06","10:17,13:31,16:15,18:42,20:28",6.62,64.31
Michael Miller,"09:24,11:34,14:58,18:24","10:30,13:44,17:19,19:31",6.75,81.62
Olivia Johnson,"09:18,12:32,15:55,18:39","11:30,14:32,17:41,19:01",6.34,92.06
John Jones,"09:28,11:50,14:10,17:37,20:13","10:37,13:06,16:16,18:53,20:59",6.55,76.09
Robert Miller,"09:19,13:10,15:16","12:13,14:36,17:04",6.13,87.68
Michael Brown,"09:15,12:48,15:34","11:35,14:24,18:13",6.59,94.82
Sophia Johnson,"09:30,12:35","11:43,15:05",4.72,97.55
Sophia Jones,"09:30,12:43,15:27","11:59,14:40,15:49",4.81,64.35
James Garcia,"09:01,11:45,15:24","10:48,14:25,16:12",5.26,88.59
David Smith,"09:20,11:48,14:26","10:54,12:59,16:54",5.22,79.45
Alice Garcia,"09:19,13:28,17:42,19:55","12:06,16:14,19:13,20:39",7.81,75.06
Robert Johnson,"09:17,13:19,15:33,18:25","12:11,14:39,17:35,19:57",7.82,60.55
John Rodriguez,"09:18,11:23,14:32,17:04","10:18,13:25,16:10,19:10",6.77,93.57
David Smith,"09:19,12:17,15:27,18:48","11:01,14:04,17:52,19:05",6.19,66.77
Alice Smith,"09:03,11:48,14:58,17:28","10:52,13:39,16:04,18:43",6.02,67.12
Sophia Miller,"09:08,11:48,13:52","11:03,12:59,14:52",4.11,54.58
Emma Martinez,"09:03,11:35,14:55,18:27","10:31,14:04,17:27,19:19",7.36,95.45
James Davis,"09:12,12:02,15:00","11:15,14:15,15:57",5.22,78.42
Sophia Williams,"09:01,11:46,15:01","11:00,14:13,15:32",4.96,92.09
Maria Davis,"09:00,10:53,13:42,15:58","10:21,12:39,15:02,18:00",6.49,53.73
David Jones,"09:02,11:33,14:31","10:35,13:20,15:57",4.78,85.25
Maria Smith,"09:12,13:07","12:07,14:29",4.29,69.93
Alice Miller,"09:27,11:31,14:11,17:47","10:48,13:08,16:40,19:24",7.08,86.81
Maria Miller,"09:13,11:29,13:49,16:36,18:56","10:42,12:59,15:33,17:47,20:52",7.84,61.59
James Davis,"09:04,12:13,15:38","11:22,14:41,16:55",6.06,95.52
Emma Johnson,"09:29,12:42,15:51","11:44,14:44,16:01",4.45,97.23
Michael Johnson,"09:15,11:22,13:39,16:31","10:44,12:25,15:30,17:17",5.16,99.86
James Johnson,"09:18,11:12,13:44,16:17,18:45","10:26,12:38,15:16,17:43,19:23",6.17,79.31
Maria Davis,"09:20,11:42,14:12","10:34,13:09,15:57",4.45,89.22
Olivia Jones,"09:18,12:48,15:38","11:41,14:52,16:23",5.21,89.38
Olivia Brown,"09:16,13:08,15:49","12:14,15:09,17:53",7.05,83.89
Michael Martinez,"09:29,13:20,15:24","12:21,14:22,15:30",4,51.8
Maria Jones,"09:01,10:48,14:21","10:02,13:38,14:54",4.41,61.31
John Martinez,"09:06,13:02,15:39","12:00,14:42,15:40",4.6,62.62
David Smith,"09:21,11:29,14:23","10:45,13:40,14:57",4.16,72.19
Emma Miller,"09:09,12:39","11:32,14:18",4.05,73.42
Maria Davis,"09:08,12:56","12:06,14:29",4.53,56.12
John Garcia,"09:04,11:31,13:40,16:29,19:43","10:14,12:37,15:43,18:45,20:08",7.01,61.14
Robert Jones,"09:14,13:09,15:34,18:27","12:12,15:02,17:27,18:32",6.83,85.57
Alice Jones,"09:09,12:10,14:47","11:07,14:12,16:53",6.1,93.93
Olivia Davis,"09:15,11:05,13:28","10:19,12:22,15:31",4.41,67.73
Emma Jones,"09:10,11:57,13:56,17:01","11:06,13:05,16:13,19:15",7.59,66.11
David Rodriguez,"09:11,12:04,15:43,19:31","10:54,14:21,18:29,20:26",7.69,60.04
Michael Jones,"09:14,12:07,14:25","11:14,13:36,15:00",4.08,99.38
David Miller,"09:11,11:36,14:24,17:45","10:34,13:17,16:55,18:11",6.03,94.71
David Davis,"09:02,11:20,13:35,15:55,18:19","10:38,12:44,14:54,17:18,19:01",6.41,72.25
James Jones,"09:11,12:11,16:14","10:46,15:11,17:53",6.24,75.91
Emma Johnson,"09:00,11:29,15:04","10:32,14:05,15:29",4.57,69.7
Olivia Johnson,"09:13,11:49,15:17","10:25,14:10,16:46",5.05,69.94
Robert Smith,"09:02,11:57,14:14","11:07,13:17,15:56",5.13,67.2
Sophia Smith,"09:17,13:34,17:39","12:16,16:33,18:21",6.67,84.71
Olivia Rodriguez,"09:15,12:25","11:33,14:10",4.06,61.65
Olivia Smith,"09:13,13:06","12:08,15:44",5.56,78.58
John Johnson,"09:18,11:47,14:33","10:59,13:24,15:42",4.45,77
Emma Garcia,"09:23,11:17,15:27","10:26,14:04,16:52",5.25,82.88
Maria Davis,"09:30,12:03,14:47,16:46","10:49,13:39,15:51,17:51",5.07,83.13
Sophia Martinez,"09:26,12:40,14:35","11:40,13:46,15:35",4.35,85.17
David Williams,"09:19,11:52,14:47,17:51","11:12,14:03,17:01,18:34",7.02,74.5
Michael Williams,"09:22,11:18,13:37,16:24,19:11","10:32,12:26,15:28,18:37,19:44",6.92,90.59
Robert Smith,"09:13,12:42,16:19","11:36,15:13,17:29",6.07,92.48
Alice Rodriguez,"09:06,11:40,13:33,16:37,19:01","10:53,12:43,15:21,18:16,19:46",7.03,67.7
John Martinez,"09:21,11:40,14:32,18:41","10:53,13:20,17:23,19:05",6.46,98.68
Maria Williams,"09:25,13:09","12:08,14:34",4.14,74.45
David Davis,"09:29,12:07,14:52,18:28,20:35","11:02,14:14,17:27,19:42,20:35",7.5,79.81
James Miller,"09:16,11:47,14:24","11:02,13:38,15:28",4.7,60.4
Maria Williams,"09:10,11:17,14:30","10:44,13:45,15:09",4.7,56.66
Sophia Williams,"09:25,11:29,14:17","10:29,13:11,15:52",4.35,50.55
Olivia Martinez,"09:22,12:09,14:39","11:03,13:41,15:43",4.29,88.45
Michael Smith,"09:26,12:43,15:11","11:53,14:11,15:46",4.51,99.99
Olivia Williams,"09:25,13:02","12:13,14:24",4.18,78.21
Robert Miller,"09:12,12:28,15:10,16:55","11:27,14:14,16:14,18:34",6.74,66.13
Michael Jones,"09:09,12:32,15:30,18:52","11:44,14:44,17:44,19:02",7.19,84.85
Robert Smith,"09:20,13:27,17:43","12:16,16:22,18:41",6.82,52.68
Maria Smith,"09:00,11:56,14:22,18:02","10:32,13:26,16:41,18:39",5.98,67.03
Alice Garcia,"09:08,12:49,15:03","11:46,13:51,15:59",4.6,64.75
Maria Martinez,"09:18,12:26,15:02","11:45,14:07,16:48",5.91,95.32
Robert Jones,"09:06,12:17","10:57,14:36",4.17,69.36
Alice Garcia,"09:23,12:08,14:09,16:49","11:35,13:29,15:52,18:33",7.01,80.82
Alice Miller,"09:06,12:16,15:34","11:14,14:13,17:52",6.4,89.34
David Jones,"09:22,12:12,14:50,17:52,20:27","11:41,13:34,16:55,19:09,20:36",7.2,88.19
John Williams,"09:02,12:19,15:09,18:44","11:22,13:56,17:16,20:16",7.6,84.26
John Smith,"09:06,11:28,14:01","10:39,12:57,16:19",5.35,96.66
James Rodriguez,"09:03,11:05,15:00","10:16,14:04,17:37",6.82,98.77
James Brown,"09:29,12:04,14:22","11:26,13:17,15:36",4.41,77.73
Sophia Brown,"09:17,12:08,15:25","11:20,14:25,16:56",5.86,58.23
John Martinez,"09:00,12:41,15:25","11:27,14:13,16:28",5.04,70.56
Olivia Brown,"09:18,12:21,14:31,17:29","11:28,13:34,16:37,19:06",7.1,59.68
Michael Garcia,"09:14,11:16,14:26,17:55","10:28,13:19,16:58,18:03",5.96,75.5
Sophia Jones,"09:28,12:32,15:46,19:50","11:57,14:57,18:32,19:52",7.7,55.73
Robert Martinez,"09:06,12:46,15:25","12:03,14:21,16:27",5.57,87.85
Robert Rodriguez,"09:15,12:57,15:45,18:48","12:11,14:54,17:55,18:54",7.16,96.69
Olivia Williams,"09:05,12:16,14:47","11:24,13:42,16:01",5,80.75
David Davis,"09:05,12:48,15:46","11:21,14:45,18:12",6.67,55.05
Sophia Williams,"09:02,11:33,15:14,17:56","10:41,14:02,17:09,19:29",7.61,61.78
Olivia Miller,"09:22,12:16,15:24","11:31,14:08,15:24",4.02,86.79
John Miller,"09:18,11:13,13:55,15:58","10:19,12:59,15:14,18:17",6.43,81.24
Michael Miller,"09:08,11:57,15:28,18:58","10:54,14:10,18:00,19:27",7.01,61.56
Alice Davis,"09:07,12:19,14:29","11:18,13:35,15:04",4.04,75.76
Emma Johnson,"09:18,12:31,15:27,18:04","11:37,14:05,17:16,18:26",6.08,92.67
David Miller,"09:30,12:52,14:51","11:44,13:55,16:41",5.13,75.86
James Williams,"09:15,11:18,14:03,17:09","10:41,13:18,16:22,17:26",6.04,87.03
James Martinez,"09:06,11:05,14:22,16:41,18:30","10:14,13:20,15:47,17:50,20:09",7.61,72.14
David Johnson,"09:12,12:40","11:59,14:15",4.37,78.18
John Williams,"09:06,12:34,14:52,16:53,20:08","11:33,13:51,16:01,19:12,20:15",7.32,78.07
Emma Jones,"09:04,13:02,15:26","11:57,14:24,17:12",6.02,96.94
David Davis,"09:30,11:59","11:09,14:22",4.04,77.82
Maria Davis,"09:06,12:46","11:33,14:48",4.49,90.74
David Miller,"09:16,12:57","11:50,14:58",4.59,70.21
Robert Davis,"09:11,12:06,14:45,17:24","11:22,13:34,16:13,18:08",5.85,66.49
Sophia Garcia,"09:05,13:08,15:23","12:00,14:16,15:35",4.25,71.72
Alice Jones,"09:16,11:33,13:50,16:33","10:22,12:35,15:37,18:47",6.16,76
Maria Brown,"09:11,11:27,14:24","10:29,13:05,15:55",4.46,54.76
Maria Jones,"09:02,11:31,14:52","10:38,13:56,17:15",6.4,92.41
John Smith,"09:21,11:34,14:05","10:21,13:12,16:02",4.59,97.74
Sophia Garcia,"09:04,11:27,13:55,17:38,19:59","10:12,13:04,16:29,18:48,21:18",7.81,63.23
Robert Davis,"09:26,13:08,16:00","12:16,15:04,17:33",6.33,71.37
Emma Rodriguez,"09:29,11:48,14:41,17:55","10:57,13:49,17:05,18:24",6.37,72.31
Michael Brown,"09:17,12:30,15:42,18:04","11:31,14:28,17:11,18:47",6.4,92.16
John Smith,"09:06,11:47,14:33,17:41","10:52,13:37,16:43,19:08",7.22,96.03
Robert Rodriguez,"09:27,12:49,15:30","11:33,14:38,16:15",4.68,67.74
Sophia Miller,"09:00,12:12,16:09","11:12,14:54,16:36",5.37,56.74
Sophia Rodriguez,"09:22,12:59,15:27,17:50","11:56,14:41,16:48,18:14",6.03,79.05
Michael Brown,"09:02,12:12,15:22","10:49,14:21,18:07",6.7,87.55
Maria Smith,"09:23,11:15,15:02","10:26,13:40,16:39",5.09,74.92
Sophia Davis,"09:26,12:00,15:38,18:37","11:09,14:26,17:45,18:44",6.4,79.34
David Johnson,"09:26,12:42,16:36","11:45,15:31,17:16",5.82,78.46
John Smith,"09:28,12:08,15:12,18:27","11:05,14:03,17:47,18:41",6.36,81.57
John Rodriguez,"09:05,11:15,14:13,16:23","10:28,13:09,15:33,17:35",5.82,56.4
Robert Jones,"09:24,11:52,15:33,18:40","10:36,14:34,17:22,19:05",6.14,57.75
Alice Miller,"09:03,12:13,15:10","11:06,14:11,16:55",5.78,90.84
Maria Williams,"09:20,12:21,16:18","11:01,15:10,19:06",7.31,90.87
James Martinez,"09:23,11:42,14:37","10:46,13:20,16:29",4.89,93.82
Robert Williams,"09:28,11:59,15:42,19:51","10:57,14:28,18:42,20:32",7.66,61.39
Robert Miller,"09:20,12:44,15:48,18:18","11:57,14:41,17:35,19:36",7.66,80.24
David Smith,"09:17,12:48,16:03","12:12,14:56,16:04",5.07,99.27
Sophia Williams,"09:05,12:56,16:41","11:51,15:37,17:38",6.41,69.12
Maria Jones,"09:19,12:51,15:17,18:50","11:28,14:23,18:07,20:16",7.96,60.39
Maria Rodriguez,"09:27,13:51","12:25,15:55",5.05,79.96
John Smith,"09:28,13:24,15:45","12:20,14:58,16:18",4.99,93.61
Olivia Jones,"09:20,11:08,13:52,17:18","10:28,13:17,16:07,19:17",7.52,93.92
Michael Miller,"09:14,12:37,15:00,16:57","11:15,14:08,16:19,18:10",6.07,76.03
Robert Smith,"09:20,11:17,13:48,16:59","10:29,12:30,15:51,18:18",5.74,57.63
Sophia Johnson,"09:20,12:24,16:13","11:23,14:44,16:40",4.84,60.92
Emma Johnson,"09:13,11:43,14:20,17:10","10:49,13:39,15:49,18:36",6.46,68.22
Robert Garcia,"09:30,13:07","12:22,15:14",5,71.24
Olivia Jones,"09:26,11:43,15:09","10:34,14:30,16:44",5.51,68.39
Emma Miller,"09:02,12:13","11:12,14:40",4.62,82.02
Olivia Jones,"09:14,11:47,14:36,17:26","10:36,13:31,16:31,17:40",5.26,92.32
Emma Miller,"09:26,12:11,15:47,18:56","10:58,14:52,17:49,19:24",6.73,81.07
John Rodriguez,"09:21,12:05,14:22,16:09","11:10,13:32,15:22,17:50",5.96,77.53
Alice Garcia,"09:24,12:21,14:55","11:13,14:01,17:17",5.85,70.79
Alice Garcia,"09:09,12:38,15:16,17:21","11:32,14:18,16:22,18:10",5.97,68.01
David Smith,"09:17,11:28,15:08,18:39","10:56,14:04,17:49,18:54",7.2,66.03
Emma Smith,"09:26,12:11,15:08,18:31","10:59,14:03,17:49,18:46",6.36,88.9
Maria Smith,"09:17,12:45,16:44","11:46,15:40,17:43",6.39,65.1
Olivia Jones,"09:29,11:23,14:29","10:32,13:32,17:13",5.95,53.49
James Brown,"09:04,12:56,14:44","11:57,14:00,16:29",5.72,80.3
Robert Smith,"09:16,12:49","11:23,15:09",4.47,80.16
David Smith,"09:23,12:13,14:28,17:46","11:15,13:14,16:29,18:08",5.27,95.05
Michael Miller,"09:01,11:05,13:23,15:55","10:32,12:25,14:41,17:47",6.03,72.85
Alice Williams,"09:28,12:30,15:06","11:39,13:52,17:32",5.99,70.57
Emma Martinez,"09:28,12:47,15:54","11:48,14:43,18:13",6.59,91.4
Maria Miller,"09:21,12:22,16:18","11:17,15:10,17:49",6.25,54.14
Alice Smith,"09:20,11:42,15:36,18:53","10:40,14:14,18:02,19:15",6.67,82.01
Olivia Martinez,"09:19,12:29,15:57,19:22","11:20,14:50,18:34,19:52",7.49,65.85
Olivia Rodriguez,"09:27,11:31,14:07,16:26","10:49,13:30,15:30,17:42",6,74.56
Sophia Martinez,"09:16,11:51,15:27","10:53,14:30,15:50",4.66,55.43
James Martinez,"09:28,12:28,16:02","11:32,14:59,16:43",5.27,77.35
Michael Garcia,"09:25,12:57,14:40","12:02,13:58,15:43",4.7,57.21
Michael Johnson,"09:06,11:31,13:36,16:00,18:24","10:14,12:45,14:59,17:37,19:36",6.58,89.16
David Williams,"09:29,11:13,13:24,16:05,18:20,21:47","10:31,12:18,14:49,17:06,20:57,22:33",7.94,61.17
Michael Johnson,"09:26,12:55","11:48,14:37",4.08,67.85
Olivia Miller,"09:17,13:14,15:49","12:06,14:49,16:15",4.85,79.76
David Davis,"09:28,11:38,13:36,17:32","10:55,12:52,16:20,19:54",7.79,81.02
James Davis,"09:16,13:13,16:00","12:15,15:11,16:40",5.63,76.68
Maria Miller,"09:00,12:52","11:54,15:06",5.15,72.75
David Williams,"09:09,12:41,15:30","11:58,14:26,16:35",5.66,56.73
Alice Martinez,"09:03,12:47,16:34","11:20,15:37,17:21",5.9,93.23
James Miller,"09:09,13:00","11:52,15:19",5.04,76.86
David Martinez,"09:13,13:04,15:56","11:52,14:51,16:56",5.45,96.78
Emma Rodriguez,"09:14,11:44,14:11,16:40,19:42","10:33,12:50,15:50,18:31,20:04",6.29,78.94
Emma Rodriguez,"09:06,12:15,14:52","11:13,13:54,16:09",5.06,58.29
Sophia Garcia,"09:09,11:57,14:41,16:49,18:55","10:53,13:56,15:57,17:55,19:44",6.9,62.41
Emma Miller,"09:30,13:00,15:28","11:51,14:43,15:29",4.1,71.94
John Smith,"09:06,12:56,16:27","11:49,15:29,17:34",6.4,66.21
James Williams,"09:26,12:46,15:09","11:39,14:24,16:04",4.77,81.58
Michael Smith,"09:00,10:43,13:18,15:21","10:02,12:15,14:20,17:04",5.33,56.94
James Johnson,"09:13,12:43,15:22","11:59,14:21,15:36",4.63,56.43
Alice Brown,"09:06,12:39","11:44,14:42",4.7,84.58
James Williams,"09:00,13:16","11:58,15:11",4.9,84.09
David Garcia,"09:17,11:49,14:31,17:09","10:44,13:49,15:45,17:17",4.83,85.56
Michael Miller,"09:06,11:36,14:17,16:54","10:49,13:21,15:39,17:10",5.12,66.19
Maria Miller,"09:13,11:36,14:23,17:04","10:32,13:14,16:22,19:09",7.02,79.63
Robert Garcia,"09:24,13:00,15:14","12:01,14:11,17:16",5.83,51.17
Alice Johnson,"09:16,11:59,15:08,17:55,21:18","10:41,13:47,17:06,19:50,21:49",7.63,82.45
Michael Jones,"09:27,11:38,14:18,16:27","10:38,13:33,15:19,17:54",5.58,85
James Rodriguez,"09:06,12:14","11:30,13:50",4,81.98
Olivia Jones,"09:26,11:45,15:28,18:12","10:41,14:17,17:21,18:49",6.29,72.63
Alice Davis,"09:24,11:44,14:24,17:15,19:42","10:40,13:21,16:15,18:35,20:53",7.26,96.6
Sophia Williams,"09:29,11:57,15:16","11:16,14:04,15:30",4.14,63
Robert Johnson,"09:27,12:48,15:16,19:18","12:10,14:10,18:07,20:16",7.91,77.38
Olivia Davis,"09:19,12:54,15:15,17:27,20:58","11:43,14:02,16:41,19:35,21:46",7.91,55.78
Michael Rodriguez,"09:26,11:30,13:31,16:27,18:44","10:35,12:54,15:32,17:44,18:51",5.97,91.65
Maria Rodriguez,"09:04,12:41,15:37,17:20","11:37,14:38,16:40,17:32",5.75,84.81
Robert Rodriguez,"09:07,12:10,16:24","11:21,15:09,17:52",6.69,68.1
Michael Brown,"09:07,12:52,14:53","11:35,14:02,17:17",6.04,68.18
Sophia Martinez,"09:13,12:54,15:18,17:49","11:46,14:01,16:28,17:54",4.93,66.3
Olivia Brown,"09:22,11:18,13:09,16:44","10:24,12:22,15:58,17:35",5.78,87.51
Robert Smith,"09:09,12:18,16:21","11:11,15:02,18:21",6.77,69.92
Maria Smith,"09:30,12:53,15:20","12:13,14:22,16:54",5.78,75.65
John Martinez,"09:21,11:52,15:13,18:48","11:13,14:27,17:52,18:56",7.24,61.82
Maria Williams,"09:08,12:27,15:26","11:25,14:16,16:39",5.33,94.91
David Davis,"09:28,12:24,15:09,18:06","11:22,14:21,16:44,19:56",7.27,93.22
Emma Martinez,"09:04,12:41,15:10,18:56","11:30,14:07,18:06,19:05",6.95,60.87
David Brown,"09:28,12:37,16:30,18:26","11:37,15:19,17:47,19:16",6.98,77.8
Emma Johnson,"09:27,12:25,15:44","11:24,14:44,17:05",5.62,75.97
James Martinez,"09:20,12:26,16:09,18:21","11:51,15:19,17:19,18:23",6.61,58.5
Maria Rodriguez,"09:19,13:07,15:08,18:08","12:12,14:20,17:18,18:23",6.52,67.16
Olivia Smith,"09:00,12:19,14:32,17:02","11:33,13:58,16:10,17:07",5.92,71.57
Maria Brown,"09:17,12:07,15:02,18:10","11:18,14:00,17:31,19:46",7.98,69.65
Emma Williams,"09:28,11:40,15:01","10:36,14:09,15:43",4.33,92.92
Emma Garcia,"09:20,12:08,15:46","11:26,14:44,17:37",6.55,64.82
David Brown,"09:00,12:25,14:27","11:15,13:26,15:15",4.08,87.96
Emma Davis,"09:10,11:56,15:29,17:42","10:40,14:44,16:49,19:05",7.03,52.42
Sophia Garcia,"09:19,11:53,14:44,18:02","11:07,13:38,17:16,18:46",6.82,58.05
Olivia Williams,"09:21,13:10","12:04,14:53",4.44,78.64
Maria Miller,"09:18,12:02,14:57,18:39","10:53,13:49,17:56,19:56",7.65,65.53
Robert Martinez,"09:01,12:39,14:41","11:23,13:40,15:31",4.23,54.21
Olivia Martinez,"09:30,13:06,16:25","11:41,15:32,17:35",5.79,82.65
James Brown,"09:28,11:38,14:24,17:46","10:46,13:27,16:33,18:54",6.42,90.82
Emma Johnson,"09:28,12:13,15:22","11:17,14:01,16:11",4.44,70.55
James Rodriguez,"09:25,11:53,14:19,18:28","10:41,13:28,17:16,20:19",7.66,54.08
Robert Brown,"09:12,12:03,14:37,17:49","11:15,13:42,16:49,19:41",7.78,88.68
John Garcia,"09:20,13:01,16:42","11:45,15:49,16:57",5.47,66.17
Maria Williams,"09:15,11:52,15:25","11:04,14:36,15:52",5.01,90.53
James Johnson,"09:01,11:29,14:54,18:07","10:13,13:53,17:30,19:12",7.29,78.79
Robert Miller,"09:04,12:49","11:26,14:59",4.54,50.68
Maria Smith,"09:30,12:02,14:59","11:20,13:43,16:01",4.55,82.82
Emma Miller,"09:10,12:57","11:56,15:12",5.03,89.41
Sophia Martinez,"09:17,12:44,15:54","11:15,14:55,18:41",6.94,53.74
James Brown,"09:05,11:45,14:30","11:04,13:35,16:19",5.64,90.77
John Davis,"09:03,12:27,15:02,17:31","11:38,14:31,16:29,19:21",7.93,57.24
Emma Jones,"09:27,12:09,15:29","10:52,14:46,17:10",5.73,77.78
Michael Rodriguez,"09:25,11:41,13:57","10:40,12:52,16:16",4.76,83.9
James Miller,"09:30,12:05,14:35,17:11","11:12,13:06,16:15,17:37",4.83,85.69
Robert Williams,"09:29,11:44","11:01,14:28",4.27,61.14
David Garcia,"09:06,12:44,16:10","11:26,15:27,16:40",5.56,65.02
Alice Brown,"09:25,12:33,15:19,17:49","11:31,13:58,16:35,18:48",5.78,89.59
Maria Williams,"09:08,11:59,14:09,16:53,19:21,21:07","11:00,13:19,15:57,18:10,20:22,21:39",7.85,79.82
Sophia Jones,"09:25,11:16,14:59,17:45","10:35,14:00,16:45,17:59",5.91,99.86
Emma Brown,"09:13,12:00,15:58","10:45,14:38,17:17",5.5,58.64
Robert Garcia,"09:18,11:47,15:25,17:36,20:32","10:43,14:05,16:39,19:33,20:45",7.12,79.5
Michael Smith,"09:23,12:36,16:13,19:19","11:20,15:24,18:02,19:50",7.09,66.35
James Davis,"09:25,12:53,15:56,18:47","11:46,14:58,18:07,19:45",7.59,88.5
Olivia Martinez,"09:05,12:26,16:11","11:22,15:21,17:15",6.27,69.73
Alice Martinez,"09:25,12:11,14:24,17:01","11:10,13:41,15:49,18:30",6.16,99.03
Emma Martinez,"09:19,13:12,16:45","12:06,15:43,17:35",6.14,65.46
Emma Garcia,"09:28,12:11,14:16,17:29","11:02,13:30,16:29,17:39",5.28,67.57
Emma Garcia,"09:11,12:48,15:36","11:38,14:07,16:31",4.69,58.89
Robert Johnson,"09:26,12:01,15:21","10:58,14:29,16:02",4.69,67.1
James Miller,"09:18,13:03,15:38","11:55,14:23,17:40",5.99,75.39
Maria Brown,"09:00,11:48,15:38","10:54,14:23,16:44",5.6,55.17
James Brown,"09:09,11:38,15:33","10:25,14:29,16:10",4.75,51.04
Olivia Davis,"09:16,12:22,14:49,17:24","11:27,13:59,16:38,17:51",6.08,57.65
Alice Williams,"09:19,12:44","11:58,14:29",4.42,78.25
James Rodriguez,"09:18,12:08,15:53","11:26,14:51,16:40",5.64,51.18
John Miller,"09:22,12:40,15:14,18:11","11:35,14:30,17:15,19:37",7.5,65.37
Michael Rodriguez,"09:05,11:15,13:32,16:31","10:22,12:22,15:33,16:35",4.5,93.29
David Garcia,"09:21,11:21,15:29","10:34,14:01,15:49",4.22,57.07
Maria Garcia,"09:02,12:12,15:21,17:40","10:55,14:01,16:35,18:15",5.52,62.61
Emma Williams,"09:23,13:14,15:28","12:19,14:29,17:26",6.17,84.86
Maria Johnson,"09:23,13:28,16:15","12:14,15:06,16:28",4.7,69.71
James Miller,"09:27,13:20,16:18","12:19,15:24,16:54",5.53,75.43
Maria Jones,"09:24,11:52,13:46,15:48,19:35","10:53,12:55,14:58,18:22,21:01",7.74,66.76
Sophia Smith,"09:28,11:43,14:58,17:49","10:33,13:35,16:27,18:48",5.42,85.87
John Rodriguez,"09:13,11:40,13:53,17:36","10:38,12:44,16:51,18:14",6.1,96.54
Robert Smith,"09:01,12:37,14:53,18:49","11:52,13:52,17:35,19:06",7.1,87.98
Emma Rodriguez,"09:24,12:02,15:01","11:23,13:53,17:27",6.27,53.57
Michael Williams,"09:03,11:22,15:08,18:58","10:12,13:47,18:07,19:29",7.08,99.95
Sophia Johnson,"09:16,12:52,15:49","11:43,14:26,16:01",4.23,79.49
James Davis,"09:14,11:29,13:45","10:26,13:04,15:37",4.65,91.21
John Martinez,"09:20,12:07,16:11","10:57,15:02,17:46",6.12,62.91
John Johnson,"09:13,12:36,15:15,18:00","11:41,14:16,16:46,18:04",5.73,62.33
Emma Garcia,"09:24,13:08","12:00,14:50",4.3,90.78
Emma Rodriguez,"09:17,11:45,14:57","11:05,13:52,15:50",4.8,99.75
David Smith,"09:17,12:44","11:53,14:12",4.08,62.4
John Miller,"09:19,12:10,15:38,18:15","10:53,14:29,17:08,19:38",6.77,55.82
Sophia Johnson,"09:27,12:16,15:36,18:33","11:18,14:40,17:09,19:04",6.33,92.63
Olivia Davis,"09:25,11:58,15:12,17:34","10:46,13:58,16:36,20:21",7.54,54.15
Sophia Smith,"09:00,11:48,14:17","10:42,13:04,15:56",4.62,86.88
John Jones,"09:24,12:57,15:11,18:23","11:44,14:07,17:12,18:58",6.1,76.69
Olivia Garcia,"09:18,13:06,16:46","11:45,15:26,17:29",5.5,55.12
Emma Smith,"09:19,12:17,14:40,17:36","11:07,13:51,16:45,17:57",5.81,78.09
Olivia Smith,"09:23,12:35,15:02","11:12,14:07,17:08",5.47,58.92
Sophia Davis,"09:08,12:48,15:49","11:52,14:55,17:31",6.55,53.49
Emma Garcia,"09:29,12:10,15:36","11:17,14:37,16:53",5.54,56.21
Olivia Davis,"09:01,12:33,15:48","11:46,14:54,16:21",5.66,74.91
Maria Rodriguez,"09:16,13:13,16:55","12:15,15:56,17:37",6.42,72.87
Alice Davis,"09:06,12:20,14:29","11:42,13:45,14:55",4.45,76.74
John Davis,"09:16,11:25,14:25,17:24,19:39","10:20,13:28,16:05,18:33,20:15",6.54,79.15
Olivia Brown,"09:28,12:17,15:35","11:28,14:28,15:40",4.27,61.95
James Martinez,"09:03,11:21,13:54","10:09,13:10,15:10",4.19,81.4
James Garcia,"09:30,12:02,15:15,18:34","11:06,13:52,17:21,18:38",5.61,56.94
James Brown,"09:06,12:13,15:46","11:01,14:49,18:10",6.93,89.79
Emma Brown,"09:21,12:18,15:23,18:35","11:23,14:32,17:31,18:44",6.56,72.21
Sophia Rodriguez,"09:06,12:59,16:22,18:49","12:00,15:33,18:16,19:05",7.64,79.79
Alice Rodriguez,"09:19,11:56,14:03,17:09,20:10","11:06,13:06,16:15,19:00,20:44",7.57,50.94
David Smith,"09:09,12:51,14:53,17:01","11:36,13:55,16:07,18:40",6.4,64
John Jones,"09:20,12:32,15:30","11:40,14:12,15:59",4.49,55.22
Alice Smith,"09:26,12:48,15:39","11:26,14:55,16:22",4.85,82.76
Robert Garcia,"09:09,12:47,15:14","11:38,14:13,15:44",4.42,54.42
Maria Davis,"09:23,12:34,16:23","11:22,15:12,18:22",6.61,95.62
Sophia Martinez,"09:04,12:32","11:38,14:23",4.43,50.68
Emma Brown,"09:03,11:50,14:43,18:00","10:32,13:39,16:50,18:40",6.09,80.23
Emma Johnson,"09:12,12:24,16:05,18:22","11:33,15:06,17:47,18:33",6.94,67.4
Michael Miller,"09:26,13:27,17:06","12:18,15:39,18:01",5.99,56.86
Maria Rodriguez,"09:00,12:02,15:11","11:17,14:07,16:22",5.56,75.8
Alice Smith,"09:25,12:18,15:08","11:29,13:53,17:53",6.42,75.04
Maria Williams,"09:20,12:15,14:50","11:03,13:48,16:16",4.7,59.24
James Rodriguez,"09:07,10:59,13:16,15:49","10:09,12:25,14:55,17:07",5.43,56.33
Maria Brown,"09:00,12:14,15:26,18:05","11:32,14:55,17:07,18:19",7.14,79.18
Robert Davis,"09:28,13:23,17:00","12:11,16:15,17:31",6.12,66.65
David Garcia,"09:28,13:19","12:22,15:28",5.05,60.7
Olivia Brown,"09:23,12:31,15:04,18:42","11:18,13:59,17:33,20:26",7.61,61.9
Emma Johnson,"09:27,12:44,14:59,18:11","12:06,13:57,17:04,19:08",6.91,91.83
Robert Garcia,"09:10,12:24,16:27","11:23,15:09,18:06",6.63,57.87
Sophia Martinez,"09:28,13:06,15:35","11:59,14:37,16:57",5.41,67.29
Michael Rodriguez,"09:28,11:59,15:23,18:03","11:02,14:11,17:26,20:07",7.9,67.28
Alice Smith,"09:30,12:08,14:58,18:33","11:22,14:28,17:42,18:35",6.97,88.11
James Davis,"09:25,12:19,14:04","11:15,13:20,15:18",4.1,68.08
David Smith,"09:13,11:09,13:27","10:20,12:23,15:36",4.5,76.76
Olivia Jones,"09:08,12:53,16:14","12:00,15:05,16:29",5.33,51.09
Michael Garcia,"09:08,12:07","11:07,14:51",4.72,84.12
James Martinez,"09:17,13:16,16:00","12:05,15:12,16:46",5.51,81.05
John Williams,"09:27,13:36,17:43","12:24,16:24,19:33",7.6,87.3
David Rodriguez,"09:12,12:24,16:38","11:36,15:11,17:05",5.63,76.89
John Rodriguez,"09:09,12:50,15:14,16:53,19:25","11:53,14:03,16:15,18:06,19:46",6.54,73.46
David Garcia,"09:18,13:34","12:16,15:35",4.99,97.03
Robert Brown,"09:16,12:52,16:30,19:50","11:27,15:31,18:49,20:13",7.55,65.09
Alice Miller,"09:11,11:36,15:25","10:39,14:19,16:48",5.58,73.57
John Johnson,"09:14,12:31,15:41,19:31","11:11,14:45,18:29,20:18",7.77,99.86
Michael Brown,"09:06,11:15,15:07","10:24,14:05,15:14",4.26,83.43
Michael Williams,"09:26,13:08","12:08,15:35",5.16,77.47
Sophia Garcia,"09:21,12:58,16:33","12:04,15:30,17:04",5.78,62.88
Alice Garcia,"09:25,12:53","12:07,14:31",4.34,87.54
Olivia Miller,"09:11,11:43,14:07,17:26,19:34","10:43,13:01,15:57,18:33,20:25",6.64,69.68
Olivia Brown,"09:05,12:09,15:23","11:13,13:59,15:48",4.38,84.45
Emma Garcia,"09:29,11:33,13:09","10:36,12:37,15:18",4.34,85.69
John Jones,"09:03,12:34,16:15,18:33","11:37,15:20,17:55,19:30",7.96,79.08
Emma Smith,"09:20,11:25,15:35","10:24,14:18,16:44",5.11,92.91
James Smith,"09:24,12:10,15:52","11:07,14:49,17:01",5.53,88.35
Michael Martinez,"09:26,12:30,15:11,19:10","11:17,13:55,18:01,19:48",6.74,77
David Martinez,"09:14,12:38","11:49,15:21",5.31,86.38
Emma Brown,"09:22,12:08,14:02","10:59,13:15,15:26",4.14,80.9
Olivia Brown,"09:14,11:17,14:34,17:20","10:19,13:16,16:17,18:20",5.79,82.58
Olivia Smith,"09:17,11:41,14:10,17:35","10:32,12:46,16:34,19:06",6.25,84.29
Sophia Johnson,"09:02,12:05,15:11","11:11,14:04,16:34",5.53,72.94
David Johnson,"09:15,12:36,14:19,16:53","11:44,13:47,16:10,17:02",5.67,53.04
Robert Johnson,"09:27,13:10,15:41,17:40,19:40","11:50,15:10,16:50,18:50,20:11",7.22,99.71
Sophia Brown,"09:07,12:05,15:29,18:15","11:00,14:37,17:05,19:44",7.52,98.86
Alice Jones,"09:13,11:51,13:41,16:09,19:08","11:14,12:52,15:02,17:46,19:12",6.07,90.05
Olivia Davis,"09:25,12:48,16:23","11:40,15:04,17:00",5.15,99.04
Alice Jones,"09:27,12:09,14:27,16:41,20:20","10:59,13:18,15:59,19:10,20:39",7.03,73.39
Emma Smith,"09:21,11:39,13:32,15:33,19:30","10:40,12:48,14:49,18:24,20:53",7.99,60.98
David Williams,"09:07,11:35,14:29","10:38,13:33,15:14",4.23,87.15
Olivia Rodriguez,"09:08,12:40,16:04","11:55,14:55,16:16",5.24,77.51
Emma Davis,"09:15,12:25,15:29","11:30,14:02,16:17",4.67,86.27
Alice Martinez,"09:09,12:12,15:08","11:10,14:16,16:25",5.37,99.7
Sophia Jones,"09:24,13:21,15:31","12:20,14:41,17:11",5.94,77.47
Olivia Williams,"09:13,12:45,15:48,17:55,20:21","11:35,14:55,16:55,19:03,20:43",7.15,52.43
David Williams,"09:04,11:46,14:57,18:19","10:31,13:30,17:05,19:18",6.32,56.58
David Williams,"09:10,12:52,15:38,17:50","11:25,14:27,16:49,19:35",6.78,66.13
Michael Garcia,"09:05,11:15,14:47,17:35","10:08,13:51,16:51,18:20",6.47,93.34
David Johnson,"09:10,12:13","11:17,14:08",4.04,80.62
Robert Jones,"09:06,11:54,15:30,18:49","10:30,14:32,18:02,19:34",7.32,94.23
Alice Martinez,"09:06,11:29,14:21,16:50","10:26,13:31,15:43,17:58",5.88,90.24
David Davis,"09:22,11:50,14:11,16:55","11:03,13:13,15:45,17:13",4.94,55.51
Robert Williams,"09:13,12:40,15:52","11:30,14:32,17:05",5.37,59.35
Robert Martinez,"09:25,12:46,16:09,18:54","11:49,15:00,17:31,19:09",6.25,64.8
David Miller,"09:07,11:41,15:36,17:49","10:51,14:06,16:53,18:02",5.66,54.08
James Johnson,"09:19,13:15,15:49","12:01,14:57,16:49",5.4,50.12
Alice Rodriguez,"09:14,11:50","10:59,14:24",4.33,76.45
John Brown,"09:19,12:20,14:50","11:43,13:47,17:12",6.23,89.83
James Miller,"09:01,11:57,15:23,19:23","11:13,14:04,18:00,19:50",7.39,51.88
Robert Johnson,"09:30,13:26,16:11","12:10,15:26,17:42",6.19,77.76
Sophia Brown,"09:02,12:42","11:33,14:44",4.56,99.05
Alice Johnson,"09:10,11:43,14:22,17:11","10:28,13:45,16:28,17:55",6.17,74.54
Michael Garcia,"09:23,11:51,14:48,18:25","10:56,13:39,17:39,18:36",6.39,81.08
Michael Smith,"09:03,12:43,16:42","11:43,15:33,17:23",6.2,94.15
Sophia Rodriguez,"09:05,13:26,17:18","12:02,16:14,17:36",6.05,77.78
Maria Garcia,"09:21,11:25,14:04,17:56","10:37,12:55,16:59,19:56",7.7,55.11
James Jones,"09:04,11:35,14:16,16:15,19:11","10:53,13:32,15:30,17:51,19:48",7.22,78.36
Maria Miller,"09:17,11:26,15:32,18:02","10:22,14:26,16:52,18:28",5.86,56.8
Alice Davis,"09:24,12:31,14:49,16:24,19:30","11:40,13:42,15:52,18:30,20:39",7.76,86.65
Michael Jones,"09:05,11:09,14:26","10:29,13:38,15:12",4.66,90.43
Sophia Martinez,"09:29,12:08,14:36,17:29,19:52,22:18","11:03,13:34,16:09,18:36,21:39,22:46",7.93,67.86
David Garcia,"09:04,12:29,16:08","11:33,14:58,16:35",5.43,62.78
Alice Garcia,"09:25,11:31,14:17,18:00,20:18","10:54,13:09,16:54,19:30,20:58",7.9,85.14
Emma Johnson,"09:19,12:27,15:38,17:49","11:45,15:00,16:48,17:55",6.25,97.09
Alice Jones,"09:01,13:03","11:59,14:20",4.26,99.3
Maria Smith,"09:01,11:49,15:22,17:24","10:47,14:27,16:28,19:03",7.16,71.06
Emma Smith,"09:20,11:04,14:00,16:21,19:30","10:20,12:45,15:39,18:16,19:33",6.3,97.05
John Miller,"09:01,12:32,14:38","11:27,13:46,16:29",5.53,73.96
Emma Johnson,"09:20,11:36,15:26","10:55,14:15,16:14",5.03,99.15
Michael Smith,"09:20,12:36,15:07","11:54,14:13,16:02",5.11,54.35
Olivia Brown,"09:14,12:48,16:47,20:07","11:35,15:39,18:58,20:20",7.62,63.75
James Davis,"09:23,11:27,14:23,17:10","10:27,13:28,16:00,19:20",6.87,97.88
Sophia Garcia,"09:02,11:10,13:52","10:22,12:25,15:17",4.01,68.33
Olivia Rodriguez,"09:07,12:54,16:05","11:58,15:28,16:43",6.05,56.77
James Martinez,"09:02,12:23","11:41,14:24",4.67,72
James Jones,"09:08,11:28,14:19,16:50,19:37,21:33","10:25,13:06,15:59,18:46,20:37,21:53",7.86,52.89
Olivia Brown,"09:18,11:36,13:47,17:21,20:47","10:34,12:58,16:45,19:28,20:47",7.73,71.36
Maria Brown,"09:10,12:33,16:13","11:44,15:22,17:02",6.22,77.48
Michael Brown,"09:23,12:57,17:09","11:44,15:54,18:14",6.39,81.06
Robert Miller,"09:07,11:15,13:15,15:37,18:39","10:27,12:25,14:42,17:41,19:07",6.49,68.82
James Johnson,"09:13,12:59","11:58,14:55",4.69,79.75
Alice Miller,"09:26,12:08,15:44,17:46","11:18,14:43,17:01,19:23",7.36,67.47
Maria Davis,"09:21,12:44,15:00,17:35","11:24,14:18,16:34,17:56",5.54,88.22
Emma Johnson,"09:06,11:50,13:51,17:33","10:37,12:59,16:42,18:40",6.64,83.62
Sophia Smith,"09:09,12:50,15:45,18:51","12:01,14:53,17:57,19:13",7.49,53.7
Sophia Williams,"09:24,12:50,16:40","11:47,15:38,18:35",7.1,99.16
Emma Rodriguez,"09:15,11:33,15:01,17:51","10:25,14:09,17:17,17:55",6.1,64.88
Robert Brown,"09:08,11:16,14:17,18:04","10:39,12:54,16:48,18:55",6.52,60.01
David Jones,"09:09,12:01,15:25,18:28","11:02,14:30,17:46,19:05",7.34,77.28
Maria Smith,"09:09,12:07","11:33,14:31",4.81,55.32
Sophia Johnson,"09:30,12:28,15:57,19:28","11:36,14:49,18:30,19:33",7.09,58.58
Olivia Johnson,"09:15,12:05","10:44,14:41",4.09,62.05
Maria Miller,"09:24,12:53,16:44","11:51,15:49,18:02",6.69,63.65
Alice Brown,"09:16,12:38,14:58","11:41,14:02,16:56",5.78,67.15
Alice Rodriguez,"09:08,12:52","11:56,14:26",4.37,50.93
Olivia Davis,"09:12,11:45,13:50,17:45,20:37","10:30,13:10,16:32,19:34,21:19",7.94,96.43
David Williams,"09:29,11:49,15:32,17:50","11:11,14:27,16:34,18:35",6.12,95.64
Alice Martinez,"09:29,12:10,16:01,18:17","11:17,14:43,17:14,18:55",6.22,57.66
Sophia Rodriguez,"09:12,13:20,15:33","12:00,14:27,16:19",4.7,61.54
Alice Miller,"09:17,12:51,16:15","11:42,15:23,16:58",5.68,73.54
Olivia Garcia,"09:15,12:23,15:44,19:14","11:20,14:54,18:27,19:18",7.4,51.26
Olivia Smith,"09:05,11:28,14:55,17:44,21:12","10:15,13:39,16:26,20:01,21:36",7.56,68.7
Maria Jones,"09:29,11:34,14:35","10:43,13:25,16:41",5.2,85.56
Michael Jones,"09:25,12:18,15:08","11:25,14:13,17:12",5.99,93
David Smith,"09:14,12:19,15:47","11:19,14:29,16:59",5.45,54.95
Alice Garcia,"09:26,12:37,16:13","12:02,15:18,16:18",5.37,61.45
Robert Jones,"09:14,12:38,15:57","11:28,14:54,17:01",5.58,60.8
David Garcia,"09:24,12:22","11:23,14:24",4.03,56.32
Michael Johnson,"09:12,11:58,15:54,18:44","11:11,14:48,17:40,19:48",7.66,80.1
Michael Miller,"09:19,12:49,16:27,19:11","11:45,15:38,18:08,19:54",7.66,55.72
Alice Jones,"09:02,11:56,14:58,17:46,20:39","10:52,13:51,16:43,19:38,21:04",7.79,84.09
Emma Miller,"09:23,11:33,14:02,16:26","10:29,12:55,15:34,17:39",5.23,68.48
James Brown,"09:22,12:49","12:10,15:16",5.26,84.61
David Martinez,"09:05,12:33,14:57","11:33,14:20,17:02",6.35,78.64
Emma Rodriguez,"09:21,12:26,15:03","11:53,14:10,16:43",5.95,61.89
Michael Jones,"09:29,13:17","12:11,14:59",4.41,88.59
James Davis,"09:09,13:09","12:05,14:15",4.05,80.75
Robert Williams,"09:08,12:08,15:39,18:42","10:56,14:55,17:53,18:50",6.96,66.85
Sophia Smith,"09:15,12:44,16:03,18:54","11:58,14:50,18:07,19:43",7.71,59.95
Maria Johnson,"09:30,11:50,15:19","10:51,14:08,17:18",5.65,60.48
Michael Garcia,"09:19,12:29,16:23,19:56","11:11,15:24,18:31,20:36",7.6,63.92
Robert Jones,"09:30,12:00,15:46,19:38","10:48,14:48,18:28,20:48",7.98,67.56
Robert Garcia,"09:28,13:03,15:22,18:59","11:57,14:49,17:49,19:23",7.1,75.08
Olivia Martinez,"09:01,12:20,15:56,17:43","11:01,14:37,16:58,17:52",5.47,91.47
James Rodriguez,"09:21,13:46,16:14","12:20,15:32,17:44",6.26,55.14
Maria Davis,"09:30,13:06","12:12,15:17",4.89,76.23
Michael Garcia,"09:12,11:53,15:14,17:57","10:41,14:29,16:54,19:43",7.52,55.18
Emma Martinez,"09:02,10:59,14:40","10:10,13:27,16:14",5.17,74.21
Michael Brown,"09:28,12:48","12:08,14:45",4.62,80.86
Robert Jones,"09:09,11:58,14:25,16:48,19:19","10:58,13:38,15:37,18:07,21:08",7.83,90.68
James Martinez,"09:17,12:48,16:10","11:36,15:28,17:50",6.65,66.48
Emma Smith,"09:11,12:27,14:33,17:39","11:39,13:45,17:03,17:40",6.29,80.72
Maria Brown,"09:12,13:06","11:50,14:55",4.46,94.28
Robert Garcia,"09:02,11:30,15:25","10:39,14:05,17:04",5.86,76.24
David Jones,"09:13,11:31,14:51","10:30,13:45,16:26",5.11,65.59
David Smith,"09:05,11:12,14:42,18:18","10:19,13:45,17:16,18:51",6.91,93.84
Emma Brown,"09:28,13:11,16:20,18:49","12:14,15:14,17:56,19:02",6.63,54.87
David Smith,"09:22,11:35,14:10,17:21","10:44,13:20,16:43,18:48",7.13,79.1
David Rodriguez,"09:00,10:55,14:45,17:34,20:18","10:04,13:29,16:38,18:54,21:16",7.83,85.88
Emma Williams,"09:11,12:00,14:26","11:01,13:06,15:43",4.22,88.27
Olivia Jones,"09:03,11:46,14:13,16:26,19:08","11:05,12:55,15:42,18:03,20:20",7.48,87.63
Alice Garcia,"09:16,11:57,15:03","11:00,13:43,17:30",5.95,76.16
David Williams,"09:22,11:41,14:44,18:13","10:44,13:55,17:31,18:27",6.62,80.93
Robert Martinez,"09:18,13:06,16:24","12:06,15:29,17:17",6.07,79.08
David Rodriguez,"09:08,11:35,14:25,17:15","10:58,13:18,15:54,18:52",6.65,63.17
Maria Martinez,"09:15,11:33,15:02,17:32,20:02","10:41,14:02,16:30,18:55,20:45",7.5,83.39
Michael Brown,"09:21,12:50,16:07,19:37","11:54,15:01,18:41,20:00",7.69,57.29
Olivia Brown,"09:15,12:41,16:16,18:30","11:56,15:04,17:23,20:05",7.78,65.53
James Miller,"09:10,12:02,14:18,17:42","11:03,13:11,17:00,18:21",6.39,61.1
James Rodriguez,"09:15,12:49,14:35","11:48,13:53,16:14",5.27,84.48
James Johnson,"09:18,12:54,16:04","11:44,15:06,17:52",6.45,75.61
Michael Miller,"09:21,12:49,15:50","11:41,14:27,17:30",5.64,60
James Rodriguez,"09:22,12:19,15:06,17:22","11:16,13:56,16:11,17:55",5.17,65.03
Michael Brown,"09:15,11:13,13:14","10:35,12:18,15:04",4.26,84.53
James Jones,"09:11,12:30,14:42,17:11","11:47,13:47,15:59,17:55",5.9,76.96
Robert Brown,"09:16,12:39,14:24","11:19,13:40,16:24",5.08,89.19
James Garcia,"09:13,12:06,15:51,18:11","11:08,14:34,17:10,19:54",7.42,92.57
Olivia Williams,"09:04,12:56,16:01,19:06","11:31,14:51,18:10,19:35",7,84.06
James Williams,"09:26,12:13,14:37,17:43","11:27,13:25,16:25,19:07",6.42,70
Olivia Garcia,"09:04,11:12,14:36,17:28","10:25,13:44,16:28,18:40",6.96,61.05
Olivia Miller,"09:16,13:04,15:37","12:12,14:48,16:39",5.7,51.71
David Davis,"09:24,12:58,15:38","12:06,14:57,16:29",5.53,69.59
Michael Smith,"09:09,12:13,14:20,16:56","11:10,13:14,16:01,17:05",4.88,96.77
Maria Rodriguez,"09:22,12:25,16:26","11:22,15:14,17:17",5.68,54.42
Alice Smith,"09:29,11:53,15:48","10:40,14:37,17:48",5.92,99.44
Maria Williams,"09:29,12:14,14:34,17:03","11:21,13:48,15:55,17:40",5.41,86.84
James Miller,"09:00,11:36,14:09,17:42","10:41,13:00,16:56,18:18",6.48,83.92
Maria Williams,"09:14,11:21,13:50,16:38","10:32,12:27,15:28,17:48",5.2,84.8
Emma Davis,"09:25,13:10,15:45","11:54,14:43,16:15",4.54,52.8
Alice Garcia,"09:13,12:49,16:35","12:00,15:40,18:07",7.17,90.82
Alice Williams,"09:23,13:24,16:32","11:58,15:11,17:07",4.95,71.57
Alice Davis,"09:00,12:39,14:58","11:25,13:43,15:49",4.34,75.09
Olivia Smith,"09:00,11:51,15:08,17:45","10:48,14:05,16:50,19:08",7.13,63.49
Emma Williams,"09:17,11:52,14:55","10:53,14:16,15:45",4.84,85.07
Maria Rodriguez,"09:10,13:15,15:48,19:31","12:03,14:58,18:39,19:51",7.79,71.19
David Davis,"09:18,11:42,14:42,17:05,19:00","10:38,13:53,16:19,18:15,19:46",7.07,75.68
Maria Davis,"09:17,11:17,14:56,17:00,19:03","10:20,13:50,16:16,18:05,19:11",6.16,71.1
Robert Martinez,"09:00,12:17,15:27","11:14,14:20,17:22",6.21,78.73
Alice Williams,"09:28,12:12,14:43","11:16,13:56,17:02",5.85,97.18
Sophia Rodriguez,"09:10,12:10,15:40,18:33","11:02,14:20,17:25,19:48",7.05,62.33
James Garcia,"09:00,12:34,15:20,17:48","11:42,14:31,16:38,19:46",7.93,85.04
James Davis,"09:06,11:27,13:29,16:20,19:28,21:28","10:17,12:28,15:23,18:31,20:33,21:50",7.74,97.99
Robert Davis,"09:25,12:37,15:13","11:59,14:19,15:55",4.98,76.26
John Williams,"09:16,13:22","12:13,15:47",5.38,97.86
Robert Brown,"09:03,12:00","11:12,14:51",5,50.66
David Williams,"09:03,12:00,13:54,16:34","11:09,13:08,15:15,17:43",5.73,90.63
Alice Garcia,"09:26,13:24,16:18","12:17,14:50,18:15",6.25,93.84
David Johnson,"09:16,11:05,14:01,17:36","10:33,13:08,16:16,18:20",6.32,84.64
Alice Martinez,"09:16,11:49,15:25,17:13,20:33","10:47,14:42,16:34,19:31,20:40",7.97,64.01
David Smith,"09:04,11:29,13:45,16:33,18:57","10:16,12:32,15:45,17:50,19:54",6.5,95.9
David Rodriguez,"09:10,12:33","11:38,14:21",4.28,68.35
Robert Garcia,"09:21,12:24,14:32,16:50","11:15,13:40,15:55,18:33",6.28,94.34
Alice Davis,"09:28,12:18,14:41,17:31,20:20","11:16,13:55,16:39,19:38,20:34",7.74,74.29
Sophia Rodriguez,"09:22,12:22,16:10","11:18,15:19,17:20",6.06,73.62
Sophia Brown,"09:03,12:12,15:24","11:09,14:20,15:47",4.62,91.27
Maria Miller,"09:14,11:46,13:47,17:03","10:49,12:48,16:10,17:08",5.09,73.44
Maria Jones,"09:09,12:24,15:45","11:07,14:37,15:55",4.35,61.5
David Rodriguez,"09:30,13:01,15:06,17:04","12:27,14:07,16:14,18:03",6.18,99.49
Robert Rodriguez,"09:28,12:29,14:43","11:25,14:05,16:29",5.33,76.8
Robert Martinez,"09:03,12:41,16:21,19:27","11:46,15:08,18:33,19:48",7.73,58.6
Sophia Smith,"09:24,12:34,15:58,18:13","11:55,15:03,17:03,19:29",7.36,51.28
Robert Rodriguez,"09:24,11:43,15:15","10:47,14:26,17:44",6.59,62.72
Maria Johnson,"09:21,12:12,14:30,17:04","10:53,13:36,16:05,18:19",5.78,58.93
Maria Martinez,"09:28,12:30,14:33","11:25,13:53,16:28",5.26,86.79
Emma Garcia,"09:04,12:32,14:56,18:14","11:35,13:50,17:11,18:22",6.2,92.47
Michael Williams,"09:24,12:12,15:53,19:24","11:16,14:39,18:23,20:09",7.57,96.9
Robert Garcia,"09:26,11:52,14:39,16:48","11:04,13:38,15:49,17:56",5.71,69.09
David Jones,"09:20,12:55,16:15,18:48","11:36,15:21,17:35,19:55",7.15,90.39
Michael Jones,"09:13,11:51,13:49,17:25","10:29,13:03,16:38,17:37",5.49,69.65
Michael Martinez,"09:24,11:58,14:09,16:42,19:46","11:00,13:15,15:34,18:42,20:33",7.08,89.35
Emma Brown,"09:06,11:57,14:42,18:39","11:20,13:25,17:17,19:41",7.32,54.71
Alice Davis,"09:12,11:49,14:08,16:55","10:33,13:08,15:48,18:06",5.53,77.04
Maria Johnson,"09:10,12:33,14:37,17:04","11:31,13:58,15:52,18:24",6.36,65.37
Maria Johnson,"09:30,13:56,17:10,19:43","12:26,16:31,18:49,20:03",7.51,67.79
Olivia Smith,"09:25,11:30,13:39,16:52","10:35,12:53,16:15,16:58",5.26,67.21
Robert Miller,"09:30,12:09,15:00","10:58,14:04,16:48",5.2,94.6
David Rodriguez,"09:25,12:31,14:33,18:21","11:18,13:49,17:19,18:24",6.01,78.42
Olivia Garcia,"09:20,12:12,15:01,17:20","11:11,14:31,16:49,18:03",6.7,78.62
Emma Johnson,"09:06,11:40,14:32,17:49","10:41,13:18,17:13,17:54",6,51.09
John Williams,"09:11,11:29,13:50,16:55","10:22,12:34,16:03,17:56",5.51,51.24
Sophia Smith,"09:03,12:41,15:24","11:24,14:33,16:38",5.46,83.45
Olivia Smith,"09:28,12:27,15:16,17:21,19:51","11:18,14:09,16:23,18:33,20:30",6.5,74.23
John Jones,"09:20,12:22,15:37","11:12,14:58,15:57",4.81,90.87
Emma Martinez,"09:02,12:07,13:56,16:16","11:30,13:12,15:31,18:12",7.08,93.6
John Johnson,"09:23,12:56,15:19,18:36","11:45,14:22,17:32,18:52",6.29,81.33
Maria Williams,"09:23,11:21,14:35,16:47","10:36,13:50,16:02,17:39",6.03,73.81
Maria Johnson,"09:02,12:47,15:02","11:33,13:49,16:13",4.75,80.7
Maria Rodriguez,"09:06,11:47,14:27","11:00,13:42,15:43",5.1,85.59
Alice Martinez,"09:14,12:17,15:53","11:19,14:58,17:21",6.24,94.38
John Brown,"09:29,12:55,15:22,18:27","11:46,14:06,17:30,19:42",6.85,68.55
Emma Rodriguez,"09:21,13:15,16:31","12:01,15:46,17:26",6.11,93.93
John Brown,"09:27,12:47,16:06,18:43","11:41,14:49,17:44,19:03",6.25,73.83
John Jones,"09:17,12:28,14:25,17:19","11:30,13:42,16:46,18:13",6.7,56.12
Olivia Johnson,"09:26,11:15,13:55,16:44,18:39","10:40,12:59,15:35,17:52,20:00",7.12,73.47
Michael Williams,"09:03,12:39,16:11","11:55,14:46,16:47",5.6,80.1
David Davis,"09:09,11:33,15:22","10:55,14:11,16:29",5.52,77.67
Alice Jones,"09:08,11:41,15:22,17:44","11:01,14:28,16:54,19:03",7.52,74.12
John Brown,"09:27,11:41,13:52,16:33","10:32,13:09,15:53,16:49",4.84,89.33
John Johnson,"09:07,12:20,14:43","11:33,13:39,14:58",4.01,76.9
Sophia Brown,"09:01,11:24,15:14","10:30,14:05,15:23",4.32,76.02
David Johnson,"09:00,11:03,15:06","10:04,13:57,15:59",4.86,50.48
Olivia Davis,"09:23,13:12,15:50,18:41","12:17,14:39,17:30,19:52",7.21,94.22
David Smith,"09:12,12:25,16:24","11:38,15:19,18:58",7.91,66.1
Michael Miller,"09:30,12:03,14:14,17:02,20:20","11:10,13:12,16:07,19:05,20:50",7.26,60.37
Emma Brown,"09:18,13:15,17:15","12:07,16:05,18:08",6.54,64.5
Maria Garcia,"09:00,11:42,14:48,17:51,20:04","10:36,13:53,16:50,19:19,20:19",7.54,63.47
Maria Smith,"09:28,13:19,16:56","12:18,16:04,18:29",7.14,81.8
Michael Martinez,"09:22,11:49,15:18","11:02,14:16,16:25",5.24,50.16
Sophia Rodriguez,"09:30,13:14,16:47","12:29,15:57,17:13",6.15,64.12
Michael Garcia,"09:08,11:40,14:51","10:46,14:17,15:20",4.74,75.86
Emma Jones,"09:18,12:01,15:18","10:45,14:22,15:45",4.25,57.1
Alice Miller,"09:03,11:30,13:20,17:15,19:21","10:23,12:30,16:10,18:15,20:31",7.34,86.3
James Smith,"09:05,12:58","11:48,14:28",4.23,53.98
Alice Miller,"09:03,11:41,15:15,18:18,20:33","10:51,14:21,17:19,19:19,20:34",7.57,68.73
Emma Davis,"09:16,12:10,14:48,18:26","11:09,13:34,17:10,19:05",6.3,55.68
Maria Brown,"09:04,12:18,14:29","11:36,13:33,15:00",4.3,69.58
Michael Brown,"09:20,11:50,14:21,16:21","11:12,13:19,15:32,18:50",7.03,58.77
John Jones,"09:15,12:31,16:12","11:39,15:23,17:09",6.23,88.39
John Williams,"09:30,13:05,15:49,18:07,21:01","11:52,14:25,16:52,20:01,21:49",7.45,55.33
Emma Jones,"09:03,12:30,14:23","11:24,13:38,16:34",5.67,82.7
Olivia Rodriguez,"09:10,11:29,13:52","10:20,12:54,15:26",4.16,63.19
Maria Rodriguez,"09:13,12:37,16:09","11:52,15:31,16:17",5.7,75.57
Emma Smith,"09:07,12:26,15:32,18:11","11:10,14:12,16:58,19:41",6.75,78.91
Michael Johnson,"09:13,12:53,15:02,17:04","11:39,14:21,16:08,18:59",6.93,54.5
James Rodriguez,"09:24,11:44,15:13,17:41","10:27,14:00,16:19,18:28",5.21,75.07
John Miller,"09:20,11:20","10:35,14:06",4.02,75.17
Olivia Miller,"09:28,13:13,15:19","11:58,14:17,16:09",4.4,82.72
Alice Brown,"09:12,12:03,14:42,17:10","10:45,13:26,15:45,18:41",5.51,67.03
David Davis,"09:04,12:51,16:36","11:57,15:17,18:33",7.27,50.03
Maria Martinez,"09:17,11:38,13:50,16:01,19:12","10:42,12:53,14:58,18:11,20:38",7.41,96
Emma Jones,"09:12,12:44","11:50,14:33",4.46,96.68
John Miller,"09:13,13:17,16:36","12:02,15:41,17:02",5.65,50.23
Emma Garcia,"09:09,12:12,14:38","11:29,13:45,15:23",4.64,90.86
Sophia Smith,"09:01,11:24,13:52,17:24","10:26,12:38,16:23,18:15",6.02,52
Sophia Brown,"09:13,11:44,13:59","10:52,13:23,15:44",5.06,76.71
Robert Williams,"09:17,12:10,14:00","11:07,13:12,16:11",5.06,67.58
James Garcia,"09:12,11:53,15:03","11:05,13:54,16:10",5.03,93.52
Robert Martinez,"09:29,12:02,14:40,16:56","10:59,13:35,16:06,17:54",5.46,77.16
Robert Brown,"09:25,11:26,14:30,18:44","10:33,13:16,17:26,19:47",6.96,66.14
Alice Jones,"09:17,13:27,16:56,19:08","12:02,16:08,18:02,19:52",7.28,62.96
Emma Brown,"09:27,13:04,15:04,18:30","11:55,14:08,17:44,19:48",7.5,79.18
James Jones,"09:03,12:16,15:33,18:14","11:01,14:35,17:26,18:20",6.27,94.75
Sophia Williams,"09:16,11:27,14:29","10:37,13:36,15:37",4.64,51.62
Robert Smith,"09:01,11:59,15:27","10:44,14:23,15:38",4.3,55.25
Olivia Miller,"09:14,11:41,14:47","10:41,13:46,17:27",6.21,84.51
Olivia Johnson,"09:16,13:11,16:16","12:06,15:14,16:21",4.97,81.01
James Martinez,"09:23,12:59,15:07,17:41","11:37,14:06,16:59,17:58",5.51,51.3
Sophia Jones,"09:24,11:39,14:14,17:17","10:49,13:31,16:13,18:42",6.69,97.65
David Garcia,"09:12,12:23,14:13,16:08,18:39","11:37,13:23,15:22,17:54,19:19",7.01,89.84
Sophia Johnson,"09:04,11:51,14:13,16:45","10:29,13:00,15:37,17:42",4.92,80.18
James Williams,"09:29,13:05","12:08,15:27",5.03,73.13
David Davis,"09:20,11:20,14:39,17:56","10:42,13:45,16:46,19:36",7.58,71.51
Robert Rodriguez,"09:06,11:08,13:53","10:09,13:01,16:07",5.18,85.06
Alice Williams,"09:12,12:49,16:54,19:02","11:58,15:28,17:57,19:27",6.89,77.76
Olivia Brown,"09:05,12:00,14:22,18:23","11:07,13:10,16:56,20:02",7.42,68.06
Robert Jones,"09:07,11:49,13:53,16:57,19:42","10:44,12:54,15:57,18:45,20:21",7.23,72.61
David Brown,"09:10,11:41,15:39","10:40,14:38,16:17",5.09,64.67
Michael Johnson,"09:18,12:54,15:21","11:48,14:18,17:15",5.81,80.51
John Miller,"09:14,13:16,16:09","11:49,15:04,17:49",6.06,53.08
Robert Johnson,"09:07,12:48,16:00","11:40,15:11,18:09",7.09,73.61
David Martinez,"09:28,12:24,14:32,17:23","11:45,13:44,16:04,19:00",6.78,85.13
Alice Davis,"09:05,12:03,15:41","11:05,14:30,16:10",4.94,67.91
Michael Johnson,"09:22,11:29,13:55","10:31,13:13,16:30",5.48,58.01
James Williams,"09:12,12:08,15:13,17:53","11:17,13:58,16:52,18:57",6.64,57.96
Olivia Garcia,"09:17,12:38","11:59,14:03",4.13,75.28
Alice Williams,"09:00,12:41,15:01,18:23","11:59,14:02,17:28,19:13",7.62,52.44
David Davis,"09:14,12:01,14:31,16:42","10:59,13:37,15:54,17:01",5.06,50.38
James Rodriguez,"09:01,13:16,16:38","12:00,15:36,18:55",7.6,71.05
Emma Garcia,"09:04,12:29,16:20","11:47,15:20,17:06",6.35,81.82
James Johnson,"09:03,12:26,14:53","11:38,13:53,15:59",5.14,99.31
Sophia Rodriguez,"09:09,12:39,15:49,18:39","11:49,14:42,18:01,19:14",7.5,61.14
James Williams,"09:18,12:37,16:12,18:09","11:33,15:16,17:14,18:31",6.3,72.7
Michael Smith,"09:27,12:39,15:25,17:59,20:18","11:49,14:13,16:55,19:07,20:59",7.26,65.14
Alice Garcia,"09:00,12:46,15:17","11:44,14:38,16:05",5.42,81.84
James Williams,"09:30,11:39,15:17,17:40","10:57,14:38,16:35,19:05",7.15,58.65
Emma Johnson,"09:15,11:11,14:30","10:18,13:51,16:05",5.3,84.99
John Johnson,"09:08,11:41,14:37","10:56,13:20,15:51",4.69,77.63
John Miller,"09:21,11:36,14:27,17:50","10:32,13:44,16:43,18:07",5.87,84.06
Robert Brown,"09:06,12:23,15:22","11:36,14:48,15:28",5.02,87.33
John Miller,"09:04,12:13,15:44,18:45","11:15,14:52,17:49,18:54",7.08,69.58
John Martinez,"09:29,12:08,15:11","11:18,13:54,15:45",4.16,88.33
Alice Johnson,"09:24,12:51,16:17,18:36","11:43,15:10,17:30,20:23",7.65,97.61
Emma Jones,"09:06,11:03,14:23,18:04","10:17,13:15,17:10,19:24",7.51,79.11
David Davis,"09:20,12:45,16:25","11:40,15:17,16:30",4.96,57.86
Robert Williams,"09:30,11:15,14:21","10:38,13:45,15:55",5.2,88.17
Maria Smith,"09:15,13:00,16:22","12:05,15:24,18:35",7.45,89.25
James Williams,"09:04,12:54,15:04","12:00,13:56,15:18",4.21,81.87
Emma Johnson,"09:13,12:35,14:54,16:53","11:36,14:02,15:59,17:25",5.46,92.46
Alice Martinez,"09:25,11:43,15:17","10:40,14:29,15:30",4.24,58.14
Olivia Miller,"09:18,13:06,17:08","11:48,15:51,17:17",5.4,71.51
Olivia Johnson,"09:09,12:37,15:29,19:36","11:50,14:21,18:14,19:40",7.24,87.76
Emma Jones,"09:20,11:26,14:22,17:50","10:26,13:23,16:45,18:34",6.17,88.83
Alice Johnson,"09:25,11:42,14:38,17:48","10:42,13:39,16:52,19:09",6.82,57.75
Emma Brown,"09:08,12:02,15:13","10:58,14:11,17:41",6.47,64
David Jones,"09:17,12:20","11:17,14:47",4.46,79.16
Michael Smith,"09:25,11:39,15:50,17:46","10:40,14:38,17:05,19:33",7.28,68.37
Robert Rodriguez,"09:05,11:34,14:36,17:41","10:17,13:44,17:09,18:16",6.5,63.72
Robert Jones,"09:10,12:28","11:43,14:48",4.89,52.92
Olivia Smith,"09:23,11:45,15:04","11:07,14:23,16:09",5.45,89.58
Maria Williams,"09:11,12:25,15:13,18:16","11:24,14:12,17:12,19:21",7.07,79.78
James Brown,"09:06,12:21,15:53","11:31,14:37,15:54",4.71,58.72
Maria Brown,"09:07,11:04,14:40","10:21,13:56,16:26",5.88,93.84
Alice Davis,"09:27,11:42,15:26","10:58,14:27,16:03",4.89,64.88
John Davis,"09:18,13:07,15:02","12:14,14:19,15:57",5.06,97.32
Olivia Garcia,"09:22,13:29,16:46","12:10,15:39,17:49",6.02,71.03
Sophia Brown,"09:24,13:00,16:08,19:15","12:12,15:09,18:03,20:14",7.86,63
Maria Johnson,"09:14,11:36,14:58","10:50,14:20,16:02",5.41,92.42
Olivia Davis,"09:13,12:39,15:28,18:28","11:33,14:06,17:25,18:43",5.99,87.36
Maria Garcia,"09:01,10:47,14:04,17:16","10:08,13:19,16:15,18:28",7.04,60.48
Michael Garcia,"09:08,12:15,14:17","11:25,13:27,15:41",4.89,61.51
Alice Davis,"09:16,13:01","12:09,14:20",4.21,90.05
Alice Johnson,"09:17,11:53,14:02","10:55,13:10,15:41",4.57,64.3
James Johnson,"09:24,12:12,15:19,17:28","11:03,13:59,16:43,17:53",5.25,79.91
Robert Rodriguez,"09:21,12:23,15:35","11:32,14:11,16:47",5.19,50.48
Olivia Martinez,"09:03,12:25","11:40,13:54",4.1,98.17
Michael Jones,"09:04,11:12,15:10,17:12,19:25,21:34","10:07,14:06,16:14,18:23,20:48,21:49",7.85,61.65
Olivia Martinez,"09:26,12:10,15:22,17:13,20:04","11:09,14:34,16:33,18:59,20:56",7.94,86.84
Michael Garcia,"09:09,12:12,15:51","11:16,14:31,16:19",4.9,85.82
Alice Jones,"09:09,12:18,14:32","11:43,13:53,16:35",6.22,76.95
Olivia Smith,"09:17,13:05,15:58","12:01,14:49,16:19",4.83,74.23
Michael Williams,"09:14,11:51,15:05,17:27,20:55","10:26,14:05,16:06,19:45,21:18",7.15,87.75
Emma Martinez,"09:21,12:02,14:34,17:16","10:59,13:26,16:17,17:59",5.47,99.59
John Williams,"09:01,12:09,15:44,18:37","11:06,14:46,17:44,19:12",7.3,54.8
David Brown,"09:17,12:22,15:31","11:03,14:42,17:57",6.53,68.85
James Williams,"09:15,12:43","11:47,14:23",4.21,90.12
Maria Brown,"09:13,11:44,15:17,19:22","10:36,14:01,18:16,20:02",7.33,72.19
Olivia Martinez,"09:30,12:16,14:51,18:22","10:48,13:41,17:06,20:02",6.64,69.38
James Davis,"09:06,13:18","12:04,15:29",5.15,76.29
Robert Davis,"09:22,13:05,16:40","11:58,15:32,17:46",6.16,86.3
Emma Davis,"09:19,12:42,15:37,17:58","11:24,14:54,17:11,19:10",7.06,69.17
Olivia Martinez,"09:12,12:26,14:59,18:44","11:23,13:38,17:30,18:56",6.1,62.69
Sophia Garcia,"09:06,11:44,15:13,17:16","10:43,14:05,16:27,18:18",6.25,82.23
Robert Brown,"09:25,13:31,16:38,18:13","12:24,15:33,17:42,19:44",7.61,80.57
Michael Rodriguez,"09:27,11:37,14:54,17:19","10:44,13:42,16:28,18:03",5.68,88.69
Michael Miller,"09:14,13:04,15:52,18:43","12:13,15:02,17:38,19:05",7.09,83.6
Robert Martinez,"09:28,11:34,14:01,16:49","10:34,12:56,16:03,18:48",6.5,69.73
David Rodriguez,"09:15,11:59,14:57,17:48","11:06,13:54,17:05,19:26",7.54,96.52
David Brown,"09:23,11:48,14:47,18:09","10:54,13:56,16:52,19:42",7.3,65.56
Michael Williams,"09:02,12:11,14:06","11:03,13:22,15:42",4.81,96.27
David Brown,"09:10,11:35,14:55,19:09","10:58,13:59,17:50,19:49",7.79,68.57
Emma Jones,"09:17,13:04,16:29","12:06,15:19,18:22",6.96,87.37
Emma Jones,"09:16,12:11,15:24,17:35","11:31,14:19,16:32,18:30",6.45,92.13
James Williams,"09:29,11:59,15:27,18:05","11:06,14:17,17:06,18:42",6.19,66.53
James Smith,"09:24,12:30,14:28,16:40","11:40,13:44,16:01,16:59",5.38,76.84
James Martinez,"09:11,12:06,14:28,17:08","11:01,13:16,16:13,18:19",5.94,86.23
Robert Davis,"09:06,12:28,16:13,19:16","11:20,14:57,18:12,19:39",7.08,51.32
Sophia Jones,"09:22,12:34,15:13,17:15","11:47,14:26,16:24,17:52",6.09,69.3
Maria Brown,"09:07,11:30,15:25","10:27,14:10,16:18",4.89,58.14
Michael Davis,"09:04,12:31,15:07","11:20,14:17,16:12",5.12,73.04
Sophia Martinez,"09:01,12:00,13:56,17:09","10:58,13:03,16:14,18:54",7.06,66.54
Emma Garcia,"09:25,12:17,14:46","11:30,13:44,15:32",4.32,87.41
Sophia Smith,"09:27,12:30,14:31,17:09,20:19","11:10,13:34,16:20,19:20,20:56",7.4,53.59
Maria Garcia,"09:09,12:31,15:14","11:13,14:14,16:38",5.18,71.92
Sophia Brown,"09:22,12:17,14:42,17:49","11:40,13:56,16:31,19:46",7.73,96.23
David Rodriguez,"09:11,13:14,15:56","12:03,14:45,16:31",4.98,56.75
Michael Smith,"09:21,12:18,16:04,19:23","11:21,14:42,18:14,20:16",7.46,57.44
Maria Williams,"09:29,13:07,15:02","11:45,14:19,16:07",4.57,88.08
Robert Martinez,"09:02,12:39,15:18","11:36,14:32,17:27",6.6,84.98
David Garcia,"09:04,11:23,14:34,17:40","10:27,13:37,16:38,18:43",6.73,85.93
James Miller,"09:18,12:15,15:03,17:14","11:08,14:04,16:16,17:37",5.25,89.44
Sophia Smith,"09:11,11:26,14:48,16:54","10:16,13:22,16:04,18:35",5.97,53.48
Olivia Martinez,"09:10,12:06,15:41,19:16","11:01,14:29,18:02,20:34",7.89,94.93
David Martinez,"09:07,12:03","11:31,13:41",4.05,71.86
John Johnson,"09:01,12:33","11:29,14:48",4.72,64.57
Olivia Davis,"09:18,12:32,14:41","11:20,14:03,16:11",5.05,67.96
Sophia Williams,"09:19,12:17,15:19,17:29,20:19","11:23,14:25,16:43,19:04,20:36",7.47,82.65
Emma Garcia,"09:13,11:56,15:02","11:07,13:43,15:57",4.61,89.66
Robert Martinez,"09:00,12:35,15:32","11:47,14:33,17:11",6.41,57.86
John Johnson,"09:18,13:14,15:41","12:16,14:40,17:49",6.54,98.07
Maria Garcia,"09:26,13:32,16:57","12:17,15:55,17:22",5.66,73.01
Michael Davis,"09:27,12:07,14:54,17:41","11:26,13:48,16:45,18:32",6.37,79.14
Emma Brown,"09:16,12:13,15:30,17:52","11:20,14:05,17:01,19:03",6.64,64.33
James Garcia,"09:19,13:28,15:59","12:18,15:03,16:39",5.24,97.11
Robert Smith,"09:08,11:11,14:06,16:30,19:12","10:20,12:40,15:52,18:28,19:38",6.85,68.08
Alice Rodriguez,"09:08,12:07,15:58","11:17,14:39,16:31",5.25,69.96
Sophia Martinez,"09:23,12:00,14:50","11:04,14:07,16:28",5.44,76.05
John Davis,"09:27,13:10,16:10,19:55","11:59,15:17,18:47,20:20",7.7,65.08
James Smith,"09:20,12:16,15:04,17:25,19:19","10:59,14:23,16:44,18:49,19:56",7.47,82.02
Michael Davis,"09:19,12:23,15:50","11:30,14:35,17:33",6.11,99.95
Robert Jones,"09:17,12:31,16:12","11:34,14:50,17:19",5.73,64.73
Alice Rodriguez,"09:25,11:22,13:28,15:43,18:13","10:40,12:47,14:49,17:05,19:56",7.1,57.45
Robert Martinez,"09:02,12:29,14:23,16:35","11:40,13:29,15:42,17:54",6.28,81.06
Alice Miller,"09:29,13:06,15:46,18:45","12:05,14:56,18:07,19:23",7.43,78.5
Emma Rodriguez,"09:00,11:17,14:24,16:41","10:07,13:01,15:32,18:32",5.84,64.41
Sophia Garcia,"09:24,12:28,14:26,16:44","11:32,13:37,15:47,18:12",6.11,92.21
Michael Johnson,"09:04,12:21,14:56,17:29","11:03,13:35,16:44,18:31",6.06,53.59
John Garcia,"09:02,12:11,14:44,17:58","11:15,13:59,16:38,19:41",7.64,70.07
Robert Garcia,"09:23,12:28,15:10","11:32,14:13,17:00",5.73,76.99
David Jones,"09:29,12:39,16:01,19:37","11:43,14:55,18:34,20:13",7.66,85.41
John Johnson,"09:12,12:37,15:24,17:44","11:37,14:25,16:53,19:12",7.17,73.78
Robert Martinez,"09:21,12:58,15:36,18:52","11:44,14:27,17:51,19:50",7.1,64.2
Robert Williams,"09:07,13:07","11:56,14:29",4.2,92.67
Maria Smith,"09:06,11:54,14:30,17:44,20:02","10:38,13:26,16:57,19:07,20:40",7.54,60.67
Olivia Jones,"09:21,11:50,14:40,17:06,20:43","10:53,13:31,15:59,19:51,20:52",7.44,57.75
Sophia Rodriguez,"09:29,11:50,15:02","10:38,13:54,17:11",5.37,88.67
Olivia Garcia,"09:06,11:54,15:01","10:56,14:03,15:56",4.91,75.25
Sophia Martinez,"09:22,13:35,16:26","12:16,15:26,18:39",6.97,59.81
Alice Rodriguez,"09:21,11:34,14:28,17:18,19:36","10:26,13:27,16:25,18:30,21:16",7.79,70.78
Sophia Miller,"09:04,11:43,13:46,17:22","10:37,12:56,16:16,19:34",7.47,61.74
Alice Jones,"09:24,12:50,14:43","12:07,13:54,16:08",5.21,73.73
Olivia Miller,"09:00,12:46,14:59","11:23,13:56,15:43",4.3,56.88
James Miller,"09:07,11:56,13:59,18:01","10:54,13:09,16:45,20:05",7.84,64.86
James Garcia,"09:22,12:17,15:49,18:07,20:28","11:00,14:33,17:07,19:37,20:42",6.95,70.06
Michael Smith,"09:17,12:45,15:38,19:20","12:02,14:12,18:20,19:52",7.45,70.1
James Johnson,"09:19,11:39,14:16,17:43","10:39,13:34,16:40,18:53",6.83,63.86
Emma Johnson,"09:17,11:41,15:40","10:51,14:36,17:10",5.99,84.55
James Davis,"09:22,12:39,16:47","11:35,15:26,17:07",5.34,54.64
Robert Williams,"09:27,12:19,15:07,17:29","11:31,14:02,16:41,18:41",6.56,50.36
Robert Martinez,"09:29,13:06,16:25,19:23","11:56,15:29,18:05,19:38",6.75,97.95
Sophia Rodriguez,"09:17,11:16,15:13,18:29","10:29,14:12,17:42,19:25",7.55,86.55
Emma Smith,"09:15,12:15,14:45,18:15","11:10,13:46,17:22,19:45",7.55,60.85
Robert Martinez,"09:12,11:24,13:48,16:20","10:35,12:44,15:02,17:20",4.96,80.79
Emma Johnson,"09:23,11:34,14:14,17:29","10:51,13:16,16:09,18:27",6.06,72.87
Olivia Brown,"09:08,11:46,15:49","10:38,14:45,16:20",5.02,65.88
John Rodriguez,"09:25,11:26,14:43,17:08","10:29,13:49,16:02,17:26",5.08,62.35
Maria Rodriguez,"09:08,10:59,13:59","10:12,12:57,15:03",4.11,79.38
Emma Jones,"09:10,12:33,14:27,16:53","11:26,13:38,15:37,18:53",6.52,75.35
Alice Brown,"09:10,12:57","11:49,14:45",4.45,90.17
Olivia Garcia,"09:10,11:35,14:36,16:42,19:24","10:46,13:23,15:36,18:31,20:54",7.72,56.13
John Williams,"09:19,13:10","12:13,14:37",4.36,64.12
Emma Martinez,"09:08,11:16,14:05,17:19","10:12,13:11,16:16,18:44",6.59,50.58
Michael Rodriguez,"09:25,12:02,15:30","10:43,14:16,16:25",4.47,97.16
Sophia Johnson,"09:09,11:43,13:53,15:43,18:09","10:44,13:07,15:00,17:11,18:26",5.87,70.73
Robert Miller,"09:17,12:56,15:39,19:07","11:58,14:38,18:15,19:56",7.81,96.41
Emma Rodriguez,"09:12,11:46,15:11,17:12,19:25","10:24,14:22,16:11,18:28,19:34",6.22,60.75
David Rodriguez,"09:19,11:37,15:55,19:43","10:30,14:33,18:44,20:21",7.57,84.29
Alice Johnson,"09:03,13:03","12:02,15:14",5.18,91.52
Emma Miller,"09:10,11:31,14:13,17:03,20:16","10:22,13:24,16:13,19:20,20:29",7.59,92.13
David Miller,"09:12,11:05,13:23,17:11","10:21,12:47,16:05,18:01",6.4,82.23
John Garcia,"09:29,12:11,15:21","11:04,14:05,16:13",4.36,53.32
Michael Williams,"09:10,11:20,13:59,16:12","10:21,12:50,15:35,16:40",4.76,64.46
Maria Johnson,"09:21,13:12,16:41","12:09,15:23,16:54",5.21,88.97
James Brown,"09:20,11:59,14:01","11:16,13:05,15:33",4.57,51.64
Emma Williams,"09:20,11:33,14:19,16:24,18:24,21:34","10:20,13:16,15:27,17:45,20:36,21:53",7.72,57.36
Sophia Jones,"09:18,12:10,16:04","11:15,15:03,17:01",5.79,74.77
David Brown,"09:24,11:51,15:12","11:02,14:03,17:04",5.71,57.73
Sophia Williams,"09:27,11:53,14:57,18:59","10:36,13:49,17:52,19:47",6.81,79.73
Olivia Miller,"09:01,11:42,14:53,17:48","10:40,14:02,16:48,18:55",7.03,64
Emma Martinez,"09:20,12:24,15:10","11:14,14:08,16:19",4.79,64.31
Emma Johnson,"09:24,12:25,14:55","11:26,13:44,17:02",5.47,72.75
Robert Miller,"09:16,12:06,15:22","11:16,14:08,16:54",5.58,60.09
Maria Brown,"09:02,12:01,15:35","11:10,14:39,15:47",4.97,58.52
James Rodriguez,"09:24,12:56","11:34,15:06",4.34,96.34
David Davis,"09:25,11:29,13:45,16:49","10:47,12:52,15:25,17:51",5.46,68.78
Maria Miller,"09:13,11:44,14:56","10:40,13:51,16:33",5.19,86.77
Maria Rodriguez,"09:12,12:20","11:47,14:11",4.44,99.67
Sophia Jones,"09:07,12:30,15:08,17:35","11:28,14:24,16:57,17:54",6.4,57.03
Alice Brown,"09:23,11:54,14:10,17:17,20:02","10:50,13:28,16:20,19:00,20:26",7.31,90.57
David Rodriguez,"09:14,11:44,14:37,18:36","10:26,13:35,17:32,19:29",6.86,84.16
Sophia Williams,"09:20,12:12,15:38,17:41","11:10,14:36,16:55,19:00",6.84,75.58
Michael Smith,"09:01,11:44,13:47","10:34,12:48,15:55",4.76,68.52
James Garcia,"09:21,12:44,15:38","11:32,14:53,15:52",4.57,78.39
Sophia Garcia,"09:18,12:15,14:46,16:50,19:47","11:17,13:29,15:58,18:22,20:55",7.09,70.81
Michael Davis,"09:02,12:57,16:21","11:58,15:43,18:11",7.54,77.8
Sophia Martinez,"09:09,12:11,15:15,18:38","11:02,14:24,17:27,19:40",7.34,61.32
Robert Smith,"09:29,13:00,14:57,18:47","12:25,14:08,17:29,19:59",7.8,96.37
John Johnson,"09:15,11:04,14:57","10:16,13:53,16:22",5.25,60.29
Emma Martinez,"09:22,11:45,14:12,17:10","10:54,13:02,15:59,18:36",6.04,68.9
Michael Martinez,"09:23,12:16,15:00","11:32,13:44,16:38",5.26,83.84
David Rodriguez,"09:22,11:39,15:10,16:51,20:29","10:35,14:04,16:10,19:36,20:39",7.57,60.71
Alice Rodriguez,"09:29,12:26","11:38,15:04",4.8,99.36
Alice Miller,"09:09,11:54,15:06,18:18","10:55,14:02,17:20,20:01",7.85,73.76
David Jones,"09:26,13:15,14:58,18:21","12:18,14:24,17:22,19:32",7.61,55.56
Michael Williams,"09:11,11:25,14:12","10:43,13:19,15:12",4.44,55.36
Olivia Brown,"09:20,11:32,13:58,16:11,18:06","10:33,13:08,15:06,17:31,18:48",6,88.55
James Garcia,"09:00,11:48,15:05","10:38,14:04,16:08",4.96,83.26
John Miller,"09:17,12:19,16:09","11:34,15:04,17:39",6.55,63.33
Alice Garcia,"09:22,12:30,15:44,19:34","11:31,14:20,18:07,19:39",6.45,58.28
Alice Rodriguez,"09:01,12:04,15:27,18:10","10:59,14:08,17:14,18:56",6.6,68.53
Maria Martinez,"09:06,12:01,15:18","10:56,14:27,16:17",5.26,86.32
Robert Davis,"09:05,10:48,14:34","10:08,13:24,17:20",6.42,93.89
Alice Brown,"09:17,12:37,14:58","11:34,14:19,15:09",4.18,62.67
Emma Brown,"09:10,12:29,14:41,17:14","11:30,14:03,16:23,18:37",7,72.82
Sophia Smith,"09:29,12:18,14:19,17:49","11:07,13:19,16:48,19:00",6.32,82.69
Emma Garcia,"09:09,12:48,15:57,18:43","12:00,14:57,17:46,19:25",7.52,56.07
Emma Williams,"09:19,11:54,13:39,17:29","11:17,13:06,16:09,17:32",5.72,96.89
Robert Miller,"09:06,11:31,13:32,15:28,19:09","10:23,12:45,14:33,17:45,20:06",6.78,85.63
David Davis,"09:27,13:22,16:24","12:10,15:34,18:02",6.55,97.79
Emma Brown,"09:09,11:52,14:41,16:45","10:58,13:20,15:46,18:07",5.74,74.53
Olivia Jones,"09:21,12:02,14:00","11:27,13:17,16:15",5.61,68.3
John Miller,"09:14,12:52","11:59,14:30",4.39,74.66
David Johnson,"09:19,12:08,14:39","11:04,13:20,15:59",4.29,55.84
Emma Jones,"09:04,12:47","11:43,14:09",4.02,68.02
Michael Miller,"09:11,10:58,13:36,15:23,18:06","10:13,12:19,14:45,17:10,19:08",6.36,68.07
Michael Brown,"09:27,12:30,15:29","11:34,14:28,16:00",4.61,91.41
Olivia Smith,"09:07,12:07,14:47","11:08,13:40,15:19",4.11,89
Maria Rodriguez,"09:06,12:13,15:11","11:11,14:08,15:16",4.1,58.65
Alice Williams,"09:29,11:45,14:35,17:20","11:01,13:27,16:16,17:26",5.03,87.38
Maria Davis,"09:05,12:51,15:04","11:33,14:10,15:22",4.09,57.02
Sophia Johnson,"09:20,12:04,15:14","10:51,14:30,15:59",4.7,71.58
James Jones,"09:02,11:58,14:40,18:38","10:57,13:40,17:29,19:22",7.17,97.15
Maria Garcia,"09:26,12:07,14:42,18:12","10:53,13:43,17:21,19:00",6.51,94.17
James Johnson,"09:15,11:23,14:32,18:47","10:20,13:26,17:30,19:57",7.28,67.13
Robert Davis,"09:08,13:17,16:42","12:00,15:30,17:31",5.91,73.24
Michael Smith,"09:19,11:41,14:42,17:22","10:35,13:47,16:20,18:57",6.6,60.79
John Johnson,"09:29,13:00,15:35","12:03,14:49,16:07",4.92,72.29
Emma Rodriguez,"09:21,12:21,16:27","11:38,15:20,17:13",6.05,73.08
Emma Jones,"09:14,11:22,14:00","10:16,12:59,15:43",4.38,51.35
Olivia Smith,"09:13,12:47,15:15,17:58","11:55,14:36,17:17,18:26",7.02,71.94
Emma Rodriguez,"09:13,11:08,13:29,16:40","10:31,12:33,15:58,17:42",6.25,72.95
Emma Martinez,"09:09,11:22,13:30,17:20","10:13,12:36,16:03,18:57",6.47,71.06
Robert Davis,"09:22,11:57,14:02,16:26,20:10","10:38,13:10,15:07,19:06,20:11",6.26,55.38
Michael Miller,"09:20,12:34,15:29,19:30","11:27,14:46,18:24,19:50",7.57,64.15
Maria Garcia,"09:16,12:47,15:00,18:00","11:52,14:00,17:10,18:16",6.26,95.65
Michael Rodriguez,"09:19,13:09","12:02,14:41",4.26,72.97
Sophia Davis,"09:00,11:00,14:23,16:36","10:13,13:25,15:41,18:21",6.69,51.57
Emma Williams,"09:01,11:46,14:46","10:41,13:51,15:24",4.4,84.28
Alice Martinez,"09:08,11:17,14:10,16:17,19:09","10:15,13:08,15:11,18:18,20:52",7.72,87.87
David Miller,"09:03,12:34,15:06,18:45","11:32,13:54,17:38,18:48",6.41,87.89
John Miller,"09:27,13:33","12:17,15:28",4.76,89.49
Robert Rodriguez,"09:14,11:52,14:25","10:57,13:27,16:13",5.1,61.53
Michael Garcia,"09:27,11:37,13:37,16:13","10:49,12:53,15:21,18:17",6.44,72.73
James Smith,"09:25,13:18,15:41,17:52","12:19,14:48,16:58,17:53",5.71,67.66
Maria Rodriguez,"09:00,11:58,15:18,17:15,19:52","10:54,14:24,16:39,19:06,20:07",7.79,75.48
Alice Miller,"09:29,11:55,15:03,17:34,19:31","10:33,13:47,16:51,18:42,20:19",6.68,73.26
Sophia Brown,"09:25,12:06,13:56,16:42","11:08,13:12,15:17,18:25",5.89,89.54
Robert Jones,"09:20,12:18,14:30,16:48,18:37","11:18,13:22,15:56,17:49,19:02",5.91,61.91
Michael Brown,"09:06,11:26,14:02,17:52","10:38,12:59,17:00,17:57",6.13,88.19
Maria Garcia,"09:11,12:51,15:47","11:29,14:44,16:40",5.08,96.62
Sophia Martinez,"09:02,11:30,14:18","10:43,13:38,14:40",4.2,85.07
Emma Johnson,"09:12,12:38,16:14","11:30,15:08,18:14",6.81,72.41
Alice Williams,"09:10,12:10,15:14,17:23","11:06,14:26,16:28,19:20",7.39,56.59
Sophia Williams,"09:07,12:31,15:10","11:19,14:14,16:46",5.53,87.14
John Garcia,"09:04,11:53,14:18","11:10,13:14,15:26",4.6,92.03
Sophia Williams,"09:20,12:51,15:10","11:33,14:26,16:47",5.42,52
Robert Jones,"09:29,11:33,13:59,16:41","10:39,13:06,15:56,17:01",5.01,76.87
Sophia Smith,"09:22,12:58,15:44,19:10","12:04,14:57,18:01,19:56",7.75,76.76
Michael Martinez,"09:12,12:14","11:18,14:51",4.72,96.3
Sophia Rodriguez,"09:17,12:24,14:15","11:13,13:40,15:20",4.3,62.18
Alice Garcia,"09:06,11:57,14:17,17:15","10:53,13:19,16:05,18:28",6.18,96.51
David Martinez,"09:04,12:41,15:28,17:41","11:44,14:17,16:58,17:47",5.87,96.14
Robert Johnson,"09:10,12:13,15:40,18:14","11:13,14:45,17:17,19:16",7.24,93.99
Maria Smith,"09:05,13:06,17:02,19:35","11:47,16:02,18:25,19:47",7.22,50.28
Alice Garcia,"09:27,11:33,13:43","10:36,12:41,16:00",4.58,71.78
Maria Davis,"09:23,13:01,15:00,17:21","11:59,14:03,16:23,19:05",6.75,85.5
Maria Garcia,"09:24,11:48,14:30","10:43,13:04,16:01",4.11,72.53
David Williams,"09:21,12:25,16:02","11:39,15:22,17:15",6.48,78.56
John Brown,"09:18,12:10,15:44","11:14,14:44,18:07",6.89,80.31
Alice Davis,"09:30,12:05,16:03,19:46","10:51,14:43,18:44,19:55",6.83,95.66
Alice Brown,"09:16,12:28,15:36","11:22,14:52,17:44",6.63,63.65
Sophia Williams,"09:24,12:58,16:31,20:11","11:50,15:27,19:11,20:24",7.8,87.95
Michael Brown,"09:11,11:08,14:07,17:17","10:18,13:23,16:07,17:40",5.77,59.13
Maria Jones,"09:00,12:41,16:00","11:47,15:22,16:25",5.89,90.11
Michael Garcia,"09:12,11:51","11:17,14:03",4.29,52.35
Emma Miller,"09:30,13:27,16:59","12:21,16:00,17:32",5.97,99.31
Olivia Garcia,"09:11,12:51,16:23","11:56,15:20,17:14",6.09,71.68
James Jones,"09:22,11:56,14:24,17:59","11:07,12:58,16:49,20:09",7.38,69.92
Maria Johnson,"09:21,12:39,15:48,17:48","11:55,14:40,16:49,19:39",7.46,89.38
John Davis,"09:03,12:58,15:32","11:41,14:19,16:38",5.1,97.39
James Johnson,"09:29,11:57,14:36","10:43,13:57,15:30",4.15,99.83
Maria Martinez,"09:15,12:10,14:54","11:09,13:39,16:26",4.93,80.17
Michael Rodriguez,"09:20,11:41,13:57,16:46","10:40,13:14,16:01,19:07",7.3,68.31
David Miller,"09:17,12:27,15:07","11:30,14:15,16:08",5.03,99.53
Maria Williams,"09:11,11:37,14:51","10:50,14:09,14:59",4.33,55.9
Sophia Miller,"09:26,13:35,16:53","12:20,15:45,19:15",7.45,57.91
David Johnson,"09:12,12:24,14:45","11:25,13:41,16:16",5.03,83.59
John Davis,"09:17,12:31,14:33","11:31,13:40,15:55",4.76,63.79
James Brown,"09:14,13:01,15:07","11:57,14:34,15:34",4.73,99.34
Sophia Davis,"09:01,12:30","11:31,14:41",4.69,98.11
Sophia Jones,"09:04,12:36,15:39,17:53","11:15,14:55,17:14,18:45",6.96,99.81
Emma Miller,"09:06,11:21,15:40,18:06","10:26,14:17,17:08,18:26",6.08,97.6
Olivia Brown,"09:23,12:36,15:22,19:21","11:52,14:14,18:01,20:24",7.82,69.93
Emma Johnson,"09:18,12:16,14:56,17:37","11:01,13:52,17:02,19:01",6.83,55.37
Emma Martinez,"09:12,12:38,16:32,19:10","12:03,15:11,18:24,19:21",7.46,81.84
John Johnson,"09:12,12:09","11:17,14:39",4.6,58
Sophia Davis,"09:09,11:24,14:14","10:32,13:09,15:25",4.32,82.86
Michael Martinez,"09:26,11:29,13:38,16:55","10:30,12:47,15:55,18:51",6.59,54.73
David Johnson,"09:02,11:02,13:35","10:05,12:51,15:24",4.7,89.89
John Davis,"09:04,11:42,13:45,16:47","10:40,12:42,15:48,17:10",5.05,69.44
Alice Johnson,"09:05,10:59,15:05","10:19,13:57,17:08",6.26,63.33
John Martinez,"09:17,11:58,14:09,17:19,19:45","10:49,13:01,16:02,18:57,20:06",6.46,55.42
Emma Johnson,"09:02,11:31,14:16,18:04","10:38,13:36,17:01,18:06",6.48,90.56
Maria Martinez,"09:26,11:42,14:07","10:42,13:05,15:57",4.5,90.25
James Williams,"09:12,11:24,13:56,17:06,18:58","10:30,13:05,15:54,18:17,19:38",6.81,67.89
David Williams,"09:08,11:24,14:37,17:02","10:17,13:36,16:20,18:02",6.07,81.62
James Garcia,"09:06,11:34,13:40,16:30,19:16","10:50,12:38,15:54,17:52,19:21",6.49,81.69
Alice Williams,"09:22,11:54,14:22","11:05,13:37,15:31",4.6,51.21
Alice Johnson,"09:27,11:33,14:57,17:40,20:37","10:47,14:04,16:33,19:49,20:45",7.74,52.39
Alice Jones,"09:20,12:59,15:32,18:01","11:46,14:12,16:51,20:14",7.2,54.4
James Jones,"09:25,13:13,15:34,18:49","11:45,14:39,17:48,19:41",6.88,56.44
Maria Johnson,"09:02,12:38,15:59","11:31,15:13,17:05",6.18,86.85
Robert Miller,"09:30,13:04,16:48","12:05,15:44,19:00",7.45,96.15
James Garcia,"09:29,12:37,15:06,18:20,20:05","11:20,14:11,17:08,19:27,20:57",7.44,79.5
Sophia Miller,"09:06,11:28,15:02","10:14,14:25,16:44",5.79,62.22
Robert Garcia,"09:23,12:56,16:32","11:49,15:38,17:32",6.15,62.87
Michael Williams,"09:28,12:06,14:36,16:57","10:36,13:09,16:22,19:32",6.54,78.74
John Rodriguez,"09:26,12:13,15:23","11:26,14:20,16:18",5.04,69.8
John Martinez,"09:28,12:18,15:54","11:03,15:07,16:56",5.44,80.31
Maria Garcia,"09:06,12:03,15:43","11:19,14:37,18:02",7.11,64.77
Emma Smith,"09:15,11:35,14:51,18:10","10:49,13:27,16:53,19:37",6.93,80.16
Alice Smith,"09:17,11:51,15:19,18:34","10:49,14:19,17:33,20:03",7.72,53.16
Robert Davis,"09:19,13:10,15:46,17:58,20:05","11:58,14:29,16:46,19:13,20:23",6.53,54
Robert Jones,"09:25,11:47,14:39,17:50,21:04","10:35,13:40,17:01,19:45,21:07",7.39,89.98
Emma Brown,"09:11,12:25,14:40,18:17","11:12,13:39,17:24,18:50",6.54,76.72
David Miller,"09:00,12:31,15:14","11:39,14:19,17:49",7.05,60.63
Robert Davis,"09:19,12:04,14:32,17:25","11:15,13:27,16:52,19:20",7.58,58.81
Michael Jones,"09:05,11:23,14:36","10:28,13:20,15:30",4.25,95.52
Robert Martinez,"09:09,11:08,14:56,17:59","10:11,13:47,17:08,19:23",7.29,53.21
Alice Jones,"09:01,11:40,15:03,18:25","10:15,14:21,17:10,20:01",7.65,61.85
James Rodriguez,"09:11,11:48,14:30","10:39,13:34,17:17",6.02,50.24
Alice Davis,"09:21,12:46,15:14","12:05,14:22,16:43",5.83,52.58
Michael Brown,"09:01,10:57,14:07,18:01","10:12,13:06,17:04,18:54",7.17,89.4
Emma Miller,"09:17,12:05,15:21","10:59,13:53,16:51",5.01,86.92
Alice Smith,"09:29,11:47,14:15,16:24","10:54,13:20,15:24,16:34",4.29,63.95
Michael Rodriguez,"09:14,11:09","10:25,14:03",4.1,97.06
Emma Garcia,"09:26,13:17","12:24,14:39",4.34,81.29
David Johnson,"09:26,12:25,14:24,16:37,19:28","11:28,13:26,16:02,18:19,20:45",7.68,76.6
David Smith,"09:00,11:46,14:27,17:13","10:33,13:14,16:08,17:41",5.18,86.33
John Jones,"09:05,12:42,15:38","11:42,14:47,16:49",5.89,59.01
Sophia Rodriguez,"09:30,11:56,14:12,17:43","11:08,13:17,16:42,18:59",6.76,87.82
Alice Davis,"09:02,12:17,15:41,18:32","11:20,14:50,17:30,19:22",7.51,67.74
John Miller,"09:03,12:52,16:34","11:33,15:36,16:43",5.39,54.77
Olivia Garcia,"09:06,11:34,14:31","10:45,13:17,16:33",5.41,60.99
David Williams,"09:24,11:55,15:59,19:05","11:03,14:51,18:01,19:49",7.36,98.79
James Johnson,"09:20,12:41,16:32","11:56,15:34,18:40",7.63,84.89
Olivia Davis,"09:03,12:01,14:25,17:40","10:59,13:32,16:21,18:30",6.23,68.42
Sophia Smith,"09:21,13:05,15:16,17:52","11:59,14:22,16:51,18:15",5.89,63.2
David Jones,"09:11,12:07","10:54,14:51",4.46,69.57
Maria Martinez,"09:15,11:59,14:37,18:37","10:50,13:43,17:13,19:01",6.32,58.73
James Martinez,"09:08,12:27,14:37,16:42","11:37,13:59,15:42,17:57",6.35,99.08
Sophia Jones,"09:10,12:43,15:50","11:45,14:29,17:27",5.98,53.93
John Johnson,"09:28,12:26,14:38,16:55","11:43,13:38,15:49,17:18",5.03,88.35
Sophia Miller,"09:21,12:38,14:34,17:43","11:19,13:38,16:29,18:20",5.51,61.68
Alice Garcia,"09:16,11:34,14:47","10:25,13:56,15:30",4.24,53.4
David Johnson,"09:02,12:22,14:52,16:41","11:23,13:40,15:59,16:47",4.87,93.95
Robert Johnson,"09:04,12:48,15:09","11:32,14:01,15:48",4.35,56.9
Olivia Miller,"09:02,11:58,15:41,19:14","10:53,14:18,18:18,19:36",7.17,69.8
David Rodriguez,"09:18,11:19,14:07,17:11,19:19","10:18,12:53,16:09,18:12,20:04",6.37,75.74
Olivia Brown,"09:04,12:26,16:28,18:21","11:27,15:24,17:41,18:47",7,90.13
Emma Garcia,"09:24,11:51,14:53","11:06,13:42,16:35",5.27,60.21
Maria Johnson,"09:18,12:57,15:57","11:52,14:59,16:08",4.79,76.48
David Smith,"09:21,12:20,15:45","11:33,14:47,16:49",5.73,97.11
John Johnson,"09:02,11:13,13:38,17:07","10:41,12:44,15:50,19:15",7.5,83.81
Robert Williams,"09:05,11:52,14:51,18:15","10:57,13:48,16:57,19:05",6.75,81.31
Robert Jones,"09:19,12:19,14:09,16:45,19:12","11:32,13:20,15:49,18:02,19:41",6.67,78.9
Olivia Smith,"09:15,11:48,14:02,16:42","11:03,13:25,15:41,17:50",6.21,74.99
Olivia Smith,"09:02,12:04,14:07,17:15","10:54,13:15,16:08,18:53",6.7,72.13
Sophia Martinez,"09:06,12:19,14:36,17:35","11:28,13:50,16:39,17:50",6.19,50.63
James Rodriguez,"09:25,12:08,14:27,17:13,19:28","11:26,13:40,16:11,18:30,19:39",6.76,89.81
Emma Garcia,"09:20,12:37,16:34","11:28,15:21,17:01",5.33,59.34
Maria Davis,"09:07,12:48,14:44","11:45,13:57,15:37",4.67,62.07
Michael Garcia,"09:07,11:37,14:24,17:13,20:06","10:52,13:18,16:22,19:05,20:49",8,85.55
John Rodriguez,"09:25,13:19,17:01","11:59,15:50,18:12",6.28,99.34
Alice Smith,"09:05,11:46,15:27","10:41,14:25,16:19",5.12,94.9
Maria Williams,"09:24,12:30,16:00,17:59","11:49,15:03,17:01,18:34",6.57,74.2
Maria Jones,"09:18,11:24,14:25","10:24,13:30,15:24",4.19,98.01
David Martinez,"09:26,12:52,16:10","12:15,15:15,16:21",5.39,97.25
Sophia Martinez,"09:13,12:04,15:07","10:57,14:21,15:49",4.73,79.64
Olivia Martinez,"09:20,12:26,14:26","11:05,13:45,15:31",4.15,86.46
Olivia Jones,"09:22,12:13,16:12,18:17,20:25","11:14,15:13,17:14,19:27,20:46",7.43,82.04
James Williams,"09:22,11:51,14:27,16:42","11:12,13:28,15:35,16:57",4.84,86.99
James Jones,"09:30,11:21,14:49,18:47","10:38,13:37,17:47,20:15",7.84,86.2
James Jones,"09:15,11:21,14:15,16:31","10:38,13:05,15:24,17:37",5.38,80.54
Emma Martinez,"09:05,12:41,15:10","11:51,14:07,15:57",4.99,64.49
Maria Martinez,"09:23,13:02,15:44","11:33,14:49,17:06",5.33,71.67
Maria Davis,"09:05,12:23,15:38,18:51","11:11,14:46,18:08,19:51",7.98,66.36
James Martinez,"09:26,12:57,15:13,18:40","11:33,14:01,18:00,19:13",6.53,71.44
David Miller,"09:23,11:15,14:23,16:55","10:30,13:03,15:42,17:20",4.66,70.82
Sophia Martinez,"09:07,12:33,14:38,17:00,18:45","11:40,13:38,16:12,18:12,19:45",7.41,90.59
Olivia Johnson,"09:14,11:41,14:29,17:27","10:33,13:26,16:08,18:08",5.41,82.62
James Brown,"09:02,12:52,15:39,17:36","11:52,14:28,16:40,18:18",6.15,64.49
Michael Johnson,"09:16,12:02,14:26,16:48","11:01,13:29,16:03,17:00",5.02,90.58
Robert Martinez,"09:11,12:06,14:34,18:06","11:00,13:22,17:19,18:26",6.18,52.87
Michael Jones,"09:29,13:04","12:10,14:50",4.46,50.18
John Garcia,"09:15,11:33,15:17","10:39,14:18,17:19",6.18,55.99
Olivia Johnson,"09:26,11:56,14:10,17:01","11:17,13:16,16:02,18:17",6.32,87.01
Sophia Garcia,"09:17,11:41,15:40","10:55,14:38,16:58",5.88,80.53
Michael Brown,"09:04,13:00,16:21","11:48,15:16,18:06",6.75,66.87
David Brown,"09:27,12:44,15:20,19:15","11:40,14:17,17:56,19:49",6.94,50.76
Olivia Johnson,"09:01,11:39,14:00,16:41","10:36,13:03,15:54,18:22",6.57,76.99
Alice Johnson,"09:04,10:50,13:18,16:11,18:56","10:07,12:09,15:11,17:49,19:29",6.44,67.19
Robert Rodriguez,"09:01,12:36,15:55","11:50,15:17,17:51",7.45,64.57
James Smith,"09:27,11:42,13:53,16:34","10:52,12:43,15:27,16:44",4.17,67.09
James Rodriguez,"09:21,11:41,15:12,18:11,21:04","10:36,14:09,17:11,19:54,21:34",7.93,62.02
James Davis,"09:10,11:26,14:47,18:46","10:19,13:27,17:43,20:07",7.46,80.37
Michael Rodriguez,"09:13,13:11,17:09","12:11,15:46,18:27",6.86,77.41
Emma Garcia,"09:21,11:43,13:57,16:40,18:44","11:07,12:50,15:49,18:03,20:29",7.89,50.03
Maria Martinez,"09:15,11:44,15:22","10:29,14:14,16:10",4.54,52.92
Sophia Miller,"09:13,11:57,13:47,16:12","10:41,13:07,15:06,18:41",6.44,92.3
David Jones,"09:10,11:18,13:38,17:06","10:27,12:50,16:08,17:19",5.55,61.74
James Garcia,"09:21,11:15,13:42","10:31,13:03,15:01",4.29,84.35
David Brown,"09:18,12:31,16:03,18:34","11:18,15:08,17:54,19:13",7.13,64.39
David Martinez,"09:03,11:33,15:09","10:35,14:09,17:12",6.2,91.67
James Garcia,"09:13,11:14,15:00,17:46","10:27,14:03,16:54,18:07",6.31,69.6
Emma Miller,"09:28,11:52,15:08,18:01","10:50,14:10,17:00,18:47",6.3,98.11
Robert Davis,"09:23,11:57,14:37,17:57","10:52,13:25,16:57,18:25",5.76,81.23
Michael Davis,"09:03,11:04,14:32","10:03,13:53,15:41",4.98,95.5
Emma Johnson,"09:12,12:55","12:07,15:10",5.18,52.94
Olivia Smith,"09:20,11:59,13:45,17:30","10:55,13:01,16:41,18:34",6.63,52.36
David Miller,"09:09,13:25","12:05,15:03",4.58,74
Sophia Davis,"09:01,12:17,15:44,18:10,20:36","11:11,14:47,17:14,19:43,20:36",7.73,73.65
Robert Williams,"09:02,12:36,16:13,19:06","11:22,15:04,18:02,19:52",7.39,79.71
Alice Rodriguez,"09:07,11:52,14:09,16:17,18:12,21:29","10:58,12:57,15:13,17:24,20:14,22:06",7.78,75.09
Sophia Jones,"09:25,13:04,16:06","12:08,15:21,17:57",6.86,56.22
David Davis,"09:19,13:08,15:32,17:44","12:03,14:34,16:47,18:49",6.5,84.91
James Williams,"09:21,12:02,14:01,16:22,18:48","11:11,13:07,15:33,17:33,19:53",6.73,79.16
Sophia Davis,"09:24,12:09,14:43","11:36,13:54,14:46",4,88.69
Olivia Davis,"09:23,12:07","11:12,14:24",4.11,64.16
James Williams,"09:08,11:38,13:47","10:56,12:42,15:17",4.38,72.86
Michael Brown,"09:07,12:41,14:58,19:08","12:00,13:56,17:55,19:10",7.12,72.49
John Garcia,"09:05,11:09,15:00,16:46,19:14","10:37,14:05,16:10,18:08,20:00",7.78,69.9
James Johnson,"09:09,12:32","11:58,13:58",4.25,68.91
John Jones,"09:25,12:34,14:54","11:50,13:55,16:19",5.19,69.16
James Johnson,"09:18,13:25,15:33,18:24,20:48","12:07,14:33,17:15,19:46,21:24",7.63,62.15
Olivia Garcia,"09:02,11:30,13:52,17:32,20:52","10:16,12:38,16:15,19:46,21:09",7.27,81.03
Sophia Jones,"09:15,11:18,14:36,17:29","10:26,13:46,16:27,17:42",5.73,76.54
Michael Smith,"09:05,11:34,15:39","10:30,14:22,15:46",4.35,94.28
James Rodriguez,"09:14,11:49,14:11,17:13","10:42,13:28,16:36,19:06",7.43,76.04
David Johnson,"09:29,11:50,14:09,17:59","11:13,13:18,16:47,19:13",7.07,56.29
David Williams,"09:00,12:02,14:31,18:18","10:46,13:21,17:05,19:24",6.77,71.42
Michael Johnson,"09:02,12:37,15:54","11:54,14:54,16:27",5.71,73.5
Olivia Williams,"09:15,13:22,16:09","12:00,15:29,17:30",6.22,69.14
Sophia Smith,"09:08,13:07,15:02,18:02","11:52,14:15,17:23,19:12",7.4,78.42
Alice Jones,"09:23,13:17,16:49,19:26","12:08,15:47,18:04,20:04",7.13,50.78
Michael Brown,"09:23,11:56,15:31,19:12","10:59,14:24,18:05,19:16",6.71,87.27
Sophia Johnson,"09:04,12:03,14:32,18:14,20:36","11:14,13:24,17:15,19:37,20:48",7.82,94.83
James Miller,"09:10,12:45,15:02,17:24,19:27","11:56,13:55,16:27,18:27,20:11",7.14,72.34
Olivia Smith,"09:28,12:27,14:57,17:11","11:44,14:13,16:20,17:55",6.16,92.74
John Miller,"09:29,12:02,15:33","11:01,14:32,17:16",5.75,94.88
Olivia Brown,"09:00,12:27,15:55,18:46","11:40,14:58,17:47,19:03",7.35,65.93
Olivia Brown,"09:19,11:25,14:32,16:48","10:25,13:37,15:45,18:40",6.4,70.81
John Martinez,"09:25,11:39,14:01,16:57,20:08","10:39,13:00,16:02,19:16,20:13",7.01,72.22
Emma Jones,"09:30,12:54","12:15,14:24",4.25,95.44
James Williams,"09:18,12:20,16:04,18:45","11:14,14:55,17:26,19:32",6.68,57.97
Sophia Williams,"09:16,11:27,13:17,15:56","10:22,12:30,15:17,17:10",5.38,62.8
John Miller,"09:27,12:04,14:43,18:13","10:58,13:34,17:04,20:45",7.92,94.61
Sophia Brown,"09:06,12:16,16:15,18:16","11:06,15:15,17:19,18:51",6.64,73.1
James Williams,"09:10,12:32,14:29,17:08,20:50","11:20,13:40,16:15,19:28,21:08",7.7,70.55
James Davis,"09:27,13:11,16:04","12:24,15:01,16:55",5.65,79.54
David Brown,"09:02,11:01,13:44,16:49","10:24,13:00,15:59,18:02",6.82,56.36
Alice Rodriguez,"09:22,11:18,13:49,16:44,18:27","10:34,12:59,15:40,17:50,19:26",6.82,57.7
Emma Jones,"09:19,12:55,15:18","12:06,14:14,15:50",4.64,98.76
Alice Johnson,"09:15,12:01,14:18,16:24","11:26,13:33,15:19,16:35",4.92,77.11
Michael Miller,"09:09,11:43,13:23,15:36,18:13","10:57,12:44,14:34,17:27,19:36",7.23,99.78
Olivia Williams,"09:01,12:43,15:19,18:04,19:53","11:43,14:01,17:01,19:06,20:03",6.91,75.38
Michael Garcia,"09:13,12:28,15:57,19:06","11:10,15:13,18:32,19:28",7.67,63.89
Emma Rodriguez,"09:05,11:52,15:23","11:01,14:20,16:09",5.18,61.76
Sophia Smith,"09:20,11:44,14:25,17:49","10:38,13:20,16:55,19:19",6.91,89.25
Sophia Johnson,"09:06,11:53","11:00,14:12",4.22,94.82
John Williams,"09:02,11:33,14:58,17:18","10:41,14:02,16:16,19:26",7.57,67.76
Alice Johnson,"09:19,13:01,14:58,17:47","12:13,14:12,16:54,18:13",6.46,96.55
James Davis,"09:23,13:11,15:54,18:49","12:19,14:41,17:55,19:07",6.76,75.22
James Rodriguez,"09:07,12:30,16:23","11:34,15:25,16:23",5.38,70.5
Maria Garcia,"09:05,12:09,14:24","11:18,13:44,15:05",4.49,53.29
Michael Williams,"09:06,11:27,14:19","10:27,13:21,15:19",4.25,90.88
Maria Garcia,"09:17,13:16,15:18,18:39","11:48,14:36,17:21,19:39",6.91,69.05
David Rodriguez,"09:11,11:39,13:49,16:47","10:30,12:59,15:53,18:48",6.74,80.49
Robert Brown,"09:08,12:31,16:33","11:20,15:13,16:42",5.07,65.84
James Williams,"09:14,12:32,16:02,18:18","11:14,14:45,17:28,19:22",6.72,88.86
Sophia Miller,"09:18,12:38,15:27","11:29,14:35,16:25",5.1,51.56
Michael Brown,"09:20,12:48","12:01,15:28",5.36,90.65
Michael Johnson,"09:08,11:27,15:03","10:36,14:06,17:42",6.78,68.17
John Garcia,"09:21,12:58,16:28,19:49","11:46,15:38,18:56,19:58",7.7,68.37
Olivia Williams,"09:16,13:03,15:10,17:34","11:38,14:09,16:38,18:43",6.09,86.12
Robert Rodriguez,"09:05,11:56,14:59","11:09,14:11,15:25",4.75,68.34
Michael Davis,"09:09,13:22,16:53","12:05,15:56,18:07",6.75,53.6
James Garcia,"09:10,12:25,14:25","11:10,13:44,15:52",4.77,55.67
David Williams,"09:12,11:25,14:04,16:49","10:27,13:19,15:53,18:19",6.48,71.67
John Miller,"09:17,11:22,15:34","10:24,14:16,15:47",4.24,50.08
John Smith,"09:02,12:38,15:14","11:27,14:11,15:38",4.38,99.23
Michael Rodriguez,"09:22,13:20","12:19,15:01",4.64,87.03
Olivia Jones,"09:24,13:12,15:42,18:45","11:53,14:47,17:50,19:58",7.42,53.6
David Smith,"09:20,12:16,14:43","11:08,13:41,16:00",4.51,91.09
Olivia Rodriguez,"09:28,11:42,14:10,17:11","10:39,13:21,16:27,18:47",6.72,93.93
Sophia Jones,"09:00,11:32,14:00,17:59","10:29,13:01,16:44,18:09",5.88,51.76
Maria Williams,"09:09,12:58,15:56,17:53","12:04,14:47,17:19,18:34",6.81,79.12
Robert Jones,"09:01,12:52,15:54","11:43,14:54,16:58",5.81,72.64
Emma Smith,"09:20,11:30,14:17,16:25","10:21,13:25,15:18,17:28",5.01,91.54
Michael Martinez,"09:27,12:48,15:54","11:24,14:56,16:11",4.37,64.89
Sophia Davis,"09:15,11:10,14:12,17:08","10:27,13:09,16:24,18:03",6.31,77.16
John Johnson,"09:01,11:41,14:19","10:48,13:45,14:30",4.04,92.49
Olivia Martinez,"09:26,12:48,16:03,18:30","12:04,15:08,17:36,19:40",7.69,93.87
David Miller,"09:20,10:54,13:28","10:24,12:30,14:57",4.15,52.03
Maria Johnson,"09:23,11:19,13:47,16:09,20:11","10:33,12:39,15:12,19:04,20:46",7.42,58.39
David Davis,"09:23,12:43,16:16","11:41,15:19,17:04",5.7,91.25
Maria Johnson,"09:10,12:02,14:08,17:08","11:30,13:14,15:48,17:43",5.79,86.03
Emma Davis,"09:19,11:44,14:01","10:45,13:02,15:35",4.31,65.5
Robert Martinez,"09:17,12:36,15:16","11:18,14:29,15:34",4.21,87.15
John Smith,"09:19,12:49,15:36,19:05","11:22,14:36,17:46,19:47",6.71,72.94
Maria Miller,"09:02,12:25,16:39","11:34,15:13,17:14",5.92,88.6
Olivia Martinez,"09:04,12:35,15:59","11:20,14:43,16:58",5.39,91.12
Emma Brown,"09:00,11:52,16:02","10:43,14:48,16:57",5.58,52.9
David Smith,"09:10,12:09,14:21","11:00,13:27,15:20",4.13,90.26
Emma Martinez,"09:03,11:14,13:59,16:38,19:38","10:39,12:58,15:45,18:15,20:14",7.32,89.29
Robert Davis,"09:11,12:43,15:29","11:39,14:27,17:54",6.63,71.86
Emma Davis,"09:28,12:56,16:24,18:36","11:40,15:30,18:02,18:43",6.53,84.95
Emma Rodriguez,"09:19,12:05,15:47,18:16","11:35,14:50,17:18,19:41",7.95,69.62
Sophia Jones,"09:29,13:21","12:27,14:31",4.15,82.02
John Williams,"09:04,11:56,15:01,17:12","10:56,13:59,16:13,17:34",5.48,92.54
John Martinez,"09:08,12:56,16:34","12:01,15:40,16:47",5.83,74.15
Olivia Johnson,"09:07,10:59,14:37,17:10,20:08","10:10,13:24,15:59,18:58,21:21",7.86,67.95
Robert Johnson,"09:24,12:41,16:31","11:39,15:22,17:20",5.75,83.73
Maria Rodriguez,"09:17,11:39,14:08","10:32,13:13,15:49",4.51,68.06
James Williams,"09:06,11:15,13:35,17:06,19:58","10:08,12:35,16:16,18:39,20:46",7.41,89.42
David Davis,"09:10,12:01,15:50","11:20,14:45,16:20",5.41,83.55
Maria Garcia,"09:17,12:04,14:24,18:33","11:00,13:33,17:22,18:57",6.58,65.06
Michael Martinez,"09:07,10:52,13:51,16:55","10:09,13:12,15:30,17:15",5.36,53.74
Michael Rodriguez,"09:16,11:32,13:20,16:45","10:32,12:38,15:46,17:34",5.63,97.57
Michael Miller,"09:11,11:38,14:59","10:49,13:56,15:16",4.22,81.64
Olivia Garcia,"09:14,11:30,13:59","10:37,12:57,15:49",4.67,70.02
Robert Smith,"09:16,12:57,15:18","11:30,14:18,16:14",4.52,86.08
Maria Garcia,"09:21,11:23,13:40","10:31,12:30,16:22",4.99,63.29
Michael Martinez,"09:08,11:00,14:52,18:27","10:10,13:47,17:31,19:12",7.23,69.55
James Martinez,"09:04,11:42,15:32,18:08","10:46,14:19,17:20,18:35",6.58,60.05
David Miller,"09:28,12:56,16:33,18:36","11:46,15:38,17:40,18:39",6.18,84.28
Olivia Rodriguez,"09:29,13:30,17:03","12:25,16:03,17:48",6.24,51.82
Alice Brown,"09:15,11:42,15:07,17:35,20:27","10:44,14:00,16:24,19:34,20:41",7.3,86.26
Maria Jones,"09:26,13:26,15:48,18:24","12:10,14:47,17:24,19:27",6.73,77.96
Olivia Martinez,"09:19,12:22,15:33","11:44,14:41,16:47",5.98,99.91
Emma Williams,"09:30,13:11,15:10,18:35","12:10,14:24,17:26,19:17",6.86,64.98
Maria Rodriguez,"09:17,12:53,16:19,20:12","11:54,15:14,19:00,20:31",7.97,94.76
John Johnson,"09:06,12:24,16:31","11:16,15:15,17:58",6.47,77.42
Alice Smith,"09:20,11:44,15:37","10:45,14:36,15:52",4.54,71.15
Olivia Rodriguez,"09:04,12:26","11:38,14:52",5,71.33
David Smith,"09:03,12:34,15:16","11:47,14:40,16:06",5.68,90.84
Emma Rodriguez,"09:20,13:28","12:15,15:56",5.4,73.62
Alice Rodriguez,"09:11,12:01,16:04,18:44","10:41,14:48,17:39,18:50",5.98,53.8
Alice Davis,"09:13,11:24,14:17,18:04","10:16,13:14,16:53,19:02",6.45,63.47
James Brown,"09:14,11:40,15:10,17:59","10:16,14:03,16:59,19:21",6.6,64.91
Maria Garcia,"09:02,10:42,14:23,17:36","10:07,13:36,16:49,18:33",7.38,85.21
Michael Davis,"09:02,12:47","11:43,14:43",4.63,99.03
Michael Rodriguez,"09:06,11:18,13:51,17:11","10:32,12:48,15:47,19:16",6.96,54.35
David Davis,"09:18,11:52,15:47","10:48,14:43,16:39",5.23,60.4
Olivia Miller,"09:00,12:47,16:50","11:53,15:31,17:05",5.88,64.72
Michael Brown,"09:03,12:01,14:12,17:22","10:50,13:21,16:38,19:13",7.42,75.54
David Johnson,"09:19,12:35,16:13","11:24,14:59,16:27",4.72,76.59
Olivia Miller,"09:18,11:52,15:06","10:50,14:09,17:17",6.01,58.32
John Miller,"09:16,12:08,15:37","11:12,14:34,17:33",6.31,76.77
Maria Rodriguez,"09:27,11:31,14:38,17:34","10:34,13:43,16:32,19:24",7.06,63.39
Olivia Johnson,"09:10,11:30,15:22,17:23","10:30,13:57,16:40,17:37",5.33,99.57
Alice Rodriguez,"09:15,12:37,15:28,18:10","11:18,14:26,17:25,18:59",6.64,84.7
Maria Martinez,"09:21,12:05,14:22","11:09,13:26,15:59",4.78,53.87
Emma Miller,"09:02,11:33,14:45,18:29","10:52,13:49,17:10,19:53",7.92,88.32
Sophia Johnson,"09:08,12:11,15:46","11:19,14:42,15:50",4.78,63.17
Emma Jones,"09:25,11:19,15:05","10:26,13:59,16:06",4.71,71.97
Sophia Rodriguez,"09:06,12:17","11:10,14:54",4.69,80.99
Michael Davis,"09:01,11:24,13:52,17:49","10:25,12:39,16:52,18:11",6.03,69.73
Michael Williams,"09:02,12:25,15:16","11:29,14:03,15:59",4.8,94.98
Maria Johnson,"09:15,12:25,14:36","11:25,13:55,16:19",5.38,96.51
Maria Garcia,"09:17,11:52,14:08","10:46,13:24,15:10",4.06,97.13
Michael Jones,"09:02,12:28,15:33","11:41,14:24,16:23",5.42,77.85
James Brown,"09:19,11:34,14:44,17:17,20:27","10:31,14:11,16:26,19:34,20:36",7.95,73.2
Olivia Davis,"09:09,11:59,15:11,17:07","11:09,13:57,16:20,17:17",5.29,89.16
Robert Martinez,"09:20,11:53,15:32","10:53,14:29,18:09",6.78,65.71
James Brown,"09:09,12:34,15:59","11:23,14:55,17:39",6.26,81.32
Alice Williams,"09:29,12:31,15:24,18:55","11:15,14:36,18:02,19:51",7.42,87.13
Sophia Williams,"09:12,11:25,14:18,17:39","10:32,13:12,16:23,18:25",5.97,69.1
Sophia Smith,"09:23,11:35,14:54,18:06","10:37,14:10,16:40,19:03",6.55,62.48
Michael Jones,"09:24,12:14,15:21,18:56","11:22,14:13,17:40,19:57",7.28,51.2
Emma Martinez,"09:07,12:58,16:01,18:32","11:49,14:43,17:37,20:05",7.62,69.81
Sophia Williams,"09:23,12:38,15:59","11:48,14:51,16:38",5.29,65
Alice Garcia,"09:14,11:26,15:00,17:17","10:20,13:43,16:39,17:18",5.06,72.57
John Rodriguez,"09:18,12:36,15:09","11:31,14:10,16:30",5.15,57.29
Sophia Davis,"09:00,11:28,13:51,16:03","10:35,12:52,15:09,16:42",4.95,64.15
Robert Brown,"09:01,13:02,15:16,17:53","11:43,14:36,16:50,18:31",6.48,96.47
James Martinez,"09:07,12:09,14:26","11:28,13:19,15:42",4.79,82.98
John Davis,"09:10,11:56,15:23,18:58","10:56,14:22,17:52,20:03",7.77,80.57
Robert Jones,"09:18,12:14,15:55,18:47","10:59,14:46,17:37,20:04",7.21,97.97
Sophia Martinez,"09:14,11:52,14:09,16:40","10:37,13:04,15:35,17:16",4.62,78.87
Sophia Miller,"09:23,12:18,15:19,18:42","10:59,14:19,17:52,19:04",6.54,80.63
David Jones,"09:17,12:00,13:55,18:08","10:52,13:02,16:53,18:55",6.37,78.57
Maria Smith,"09:00,12:24,14:36,16:30","10:58,13:29,15:38,17:12",4.79,54.07
Michael Brown,"09:11,12:12,14:42,17:44,20:29","10:59,13:23,16:30,19:11,21:53",7.64,86.37
Emma Martinez,"09:26,13:23,15:33,18:03","12:19,14:30,17:03,20:05",7.54,98.5
Alice Martinez,"09:27,12:18,16:10,18:57","10:57,15:14,17:49,19:46",6.91,78.09
Emma Miller,"09:04,11:20,14:49,17:08","10:13,14:14,16:08,17:09",5.39,64.34
David Brown,"09:09,12:03,14:24,17:40","10:44,13:27,16:55,18:59",6.83,54.8
David Rodriguez,"09:12,11:20,14:14,17:37","10:18,13:12,16:31,19:39",7.29,61.6
Robert Brown,"09:24,12:48,15:01,17:43","11:57,14:02,16:45,19:56",7.75,52.52
Olivia Miller,"09:30,13:29,16:40,19:49","12:18,15:46,18:25,19:50",6.86,50.42
John Brown,"09:17,12:48,15:17,18:58","11:31,14:19,18:01,19:21",6.88,54.42
David Davis,"09:01,12:51,15:50,18:02","11:38,14:47,16:50,19:38",7.16,78.92
Emma Rodriguez,"09:24,12:15,14:42,17:27","11:27,13:50,16:24,19:09",7.03,79.93
James Williams,"09:00,12:26,15:01,17:28","11:50,14:04,16:27,18:52",7.3,91.62
Alice Johnson,"09:23,12:19,15:45,19:39","11:14,15:03,18:18,19:48",7.29,86.19
Emma Rodriguez,"09:30,13:16,16:34","12:24,15:17,17:08",5.5,50.42
Sophia Jones,"09:06,11:43,15:00,18:18","10:23,14:13,17:18,18:27",6.24,61.95
Olivia Miller,"09:12,12:55,14:49,16:40","11:48,13:57,15:53,17:30",5.54,85.3
Olivia Williams,"09:20,12:51,14:41","11:54,14:04,14:59",4.09,53.2
James Garcia,"09:08,12:41,16:21","11:54,15:15,18:15",7.24,62.22
David Garcia,"09:19,11:28,15:03,17:22","10:45,14:08,16:39,18:41",7.03,69.69
Michael Jones,"09:30,12:24,15:56","11:14,15:05,18:16",6.75,72.54
Michael Martinez,"09:21,13:09,16:05,18:46","11:53,15:22,17:34,20:06",7.57,95.74
Maria Brown,"09:17,13:06,15:34,19:06","11:51,14:17,17:55,19:19",6.32,72.45
Robert Miller,"09:05,12:04,15:11","10:44,14:10,15:36",4.18,54.37
David Miller,"09:09,11:40,15:04,17:20","10:55,14:22,16:39,17:59",6.72,53.02
John Davis,"09:02,11:43,14:26,17:04,19:58","11:01,13:30,15:43,19:21,20:37",8,85.55
Emma Johnson,"09:27,12:21,16:02","11:03,14:57,16:27",4.63,70.25
Emma Garcia,"09:26,13:30,16:18,19:41","12:20,14:53,18:41,20:12",7.2,65.61
Sophia Smith,"09:28,13:03,16:10,19:23","12:05,15:21,18:12,20:23",7.95,69.71
Robert Davis,"09:13,11:43,14:12,16:41","10:23,13:40,15:42,18:05",6.03,82.97
Emma Brown,"09:13,11:48,14:39,17:38","10:53,13:32,16:54,19:30",7.52,63.4
James Jones,"09:04,10:47,14:48","10:11,13:46,15:17",4.59,71.17
Olivia Miller,"09:26,11:27,14:29,16:44","10:33,13:29,15:35,18:31",6.03,76.83
Olivia Rodriguez,"09:01,11:47,14:54,18:07","11:02,13:57,17:15,18:58",7.38,60.73
Sophia Davis,"09:17,11:53,15:11","10:35,14:16,15:53",4.39,67.39
Sophia Williams,"09:20,11:37,15:09,17:22","10:28,14:34,16:14,18:56",6.75,80.85
James Garcia,"09:11,11:32,14:54","10:11,13:55,16:42",5.2,82.89
Sophia Jones,"09:22,11:51,14:40,18:04,20:42","11:08,13:39,17:07,19:27,20:51",7.57,89.79
Emma Rodriguez,"09:15,13:07,15:27,18:16","11:53,14:23,17:28,19:27",7.11,95.76
Robert Rodriguez,"09:12,11:44,14:59,17:12","11:09,13:42,16:18,17:41",5.73,86.32
Sophia Brown,"09:30,13:33","12:16,15:44",4.96,88.24
James Davis,"09:27,11:11,13:36,15:57,18:08","10:27,12:39,14:36,17:12,20:12",6.8,95.82
Emma Smith,"09:15,12:21,14:59","11:14,13:45,17:06",5.51,85.27
Robert Miller,"09:29,12:58,15:14,18:25","11:35,14:15,17:22,19:09",6.25,84.66
Robert Martinez,"09:00,11:50,15:21","10:35,14:26,15:58",4.81,73.7
John Garcia,"09:21,13:21,16:31","12:10,15:40,16:59",5.61,62.54
Robert Smith,"09:03,12:09,14:08,17:32","10:46,13:24,16:23,18:02",5.73,94.11
Emma Smith,"09:11,11:58,14:14,16:29","11:16,13:14,15:26,18:47",6.86,97.88
Emma Williams,"09:16,12:41,15:15","11:56,14:04,15:32",4.34,97.65
Robert Miller,"09:24,13:19","12:00,15:21",4.63,80.5
Maria Johnson,"09:12,12:25,15:30,19:22","11:04,14:23,18:16,20:24",7.65,50.8
Olivia Jones,"09:01,12:50,16:32,18:24","11:38,15:06,17:50,19:45",7.54,68.74
Maria Miller,"09:20,12:35,15:38,18:58","11:20,14:44,17:39,19:15",6.46,54.21
John Davis,"09:06,11:11,14:22,17:50","10:29,13:21,16:34,19:03",6.98,97.07
Olivia Rodriguez,"09:16,12:00,15:58,18:51,21:09","10:44,14:43,17:59,20:18,21:17",7.79,50.33
James Jones,"09:16,11:52,14:46,17:01,19:20","10:26,13:57,16:00,18:16,19:42",6.11,82.24
Michael Jones,"09:17,11:22,13:41,17:38","10:21,12:47,16:18,18:54",6.38,99.77
John Smith,"09:00,12:17,15:21","11:06,14:25,16:15",5.14,94.05
Maria Williams,"09:13,12:49,15:41","11:47,14:25,16:39",5.15,93.28
Emma Miller,"09:04,13:00,16:40","11:33,15:43,16:40",5.21,93.22
David Jones,"09:28,12:22,16:19","11:36,15:12,16:36",5.26,73.55
Maria Jones,"09:25,12:28,14:24","11:31,13:29,16:34",5.3,71.89
Olivia Johnson,"09:02,11:02,14:02,17:28","10:16,13:00,16:42,17:58",6.38,67.6
Alice Martinez,"09:26,12:27,15:07,18:04","11:45,13:57,17:18,19:19",7.26,68.6
Emma Martinez,"09:11,11:22,13:52","10:32,12:31,15:34",4.21,54.34
David Williams,"09:16,11:45,13:57,16:57","10:45,13:02,15:47,18:47",6.43,55.2
Michael Williams,"09:28,13:30,16:30","12:20,15:56,16:52",5.68,54.62
Emma Johnson,"09:23,13:07,15:39","11:53,14:35,17:36",5.92,59.05
Michael Rodriguez,"09:10,12:27","11:14,14:55",4.55,56.97
Sophia Williams,"09:08,12:57,15:50,18:44","12:01,14:35,17:47,20:04",7.81,67.48
Robert Miller,"09:03,11:25,15:11","10:34,14:05,15:24",4.41,50.84
Robert Miller,"09:20,12:53","12:17,14:21",4.43,75.69
Olivia Garcia,"09:22,12:59,15:48","12:06,15:09,16:56",6.04,88.58
Emma Johnson,"09:27,12:54,15:15","11:53,14:20,15:25",4.04,81.16
Emma Jones,"09:21,11:54,15:50","10:56,14:40,16:45",5.28,58.58
Maria Davis,"09:21,11:35,13:42,16:10","10:32,13:04,14:55,18:01",5.75,92.23
Maria Miller,"09:29,13:31,16:33","12:26,15:49,18:05",6.79,91.22
Maria Davis,"09:30,12:29,16:15,18:48","11:38,15:10,17:43,19:23",6.87,90.65
Robert Johnson,"09:27,11:51,15:32,17:54","10:48,14:13,16:49,18:02",5.14,59.64
Robert Brown,"09:22,11:58,14:34,18:21","11:11,13:27,17:30,18:38",6.52,57.05
James Jones,"09:24,11:27,14:26,17:55","10:37,13:29,16:35,18:30",5.99,80.51
James Rodriguez,"09:19,11:51,14:46","10:57,13:45,16:10",4.95,64.39
Emma Davis,"09:00,11:57,14:48,16:57","11:05,13:34,16:13,18:30",6.68,90.98
James Miller,"09:28,12:00,14:17,16:57","10:59,13:39,15:46,19:10",6.87,51.5
James Williams,"09:28,13:31,15:55,19:18","12:15,15:00,18:10,20:20",7.55,53.24
Emma Davis,"09:04,12:51,15:35","11:51,14:30,16:24",5.25,59.94
David Martinez,"09:23,12:00,15:40","10:51,14:30,16:18",4.61,60.54
Maria Jones,"09:02,12:59,15:04,18:06","11:46,14:14,16:46,18:28",6.06,73.08
James Rodriguez,"09:25,12:47,15:43,18:05","11:48,14:27,17:05,19:08",6.48,87.71
Michael Jones,"09:19,12:02,15:00,17:34","10:55,14:13,16:51,19:04",7.14,89.11
Robert Miller,"09:11,12:16,14:36","11:10,13:38,15:56",4.69,78.48
Alice Smith,"09:25,12:10,16:02","11:02,14:49,17:03",5.29,83.6
Robert Garcia,"09:02,11:11,14:37,17:23,19:30","10:17,13:37,16:05,18:31,19:42",6.5,78.28
Emma Smith,"09:00,11:22,13:30,15:47,20:05","10:36,12:37,14:46,18:39,20:23",7.29,94.16
Maria Jones,"09:20,13:14,15:46","12:00,15:00,16:26",5.12,57.87
Michael Davis,"09:30,12:09,14:41","11:21,13:45,16:40",5.45,71.16
Olivia Brown,"09:22,12:59,15:04,17:16","11:59,14:22,16:36,17:35",5.87,76.47
John Johnson,"09:18,12:07,14:45,17:56","11:07,14:08,16:45,18:42",6.6,69.05
Robert Johnson,"09:03,12:44,16:41,19:38","11:44,15:38,18:50,19:44",7.85,57.33
Emma Garcia,"09:26,12:28,15:40,17:37,20:25","11:43,14:35,17:02,18:56,20:31",7.2,92.51
Maria Martinez,"09:06,11:14,13:15,17:22","10:27,12:27,16:13,19:21",7.53,56.54
David Brown,"09:29,12:54,15:47","11:37,14:43,15:52",4.04,76.97
Alice Smith,"09:30,12:58,15:16","12:16,14:20,16:00",4.88,75.24
Olivia Davis,"09:29,13:00,15:29,18:40","12:16,14:22,17:48,19:49",7.62,75.73
James Davis,"09:20,13:39,15:52,19:34","12:14,14:51,18:29,20:10",7.33,54.8
John Brown,"09:16,12:25,14:43,17:17,20:20","11:02,13:50,16:14,19:22,20:49",7.27,69.31
Sophia Johnson,"09:23,12:15,16:23","11:19,15:12,18:11",6.69,63.72
Maria Jones,"09:26,11:39,14:46,17:01,20:15","10:41,13:43,16:04,19:11,21:17",7.82,86.51
Robert Rodriguez,"09:15,12:49,15:04","12:00,13:54,16:16",5.05,67.82
John Miller,"09:00,12:42,15:53","11:50,14:39,15:54",4.8,77.31
James Smith,"09:29,12:35,15:15,17:25,20:22","11:18,14:27,16:24,19:20,20:31",6.91,90.86
Michael Jones,"09:01,12:19,14:39,17:53","11:27,13:32,16:49,19:16",7.21,86.39
David Davis,"09:05,12:38,15:38","11:42,14:24,15:56",4.69,54.35
John Johnson,"09:25,12:43,16:13","11:51,15:22,17:15",6.13,70.95
Maria Brown,"09:16,12:38,14:57","11:40,13:53,16:00",4.71,80.37
Robert Rodriguez,"09:24,11:35,14:29,16:52,19:08","10:49,13:53,15:40,18:05,19:57",6.94,80.71
Emma Rodriguez,"09:18,11:24,14:37,17:19","10:22,13:35,16:07,17:38",5.08,70.82
David Garcia,"09:18,12:46,15:14","11:30,14:24,16:27",5.05,78.19
Olivia Smith,"09:05,11:53,15:27,17:27","11:11,14:10,16:42,18:00",6.2,56.11
Sophia Davis,"09:19,13:16,15:49,18:24","12:15,14:20,17:16,18:27",5.5,99.76
Olivia Brown,"09:26,12:42,16:17,19:45","11:39,15:19,18:47,20:16",7.85,71.82
Olivia Martinez,"09:25,11:52,14:28","11:09,13:10,16:32",5.11,50.16
Maria Jones,"09:14,12:25,15:20,19:15","11:37,14:30,17:56,19:21",7.18,60.16
John Johnson,"09:05,11:39,14:04","10:26,12:44,15:54",4.28,97.49
Sophia Jones,"09:16,12:34","11:21,14:29",4.02,84.81
Michael Garcia,"09:23,12:12,14:51,16:57","11:12,13:54,15:58,17:29",5.18,69.42
Robert Martinez,"09:23,12:13,14:09,16:28","11:29,13:16,15:18,17:10",5.02,73.58
Emma Smith,"09:13,11:11,13:41,17:39","10:23,12:29,16:33,18:40",6.36,86.81
James Rodriguez,"09:24,12:29,15:21,17:31","11:34,14:25,16:42,18:40",6.61,51.97
Alice Davis,"09:00,12:04,14:23","10:54,13:39,16:03",5.16,51.25
David Davis,"09:06,11:51","11:06,14:16",4.42,83.34
Michael Williams,"09:15,11:20,14:20,17:35","10:25,13:19,16:35,17:42",5.53,71.55
James Davis,"09:13,12:07,13:45,16:58","11:21,13:08,15:45,17:43",5.91,76.6
Sophia Rodriguez,"09:07,13:02,16:48,19:00","11:55,15:55,18:03,19:02",6.97,84.91
John Miller,"09:20,11:41,14:59","10:52,13:59,15:51",4.71,94.67
Maria Rodriguez,"09:13,11:49,14:56","10:52,14:12,15:47",4.88,84.49
John Garcia,"09:13,13:08,15:45","11:48,14:25,18:12",6.32,71.14
Emma Jones,"09:12,13:01,14:58,17:48,20:17","12:09,14:02,16:57,19:11,20:48",7.86,76.16
Robert Davis,"09:08,13:00,15:15,19:09","11:43,14:33,18:09,19:47",7.67,78.19
David Jones,"09:13,11:30,14:20,17:57","10:19,13:35,16:39,18:11",5.74,53.33
David Williams,"09:07,11:16,14:16,16:26","10:09,13:33,15:31,17:59",6.13,54.53
Olivia Jones,"09:23,12:31,15:40,18:48","11:45,14:48,18:08,19:26",7.76,54.68
David Miller,"09:22,12:46,16:00","12:02,14:59,17:01",5.9,79.07
John Williams,"09:13,11:11,13:44,15:36","10:21,13:04,14:54,17:27",6.03,98.42
Michael Johnson,"09:25,12:10,14:19,16:51","11:21,13:35,15:52,18:58",7.02,78.36
Maria Smith,"09:24,12:30,15:12,18:21","11:19,13:48,17:27,19:19",6.44,51.39
Robert Jones,"09:24,12:06,14:30","11:03,13:27,16:22",4.87,92.39
Olivia Garcia,"09:14,13:10,15:04","11:48,14:22,15:44",4.45,80.98
Michael Jones,"09:07,12:05,16:06,18:02","11:22,14:56,17:12,19:21",7.53,81.38
Michael Garcia,"09:26,12:35,15:19,17:58","11:38,14:21,16:48,19:57",7.43,52.67
John Davis,"09:21,13:15,17:07","12:07,15:57,17:10",5.52,52.26
Michael Rodriguez,"09:15,12:58,15:33,18:01","11:45,15:01,17:20,19:28",7.79,95.66
Olivia Davis,"09:23,12:31,15:10,18:08","11:58,14:16,16:55,18:29",6.44,89.63
Olivia Miller,"09:17,12:27,15:28","11:16,14:22,15:58",4.41,77.13
Maria Miller,"09:29,12:32,16:09,18:18","11:29,15:07,17:19,18:23",5.85,83.41
Sophia Smith,"09:28,11:25,13:32,16:17","10:49,12:46,15:27,17:43",6.06,96.11
Robert Smith,"09:16,12:29,15:29,19:08","11:27,14:20,17:49,20:36",7.84,70.65
Emma Martinez,"09:24,12:11,15:37","11:04,14:34,17:20",5.77,75.29
Michael Davis,"09:04,12:35,15:56","11:18,14:37,17:28",5.81,97.66
Olivia Martinez,"09:08,12:28,15:59,18:51","11:21,15:10,17:25,19:12",6.71,60.65
Sophia Miller,"09:11,11:59,15:21","11:26,14:20,16:38",5.89,58
Michael Garcia,"09:27,12:27,14:43,17:20,20:07","11:15,13:56,16:16,19:34,20:59",7.94,90.05
James Brown,"09:05,12:12,15:30","11:16,14:48,16:33",5.84,88.18
Maria Garcia,"09:24,12:27,16:08","11:37,15:04,16:30",5.21,91.9
Alice Smith,"09:21,12:50,14:52,16:54,19:27","11:59,14:09,15:56,18:53,19:55",7.47,54.16
Emma Johnson,"09:10,11:58,15:29","10:36,14:17,17:01",5.29,79.7
Michael Garcia,"09:28,12:36,16:04,19:12","11:17,15:08,18:23,19:58",7.44,53.72
Sophia Smith,"09:06,11:47,15:01,17:46","10:39,14:06,16:40,19:28",7.22,79.37
David Miller,"09:29,11:27,14:53","10:41,14:02,15:37",4.53,53.84
Emma Martinez,"09:30,11:58","11:07,14:32",4.2,66.19
Maria Davis,"09:23,11:55,15:22,18:25","10:45,14:20,17:09,18:54",6.06,87.93
Olivia Davis,"09:03,10:42,13:54,17:13","10:05,12:28,16:04,18:09",5.91,85.32
Robert Williams,"09:16,13:17,16:05","12:09,15:16,16:57",5.74,93.97
Sophia Martinez,"09:17,12:32,15:13,17:51","11:44,14:28,17:08,19:31",7.98,53.63
Robert Rodriguez,"09:28,13:09,16:23","12:17,15:22,18:10",6.83,59.45
Olivia Martinez,"09:21,12:34,15:17","11:43,14:13,16:11",4.93,63.21
Maria Rodriguez,"09:00,10:48,13:13,15:34,19:00","10:10,12:09,14:20,18:07,19:59",7.17,90.23
Robert Jones,"09:01,11:15,15:01,17:27","10:07,14:09,16:39,18:03",6.24,54.76
Emma Smith,"09:11,11:01,13:48,16:51","10:27,12:38,15:35,18:21",6.18,50.87
Maria Garcia,"09:18,12:08,15:11","11:02,14:07,16:05",4.62,74.99
Emma Smith,"09:22,11:50,14:16,17:02","10:58,13:17,15:55,18:32",6.21,59.43
Robert Davis,"09:21,11:27,13:30,16:54","10:25,12:35,15:54,17:23",5.09,99.37
Alice Jones,"09:12,12:23,14:22","11:18,13:25,15:45",4.53,71.08
Maria Davis,"09:30,12:29,14:42,17:52","11:17,13:37,16:31,19:37",6.49,85.75
David Davis,"09:23,12:37,14:36,17:10","11:35,13:53,16:26,18:04",6.21,89.99
Alice Miller,"09:19,12:28,14:31,17:28,20:25","11:26,13:30,16:07,19:23,21:16",7.52,95.3
Olivia Garcia,"09:30,11:34,13:31,17:31","10:56,12:37,16:27,18:04",5.97,91.33
Alice Martinez,"09:01,12:26,16:16","11:08,15:13,18:22",7.01,56.95
Olivia Rodriguez,"09:16,12:15,15:03,17:59","11:08,13:53,16:58,19:02",6.48,86.37
Robert Martinez,"09:04,11:47,15:46","10:49,14:44,16:21",5.3,81.4
John Jones,"09:08,12:13,15:40,17:55,20:20","11:26,14:43,16:55,19:29,20:28",7.75,78.9
Emma Garcia,"09:26,12:49,15:42","11:48,15:08,16:35",5.58,98.54
James Smith,"09:24,12:09,14:16,16:42","11:18,13:24,15:49,17:06",5.1,90.41
Alice Davis,"09:24,12:30,15:01,17:23,20:55","11:32,14:01,16:11,20:03,21:14",7.8,80.58
David Rodriguez,"09:04,11:32,14:48","10:26,14:15,14:53",4.18,81.96
Emma Jones,"09:16,13:13,17:20","12:13,16:01,18:31",6.94,66.5
John Smith,"09:22,13:36,15:56,18:49","12:19,14:53,17:55,18:51",6.26,70.42
David Martinez,"09:29,12:56,15:44","11:57,14:55,16:40",5.39,63.04
Alice Miller,"09:10,12:35,15:07","11:19,14:04,15:37",4.13,82.93
Maria Martinez,"09:21,13:18,16:01,18:40,21:20","12:20,14:45,17:46,20:22,21:23",7.95,68.05
David Brown,"09:02,11:23,13:31,17:09","10:20,12:29,16:18,18:24",6.43,71.6
Alice Jones,"09:00,12:25,14:38,17:50","11:23,13:27,16:49,18:03",5.83,78.68
Robert Garcia,"09:06,12:56","11:51,14:41",4.51,60.27
Emma Miller,"09:13,12:34,15:51","11:19,15:03,17:36",6.33,84.81
Michael Davis,"09:19,12:27,16:10,18:03,21:04","11:09,15:18,17:14,20:06,21:12",7.94,56.28
Robert Brown,"09:24,13:04,15:37,18:41","11:53,14:30,17:50,18:48",6.25,75.73
Olivia Jones,"09:24,11:41,15:25,17:57","10:55,14:03,17:13,18:15",6,71.32
James Rodriguez,"09:28,13:17","12:21,14:39",4.25,61.37
Emma Davis,"09:09,11:32,14:27","10:23,13:52,17:04",6.19,53.89
Robert Smith,"09:24,11:12,13:41,16:15","10:25,12:52,15:19,18:20",6.42,53.38
Sophia Johnson,"09:09,11:09,14:16,16:26","10:12,13:10,15:17,17:28",5.13,62.47
John Martinez,"09:26,12:21,15:01","11:43,14:14,15:46",4.92,67.83
Olivia Martinez,"09:07,12:35","11:23,14:31",4.2,91.07
Emma Johnson,"09:06,12:53,16:32","11:53,15:40,18:12",7.24,54.37
James Davis,"09:26,13:22,15:26,18:39","12:25,14:34,17:41,19:44",7.53,64.21
Olivia Davis,"09:13,11:24,14:53","10:36,13:45,16:43",5.57,92.86
David Brown,"09:23,12:20,14:27,17:23","11:22,13:39,16:38,19:13",7.32,97.24
John Davis,"09:01,11:46,13:43,16:15","10:46,13:02,15:26,16:18",4.79,77.23
John Martinez,"09:16,13:26,17:04","12:14,16:21,18:11",7.01,70.25
Alice Miller,"09:17,12:30,15:14","11:57,14:03,16:20",5.33,79.59
Olivia Brown,"09:24,13:25","12:22,15:40",5.22,83.01
Michael Rodriguez,"09:06,12:14,15:36","11:27,14:33,16:29",5.56,82.44
Alice Williams,"09:03,11:23,14:59","10:31,13:55,15:11",4.21,78.92
Michael Brown,"09:02,11:46,14:23,16:53,20:05","10:33,13:17,15:41,18:45,21:22",7.48,66.28
David Davis,"09:24,13:21,16:48","12:04,16:08,17:01",5.67,65.51
Sophia Smith,"09:19,11:30,14:33","10:34,13:11,16:01",4.4,66.04
Alice Rodriguez,"09:09,11:22,15:01,17:58","10:15,13:44,16:55,20:25",7.83,69.8
Sophia Johnson,"09:15,13:12,16:51,19:21","11:59,15:53,18:02,20:34",7.83,84.94
David Smith,"09:24,11:50,15:19","10:45,14:20,17:04",5.61,60.92
Maria Smith,"09:06,12:30,15:48,17:43","11:36,14:30,17:06,18:42",6.79,64.47
Maria Davis,"09:11,11:44,13:42,17:42,19:39","10:35,12:57,16:39,18:51,19:41",6.76,91.47
Maria Jones,"09:19,12:15,15:47","10:52,14:30,17:16",5.29,97.2
Maria Smith,"09:11,12:14,14:19,17:45","10:56,13:22,16:48,18:04",5.68,75.15
Robert Miller,"09:20,12:18,14:36,16:46,18:41","11:31,13:35,15:53,17:48,20:20",7.44,86.7
Alice Johnson,"09:13,12:27,15:18","11:48,14:21,16:23",5.57,78.94
Michael Martinez,"09:06,12:16,15:39,18:02","10:59,14:48,16:57,18:46",6.45,98.3
Maria Rodriguez,"09:04,12:49,15:11,19:14","11:37,13:59,18:00,20:01",7.32,74.04
Sophia Rodriguez,"09:04,12:58,16:24","11:47,15:16,17:27",6.07,71.99
Alice Rodriguez,"09:19,11:51,16:02,18:34","11:12,14:47,17:13,18:59",6.43,94.75
Olivia Miller,"09:18,12:58,15:52","12:07,14:36,15:55",4.5,83.21
Michael Davis,"09:02,12:27,15:33","11:29,14:49,16:59",6.26,89.18
James Garcia,"09:03,12:58,16:34","11:51,15:39,17:16",6.2,62.65
David Rodriguez,"09:18,13:17,16:35","12:08,15:37,16:49",5.41,93.49
Maria Johnson,"09:29,13:37","12:22,15:33",4.83,59.67
Emma Smith,"09:16,11:23,14:06,17:09,19:14","10:30,13:03,15:56,18:18,19:23",6.04,76.95
Robert Martinez,"09:09,11:58,14:15","11:14,13:06,16:16",5.25,56.94
James Garcia,"09:02,12:14,15:37,18:20","11:23,14:38,17:38,19:10",7.6,79.79
Robert Smith,"09:06,12:57,15:40","12:00,14:51,16:21",5.49,93.22
James Garcia,"09:04,11:06,14:26","10:17,13:10,16:26",5.29,76.14
Maria Smith,"09:30,12:36,14:50,17:29","11:10,13:50,16:30,17:50",4.92,70.83
James Johnson,"09:02,12:48,16:30","11:26,15:37,16:48",5.53,81.17
Sophia Brown,"09:17,11:43,14:56","10:22,14:08,16:09",4.73,84.9
Sophia Smith,"09:15,12:43,16:13","11:56,15:21,16:31",5.63,62.19
Olivia Jones,"09:02,12:11,15:42","11:33,14:55,17:24",6.95,94.9
Alice Jones,"09:25,12:43,14:35","11:48,13:47,15:55",4.79,87.96
Maria Rodriguez,"09:16,12:00,14:14,17:51","10:59,13:01,16:57,18:04",5.68,73.91
Michael Jones,"09:12,12:20,14:37,17:05,19:36","11:28,13:32,16:27,18:52,20:21",7.85,66.81
Emma Brown,"09:05,11:54,14:58","10:56,13:57,17:15",6.2,61.5
Alice Miller,"09:07,11:44,14:18","10:49,13:00,16:00",4.67,56.01
John Davis,"09:05,12:04,15:59","10:59,14:56,18:50",7.62,65.09
James Miller,"09:17,12:42,15:46","11:18,15:02,16:11",4.78,84.32
Michael Garcia,"09:17,12:08,15:45","11:20,14:33,17:35",6.31,67.95
Olivia Smith,"09:03,10:58,13:45,16:50","10:19,12:45,15:45,17:41",5.91,92.08
Robert Williams,"09:27,11:51,14:15,17:30","10:30,13:20,16:40,18:47",6.24,51.88
Sophia Brown,"09:21,13:19,15:42,18:03,21:04","11:55,15:01,17:12,19:58,21:09",7.78,64.35
Robert Brown,"09:12,12:44,16:03","11:36,14:54,16:11",4.71,77.09
Michael Davis,"09:30,11:53,15:33,18:47,21:52","10:43,14:36,17:19,20:57,21:53",7.89,81
Alice Garcia,"09:22,11:50,14:47","11:01,13:40,16:24",5.11,76.55
Olivia Smith,"09:10,11:52,14:03,16:15","10:42,13:18,15:21,17:30",5.53,62.29
John Smith,"09:11,11:27,14:41,18:03,20:13","10:31,13:45,16:55,19:13,20:53",7.71,55.92
Sophia Davis,"09:19,11:58,15:27,18:22","10:45,14:24,17:12,19:41",6.94,95.92
Olivia Smith,"09:03,11:54,15:10","10:54,14:29,16:45",6.03,50.58
Alice Brown,"09:15,12:37","11:52,14:17",4.3,81.33
Emma Garcia,"09:09,11:15,15:23,18:15","10:25,14:06,16:57,19:19",6.75,61.16
David Davis,"09:18,13:26,16:02,18:46","12:06,15:04,17:57,20:11",7.78,95.56
Sophia Smith,"09:16,11:02,12:54,15:52","10:22,12:15,14:54,17:29",5.95,87.03
John Smith,"09:12,11:20,13:12,16:00,19:21","10:21,12:22,14:37,18:18,21:01",7.58,78.68
Maria Martinez,"09:28,11:41,13:21,15:18,18:06,20:24","11:07,12:46,14:23,16:47,19:35,20:28",6.81,78.68
Olivia Williams,"09:10,12:14,15:55","11:15,14:43,16:08",4.79,96.73
John Johnson,"09:24,11:14,13:34,15:49,17:53","10:31,12:26,15:06,17:11,20:26",7.78,85.55
Sophia Smith,"09:28,13:14,16:07,18:12","12:11,15:10,17:13,19:30",7.06,68.98
Michael Williams,"09:26,12:35,15:05,18:18,20:54","11:30,14:03,16:57,19:30,21:15",6.95,73.68
Emma Rodriguez,"09:21,11:46,14:25,18:03","11:00,13:21,17:16,18:23",6.43,82.92
John Brown,"09:05,12:04,14:10,17:45","10:53,13:16,16:50,18:09",6.07,75.32
Robert Davis,"09:00,11:49,15:24,18:02","11:15,14:41,16:46,18:49",7.28,77.63
Michael Davis,"09:22,12:05,15:23","11:12,14:27,15:53",4.71,72.41
Maria Jones,"09:22,13:06,16:51","11:48,15:40,18:10",6.32,90.27
Maria Garcia,"09:10,12:56,15:55","11:53,15:13,16:56",6.02,75.9
Maria Rodriguez,"09:09,11:45,14:28","10:41,13:48,15:47",4.91,82.93
Sophia Williams,"09:28,11:45,14:57,18:46","10:29,13:51,17:40,19:19",6.4,54.63
Maria Johnson,"09:29,12:11,14:33","11:30,13:23,16:11",4.86,86.95
Alice Martinez,"09:30,13:29,16:18","12:24,15:25,16:38",5.17,57.53
Sophia Jones,"09:25,12:07,14:54,17:19","11:11,14:00,16:06,19:46",7.31,90.28
Robert Jones,"09:12,11:57,16:01","11:04,14:43,16:46",5.39,94.58
Sophia Brown,"09:01,12:55,16:01","11:35,15:17,17:11",6.11,70.82
Robert Martinez,"09:11,10:54,13:18,15:52,18:51","10:17,11:58,14:49,17:58,19:49",6.76,55.13
Michael Miller,"09:17,11:45,14:22,18:24","10:30,13:28,17:14,18:58",6.37,77
David Brown,"09:09,12:09,15:07","10:53,14:17,15:31",4.27,82.43
Sophia Martinez,"09:27,11:19,14:10,17:38,19:47","10:29,13:20,16:32,19:00,19:54",6.91,83.08
Maria Johnson,"09:15,13:19,17:33","12:07,16:18,18:52",7.17,97.51
Olivia Jones,"09:08,12:47,15:46","12:06,14:51,16:21",5.62,70.12
Sophia Miller,"09:14,12:50,15:34,18:30","11:50,14:33,17:19,18:45",6.33,97.4
Sophia Davis,"09:12,12:10,15:26","11:30,14:16,16:38",5.61,78.89
Robert Martinez,"09:06,10:50,14:45,17:23,20:00","10:09,13:40,16:14,18:45,21:00",7.74,99.77
James Johnson,"09:05,12:48,15:09,17:33","11:59,14:01,16:22,19:16",7.05,94.25
Alice Johnson,"09:25,11:31,13:40,16:36,18:35,21:43","10:58,12:35,15:32,17:50,20:15,22:16",7.94,95.46
Alice Williams,"09:23,12:15,16:04,19:51","11:19,14:56,18:52,20:21",7.93,53.41
Sophia Garcia,"09:22,13:04,15:20","12:18,14:22,17:13",6.13,94.18
John Davis,"09:04,12:03,14:44,18:11","11:04,13:57,17:25,19:02",7.44,98.66
Robert Johnson,"09:07,12:29,14:32,18:19","11:17,13:35,17:10,19:22",6.97,57.61
Emma Williams,"09:19,12:20,15:00,18:28","11:28,13:54,17:36,20:06",7.95,87.69
Alice Johnson,"09:20,12:47,15:55","11:36,15:01,18:07",6.71,81.31
Robert Williams,"09:18,13:16,16:32","11:58,15:43,17:34",6.16,68.5
Maria Davis,"09:16,12:15,14:55,17:29","11:04,13:52,16:05,18:17",5.39,51.68
Olivia Jones,"09:06,12:41,15:29,17:58","12:02,14:42,16:59,18:22",6.86,54.95
Sophia Johnson,"09:04,12:10,16:13","11:23,14:59,17:19",6.23,97.39
John Garcia,"09:29,13:21","12:26,14:58",4.57,79.04
Sophia Davis,"09:14,12:19,14:49,17:08","11:34,14:16,16:04,19:00",7.4,95.91
Robert Smith,"09:11,12:58,15:39,17:52,19:55","11:31,14:46,16:43,19:02,21:31",7.97,94.05
Olivia Brown,"09:08,12:18,16:07,18:07,20:46","11:25,14:41,17:20,19:38,20:50",7.48,63.08
John Brown,"09:00,12:02,15:09","10:42,14:04,15:49",4.41,94.89
Robert Garcia,"09:23,12:31,15:09,17:29","11:53,14:02,16:23,17:53",5.66,71.98
Maria Brown,"09:15,13:09,17:12","11:46,16:02,17:13",5.42,50.45
Michael Davis,"09:01,12:46,16:15","11:45,15:30,17:25",6.65,78.34
Michael Jones,"09:15,12:02,15:28","11:01,14:46,15:57",5,68.39
Robert Jones,"09:17,11:32,13:30","10:22,12:44,15:31",4.31,61.14
David Johnson,"09:29,13:02,15:55","11:54,14:57,17:06",5.53,67.92
James Garcia,"09:25,12:44","11:55,14:15",4.03,54.68
Sophia Martinez,"09:10,11:54,14:31,18:11","11:00,13:32,17:07,18:12",6.09,94.1
James Garcia,"09:24,12:05,14:39","11:04,14:05,15:26",4.46,76.84
James Davis,"09:10,11:45,14:13,16:02","10:33,12:58,15:22,17:42",5.42,71.34
Michael Martinez,"09:17,12:53","12:04,15:05",5,60.06
Robert Davis,"09:17,12:49,16:47","12:00,15:48,16:51",5.78,79.05
Emma Jones,"09:16,12:10,13:51,17:23","11:08,13:18,16:24,19:14",7.41,76.77
Robert Rodriguez,"09:04,13:07,16:04,18:40","12:02,14:46,17:37,20:17",7.79,68.94
Olivia Johnson,"09:23,12:37,15:31","11:48,14:29,17:02",5.81,60.47
Maria Rodriguez,"09:05,11:10,14:47,18:19","10:09,13:38,17:39,19:31",7.61,87.56
Maria Smith,"09:03,12:14,16:02","11:05,14:51,16:36",5.22,60.75
John Brown,"09:00,10:58,14:11,17:16","10:10,12:54,16:14,17:59",5.88,55.63
Michael Smith,"09:06,11:24,13:32,17:02,19:56","10:40,12:31,16:04,18:44,20:03",7.03,76.33
Olivia Miller,"09:17,11:43,15:04","10:48,14:01,15:42",4.46,70.42
John Davis,"09:20,13:15","12:13,14:53",4.52,94.23
James Smith,"09:27,12:00,14:50","10:56,13:43,16:39",5.03,89.04
Olivia Johnson,"09:11,11:20,14:13","10:24,13:26,16:04",5.18,96.53
Sophia Jones,"09:06,11:43,14:26,18:00","10:21,13:26,17:21,18:32",6.43,98.19
Robert Williams,"09:21,12:39,14:42,18:11","11:50,13:43,17:03,18:48",6.52,86.95
Robert Rodriguez,"09:29,12:21,14:13,17:45","11:27,13:27,16:33,18:12",5.86,92.48
John Johnson,"09:04,13:10,16:02,19:28","11:49,15:03,18:36,20:03",7.8,59.12
Olivia Garcia,"09:10,11:08,15:12","10:11,14:07,16:20",5.13,80.78
Michael Jones,"09:10,11:59,14:49","10:57,14:04,17:17",6.34,62.13
Robert Johnson,"09:19,11:42,14:14,16:14","10:28,13:15,15:39,16:17",4.18,84.35
Robert Jones,"09:07,11:23,13:55","10:08,13:13,16:07",5.07,52.68
Olivia Davis,"09:03,11:25,13:33","10:23,12:34,15:49",4.77,61.72
Maria Brown,"09:17,11:21,13:16","10:38,12:32,15:10",4.44,67.07
David Martinez,"09:09,11:51,13:51,16:05","11:10,12:56,15:17,17:31",5.98,74.01
Alice Rodriguez,"09:26,11:35,14:19","10:49,13:10,15:37",4.27,91.71
James Garcia,"09:18,11:47,14:13,17:09,19:52","10:41,13:21,16:15,18:28,19:53",6.32,89.2
Michael Rodriguez,"09:11,11:49,15:12,17:46","10:54,13:47,16:44,19:38",7.09,62.8
Michael Martinez,"09:16,13:00,16:21","12:09,15:07,16:57",5.61,96.82
Robert Garcia,"09:07,12:04,14:48,18:25","11:04,13:52,17:22,18:39",6.56,80.87
Sophia Martinez,"09:27,12:13,15:09,18:07","11:13,14:02,17:07,18:59",6.42,55.83
Sophia Miller,"09:25,12:53,14:52,17:20","11:56,14:05,16:17,17:59",5.79,50.34
David Johnson,"09:16,11:48,14:43","10:18,13:31,16:30",4.54,67.44
John Miller,"09:11,12:21,15:10,18:32","11:13,14:29,17:30,19:27",7.43,78.5
Alice Rodriguez,"09:17,12:12,15:34,18:28,20:50","11:14,14:26,17:06,20:05,20:54",7.41,51.48
Maria Smith,"09:00,12:02,14:41,17:05","11:12,13:58,16:07,17:43",6.21,67.74
Alice Smith,"09:03,11:10,14:20,16:44","10:31,13:26,16:05,17:12",5.96,96.97
Sophia Jones,"09:11,11:06,14:38","10:19,13:54,16:20",5.64,59.36
Alice Williams,"09:02,12:41,14:55,17:19,19:38","11:39,13:48,16:16,18:33,19:54",6.59,56.13
John Garcia,"09:03,11:03,14:17,17:00","10:07,13:26,15:52,17:55",5.96,60.35
Michael Johnson,"09:26,12:14,15:42","11:38,14:44,17:46",6.78,54.27
David Williams,"09:00,11:24,14:11","10:03,13:00,17:11",5.66,67.63
Robert Brown,"09:11,11:27,15:30","10:15,14:18,16:28",4.89,66.06
Robert Williams,"09:23,11:22,14:44","10:42,13:53,15:24",4.51,96.13
James Brown,"09:24,11:51,14:50,18:20","11:00,14:11,17:14,18:37",6.63,82.88
Emma Smith,"09:13,11:54,14:25","10:37,13:36,16:17",4.98,52.85
Maria Martinez,"09:18,12:20,14:02,17:08","11:33,13:25,16:00,18:18",6.48,84.24
Sophia Jones,"09:02,12:33,15:18,17:42","11:20,14:32,16:42,17:52",5.85,78.59
John Davis,"09:03,11:41,15:05,17:21","10:27,14:30,16:13,19:31",7.52,54.11
Olivia Martinez,"09:08,11:22,14:02","10:18,12:45,16:14",4.76,71.2
Sophia Martinez,"09:21,11:46,14:40,16:56,19:23","10:27,13:27,16:06,18:29,19:54",6.3,51.48
Olivia Williams,"09:13,11:30,14:28,18:07","10:42,13:37,16:55,18:50",6.77,72.97
Sophia Garcia,"09:15,11:34,14:13,16:56","10:43,12:45,15:58,16:58",4.45,97.07
Maria Garcia,"09:07,12:12,14:45","11:08,13:43,16:46",5.57,85.43
Robert Garcia,"09:27,13:23,16:34","12:10,15:26,17:51",6.06,54.69
Sophia Johnson,"09:21,11:47,15:01,17:19","10:44,13:51,16:21,19:12",6.68,72.68
James Smith,"09:17,11:44","10:58,14:05",4.05,86.76
James Martinez,"09:22,13:04,15:58,18:08","11:57,14:59,17:08,18:46",6.32,52.88
Emma Jones,"09:03,12:37,15:36","11:38,14:28,18:04",6.91,82.11
John Smith,"09:03,12:22,15:10","11:38,14:14,16:52",6.16,78.1
Robert Williams,"09:05,11:58,14:28","11:02,13:47,16:10",5.47,56.7
David Jones,"09:05,13:25,15:43,19:35,21:46","12:03,14:30,18:20,20:48,21:47",7.92,70.04
Sophia Brown,"09:08,12:36,16:25","11:35,15:05,17:59",6.5,73.53
Robert Jones,"09:14,12:10,14:22,16:02","11:12,13:19,15:23,16:21",4.46,68.03
Olivia Garcia,"09:18,13:07,15:46,19:30","12:04,14:28,18:22,19:58",7.19,68.65
Alice Brown,"09:09,12:54","11:43,14:56",4.61,75.1
Emma Williams,"09:23,12:05,15:25,17:56,19:51","11:09,14:30,16:56,18:59,20:30",7.41,98.46
Michael Williams,"09:17,12:51,15:13,17:44,19:46","11:31,14:20,16:52,18:45,20:53",7.51,74.12
David Davis,"09:20,12:44,16:09","11:43,15:02,16:58",5.51,78.64
John Williams,"09:19,12:49,15:06","11:50,14:11,15:34",4.35,62.47
Robert Miller,"09:24,13:19,16:44,19:01","11:52,15:42,18:15,19:08",6.49,73.28
Maria Jones,"09:07,11:35,15:15","10:17,14:03,16:00",4.39,96.21
Olivia Smith,"09:06,11:48,15:03,17:44","10:53,14:01,17:05,18:30",6.8,89.24
James Smith,"09:21,12:37,14:45,17:01,20:59","11:42,13:59,15:48,19:43,21:05",7.57,96.86
Maria Smith,"09:24,12:17,15:40","11:20,14:34,16:49",5.37,82.13
Olivia Williams,"09:00,12:47,14:57,17:33","11:50,14:11,16:44,18:52",7.34,53.38
James Smith,"09:00,12:03,15:07,18:00","10:57,13:49,17:13,19:48",7.62,89.52
Olivia Johnson,"09:26,13:36,17:50","12:17,16:34,18:27",6.45,52.81
Michael Smith,"09:27,13:01,17:08","11:58,15:50,18:17",6.49,95.47
Emma Brown,"09:18,11:25,14:48,17:47","10:44,13:56,16:50,19:07",7.33,87.35
Emma Garcia,"09:18,13:13,16:17","12:11,15:10,16:39",5.21,74.31
John Rodriguez,"09:24,12:05,14:56,18:24,20:58","10:56,14:04,17:21,19:36,21:09",7.32,63.28
Sophia Johnson,"09:12,12:57,16:48","11:53,15:29,17:30",5.92,84.49
Maria Brown,"09:18,12:46","12:04,15:33",5.56,64.29
Robert Garcia,"09:12,13:11,17:01","12:08,16:01,17:36",6.36,85.16
Emma Rodriguez,"09:00,12:15,15:19","11:32,14:19,16:17",5.58,88.71
Sophia Martinez,"09:10,12:21,14:53,17:22,19:37","11:33,14:08,15:55,18:31,21:01",7.76,62.71
Robert Miller,"09:12,11:13,14:11","10:14,12:56,15:56",4.51,63.59
Olivia Davis,"09:28,11:29,13:45","10:38,12:50,15:39",4.42,85.96
Alice Jones,"09:06,11:06,14:15,17:04","10:06,13:05,16:17,18:59",6.94,96.46
Robert Miller,"09:09,11:29,14:36,17:43,19:53","10:33,13:57,16:43,19:04,20:26",7.89,80.85
James Garcia,"09:15,11:37,13:49,15:45,17:40,20:12","10:52,13:06,14:55,16:58,19:31,20:22",7.45,51.64
Alice Williams,"09:16,11:16,13:46,16:17,18:46,20:51","10:31,12:43,15:10,17:47,19:59,21:28",7.43,74.3
John Garcia,"09:03,12:45,15:12","11:59,14:18,16:24",5.69,90.37
John Brown,"09:15,13:06,15:52","12:06,14:58,16:21",5.21,72.11
Maria Miller,"09:10,11:55,14:19,17:31","11:04,13:17,16:31,18:12",6.16,71.36
Olivia Davis,"09:14,11:53,15:34,18:00","10:47,14:41,16:45,19:43",7.25,68.69
David Smith,"09:12,12:41,14:33,16:24,19:00","11:56,13:43,15:49,17:54,19:11",6.73,51.45
Maria Garcia,"09:11,11:21,15:01","10:19,13:43,17:02",5.52,63.19
Emma Martinez,"09:08,12:08,15:18","11:09,14:18,18:10",7.06,83.08
James Rodriguez,"09:07,12:01,14:57,16:49,20:02","10:48,14:16,16:01,19:03,20:28",7.67,57.64
David Jones,"09:25,12:09,14:58,16:52","10:53,13:52,16:07,18:15",5.72,90.49
John Brown,"09:22,13:14,16:53,20:04","12:04,15:29,19:20,20:10",7.51,57.97
Olivia Jones,"09:00,12:27,15:49","11:16,15:05,17:33",6.65,99.69
Alice Rodriguez,"09:29,12:00,15:39","10:46,14:22,18:18",6.31,91.9
David Brown,"09:29,12:19,15:03,18:56","11:00,13:42,18:03,20:13",7.2,64.72
Michael Martinez,"09:01,11:17,14:05,15:55,19:15","10:09,13:24,15:13,18:02,19:19",6.58,97.52
John Davis,"09:23,12:23,15:07,17:44,20:48","11:06,13:52,16:24,19:50,22:09",7.93,72.95
Olivia Davis,"09:11,11:02,15:18,18:09","10:18,13:51,17:15,19:52",7.61,52.03
David Garcia,"09:28,11:24,13:59,17:25,20:06","10:40,13:02,16:14,19:00,20:23",6.95,88.92
Michael Garcia,"09:12,13:27,17:01,19:22","12:10,15:54,18:19,19:34",6.92,54.5
James Williams,"09:22,12:22,15:21","11:09,14:30,16:22",4.95,95.26
James Martinez,"09:08,12:55,15:00","11:56,14:13,16:29",5.6,78.39
Sophia Jones,"09:30,12:49,16:33","11:55,15:30,18:30",7.05,94.1
Emma Brown,"09:04,12:25,15:51","11:09,15:00,16:11",5.01,62.67
Emma Johnson,"09:20,12:49,14:43","11:28,13:58,16:00",4.58,72.76
Sophia Smith,"09:27,13:35,16:04,18:16","12:17,14:56,17:05,18:30",5.44,77.36
David Miller,"09:16,12:32,16:12,18:48","11:47,14:48,17:35,19:32",6.91,58.7
Emma Brown,"09:14,11:57","11:19,14:06",4.25,95.43
Sophia Davis,"09:17,13:02,14:51,17:47","11:42,14:07,16:48,18:27",6.13,72.02
John Smith,"09:18,12:13,15:46","11:17,14:57,17:02",6,92.87
Olivia Garcia,"09:09,11:34,15:16","10:51,14:14,15:54",5,59.44
Robert Williams,"09:07,12:18,14:23,17:38","10:52,13:43,16:50,17:59",5.97,67.69
Michael Jones,"09:03,12:48,16:11","11:47,14:56,18:34",7.25,85.87
Robert Smith,"09:04,12:49","11:47,14:54",4.81,95.62
Emma Garcia,"09:07,11:35,14:48,17:38","10:30,13:40,16:17,18:16",5.59,88.68
Emma Brown,"09:23,12:45,15:34,18:31,20:27","11:51,14:31,17:27,19:50,20:52",7.86,58.35
John Johnson,"09:23,13:20,16:18","11:52,15:26,18:44",7.03,89.55
Robert Johnson,"09:27,11:18,15:27","10:37,14:16,16:46",5.46,94.92
Emma Rodriguez,"09:04,12:21,15:41,18:34,20:47","11:24,14:19,17:25,19:39,20:48",7.15,53.21
Maria Garcia,"09:18,11:24,14:46,17:57","10:24,13:51,16:51,18:53",6.57,96.38
Alice Rodriguez,"09:24,12:26,14:51","11:01,13:44,16:20",4.41,95.87
John Johnson,"09:09,11:48,14:48","10:50,14:07,14:52",4.07,61.39
Emma Rodriguez,"09:16,12:35,15:18,17:15","11:47,14:18,16:20,18:12",6.23,81.26
Michael Rodriguez,"09:28,12:28,15:58,18:32","11:48,15:14,17:31,19:29",7.62,69.32
Maria Jones,"09:11,12:44","11:41,14:14",4.01,85.1
Sophia Johnson,"09:24,12:16,15:21","11:23,14:36,16:29",5.46,54.08
Michael Davis,"09:10,12:25,16:10","11:23,14:58,17:27",6.07,73.08
Michael Brown,"09:12,12:08,14:37,17:49","11:25,13:11,16:30,18:56",6.27,68.37
Maria Williams,"09:15,11:15,13:04,16:34,19:06","10:15,12:23,15:38,18:01,19:44",6.79,72.37
Alice Smith,"09:01,12:42,15:27,17:56","11:31,14:54,17:05,19:00",7.4,56.5
James Jones,"09:02,12:56,15:53,18:50","11:48,14:43,17:44,19:36",7.17,59.05
John Brown,"09:09,12:16,15:28,19:32","11:30,14:17,18:18,19:55",7.59,80.86
John Jones,"09:07,12:15,14:00","11:31,13:16,15:22",4.79,97.27
Alice Rodriguez,"09:05,12:08,15:54,19:31","11:00,14:50,18:21,20:22",7.93,86.8
David Miller,"09:15,12:14,14:56","11:17,14:13,16:25",5.5,90.91
Emma Smith,"09:04,12:17,15:41,19:06","11:16,14:24,18:15,19:25",7.2,97.85
Michael Rodriguez,"09:16,12:58,16:15,19:28","12:01,15:11,18:09,20:20",7.73,64.97
John Miller,"09:10,12:36,15:53,18:03","11:52,14:54,17:09,18:16",6.5,66.58
Robert Brown,"09:10,11:52,15:00,18:11","11:04,13:59,17:06,18:25",6.37,99.95
John Johnson,"09:14,12:12,14:10","11:31,13:14,15:09",4.31,58.47
Michael Davis,"09:27,11:54,13:45,17:04","10:52,13:00,15:49,18:37",6.14,51.77
Emma Williams,"09:20,13:18","12:08,14:48",4.3,99.81
Olivia Johnson,"09:12,12:28,15:26,17:54,19:57","11:24,14:37,16:58,18:57,20:07",7.12,56.19
Michael Smith,"09:27,12:18,15:10","11:23,14:24,16:31",5.4,70.23
Alice Johnson,"09:29,11:43,15:07,18:39,20:46","10:39,14:08,17:46,19:54,21:12",7.93,83.41
David Rodriguez,"09:15,11:20,15:35","10:31,14:09,15:51",4.36,75.12
Alice Williams,"09:20,13:22,15:38,17:39","12:10,14:53,16:45,18:09",5.98,68.12
Emma Garcia,"09:26,13:12,16:49,20:10","12:11,15:55,19:03,20:27",7.99,86.82
Emma Johnson,"09:03,11:02,15:06,17:52,20:02","10:06,13:48,16:47,18:55,20:38",7.15,58.71
Michael Jones,"09:02,12:36,15:44,18:08","11:38,14:25,17:22,18:19",6.24,92.24
David Williams,"09:03,12:06,14:01,17:08","11:30,13:18,16:04,19:02",7.6,73.58
Sophia Miller,"09:30,12:56","11:52,14:38",4.08,62
Emma Johnson,"09:01,12:49,14:41,17:29","11:56,14:05,16:51,17:29",6.36,72.47
Sophia Johnson,"09:22,13:11,16:19,19:43","12:02,15:09,19:00,20:17",7.89,90.34
Maria Williams,"09:20,12:00,14:45,16:51,21:08","10:41,13:46,16:03,19:48,21:30",7.74,53.29
Sophia Johnson,"09:10,12:29","11:20,14:35",4.27,71.36
James Garcia,"09:13,12:41","11:52,14:25",4.39,91.81
David Brown,"09:07,12:58,16:20","12:02,15:13,17:53",6.72,74.48
James Johnson,"09:04,12:56,16:32","11:49,15:34,16:36",5.46,74.18
David Brown,"09:16,13:02,15:18","12:15,14:38,16:53",6.17,77.9
Sophia Jones,"09:18,12:24,14:15,17:17,20:37","11:12,13:27,16:19,19:33,21:08",7.81,66.28
Olivia Miller,"09:07,12:00,14:14,17:00","10:49,13:16,15:46,19:04",6.57,96.07
Maria Rodriguez,"09:03,11:56,13:44,16:15,19:03","10:55,13:01,15:29,17:34,19:33",6.52,71.05
David Brown,"09:29,13:07,16:43","11:54,15:49,16:49",5.22,65.63
Robert Martinez,"09:15,12:09,14:15,17:47","11:13,13:32,16:48,17:57",6.07,56.55
Emma Martinez,"09:08,11:29,14:37,17:59","10:15,13:51,17:10,18:53",6.95,52.36
Sophia Davis,"09:20,12:25,16:05","11:12,14:57,16:59",5.3,62.56
Robert Johnson,"09:22,11:30,14:34,17:09,20:11","10:24,13:17,16:09,19:10,21:11",7.43,59.56
Michael Brown,"09:07,11:15,14:12,16:36","10:20,13:08,15:29,18:55",6.71,72.09
Robert Johnson,"09:26,13:22,16:29,18:27","12:13,15:48,17:46,18:35",6.65,66.51
Alice Brown,"09:02,12:50,15:22","11:54,14:18,16:03",5.03,99.92
James Rodriguez,"09:21,11:29,15:19,17:57","10:21,14:07,16:37,19:33",6.54,81.7
James Garcia,"09:20,11:39,14:26","10:52,13:41,15:23",4.53,91.06
John Garcia,"09:20,13:33,15:50","12:17,15:07,17:15",5.95,69.28
John Smith,"09:13,13:23,16:05,19:38","11:54,15:13,18:32,20:26",7.77,79.8
Maria Davis,"09:22,13:22,16:49","12:12,15:52,17:55",6.45,55.76
Sophia Johnson,"09:02,12:51,15:23","11:37,14:25,16:04",4.85,86.92
Michael Smith,"09:26,13:10,15:34","12:09,14:23,17:26",5.8,99.01
Michael Jones,"09:03,11:31,14:30,16:40","10:41,13:30,15:44,18:40",6.86,94.27
Emma Garcia,"09:25,11:23,14:32,17:11,19:53","10:32,13:12,16:22,18:47,19:56",6.43,66.73
Michael Martinez,"09:07,11:54,13:58,16:11,18:46","10:39,13:08,15:09,17:25,21:30",7.92,66.82
James Miller,"09:06,11:17,14:39","10:43,14:03,14:50",4.57,70.11
Sophia Miller,"09:28,12:37,15:42","12:02,14:59,16:11",5.42,86.15
Olivia Miller,"09:05,11:23,15:10","10:33,14:07,15:42",4.74,57.02
Olivia Brown,"09:09,11:05,14:33,17:53","10:17,13:36,16:46,18:21",6.35,95.71
John Brown,"09:05,11:37,15:26","10:37,14:10,16:09",4.81,62.65
Alice Rodriguez,"09:18,12:39","11:53,14:08",4.07,57.99
Olivia Johnson,"09:25,11:49,14:53,18:53","10:34,14:03,17:52,19:27",6.94,90.36
Michael Smith,"09:23,12:51,16:27","11:51,15:20,16:29",4.99,91.76
Maria Williams,"09:25,11:25,13:53,16:33","10:43,13:02,15:24,17:07",5,73.84
Sophia Rodriguez,"09:29,12:37","12:03,14:23",4.35,76.38
Olivia Williams,"09:07,11:52,14:18,17:26,20:23","11:04,13:20,16:35,19:13,20:52",7.97,51.57
Michael Rodriguez,"09:30,11:40,14:58,17:29","10:44,13:34,16:21,19:54",6.94,65.3
John Smith,"09:05,13:05","12:03,14:08",4.03,96.71
Maria Jones,"09:18,12:53","11:56,14:22",4.13,91.18
David Miller,"09:14,13:24,16:30","12:11,15:24,18:33",7,89.13
Robert Brown,"09:23,12:08,14:18,17:25,21:21","11:09,13:25,16:13,19:58,21:33",7.72,75.22
Emma Williams,"09:16,11:20,13:54,16:41,20:32","10:39,13:00,15:40,19:35,20:46",7.96,98.65
Emma Johnson,"09:11,12:27,16:16","11:37,14:58,18:10",6.85,88.6
James Martinez,"09:23,12:11,14:26,16:41,19:41","10:54,13:54,15:30,19:07,20:22",7.42,72.81
Robert Miller,"09:26,12:40,16:09,18:03","11:29,15:11,17:28,19:35",7.42,88.9
Emma Williams,"09:10,12:09,14:35,16:34","11:11,13:43,15:48,18:11",6.43,66.89
Alice Garcia,"09:28,12:38,16:19","11:42,15:34,17:40",6.52,85.54
James Davis,"09:20,12:54,16:23","12:02,15:04,17:17",5.78,67.9
David Rodriguez,"09:21,11:18,14:32,17:18,21:08","10:26,13:11,15:51,19:46,21:13",6.84,56.91
Emma Martinez,"09:17,12:37,14:51","11:52,14:01,17:11",6.32,70.8
Olivia Williams,"09:09,11:19,15:17,19:11","10:09,14:00,18:00,20:16",7.49,72.56
David Brown,"09:17,12:22,15:14","11:24,13:55,16:38",5.08,72.1
James Smith,"09:26,12:05,15:02,17:25","11:31,13:59,16:25,18:58",6.93,59.11
James Williams,"09:29,12:33,15:49","11:19,15:03,16:40",5.19,65.87
John Smith,"09:18,11:53,15:47","10:51,14:42,15:54",4.5,91.17
Emma Brown,"09:01,11:19,13:47,16:47","10:19,12:55,16:05,17:39",6.07,99.96
Olivia Rodriguez,"09:16,11:40,14:49,16:38","10:23,14:12,15:50,18:06",6.15,60.22
Sophia Davis,"09:26,12:27","11:24,14:29",4.01,70.69
Alice Williams,"09:23,11:19,15:07,17:40","10:27,13:52,16:35,19:26",6.86,83.83
Alice Martinez,"09:15,12:20,14:47,18:40","11:26,13:32,17:29,19:55",7.34,93.99
John Brown,"09:23,11:29,14:07,17:41","10:30,13:20,16:12,18:06",5.48,96.58
John Smith,"09:11,12:10,15:37","11:02,14:38,15:42",4.41,72.07
David Williams,"09:29,12:19,14:55","11:21,13:51,15:37",4.11,68.68
Maria Williams,"09:04,12:14,15:05,18:13,20:25","11:15,14:15,16:48,19:29,20:35",7.36,61.15
Maria Martinez,"09:17,11:54,14:27","10:50,13:19,15:53",4.41,71.92
Sophia Garcia,"09:20,12:56,15:44","12:11,14:34,16:31",5.27,67.39
Robert Martinez,"09:26,12:29,15:41,18:06","11:32,14:48,16:53,18:37",6.14,63.06
Alice Brown,"09:29,12:21,15:08,17:14","11:27,14:08,16:11,18:20",5.91,74.14
James Smith,"09:22,11:19,13:40,16:45,19:14","10:36,12:27,15:25,18:10,20:28",6.77,78.73
James Davis,"09:19,11:21,14:18","10:48,13:21,15:46",4.96,96.96
Emma Smith,"09:18,11:31,15:38","10:47,14:23,16:57",5.67,66.58
Olivia Davis,"09:13,11:36,13:46,17:12","10:46,12:47,16:10,18:33",6.5,52.35
John Miller,"09:23,11:26,15:23,18:51","10:38,14:20,18:10,19:31",7.61,73.7
David Johnson,"09:00,12:51,16:13","11:53,14:48,16:41",5.31,88.31
Michael Martinez,"09:29,12:48,15:36","11:21,14:42,16:30",4.67,53.06
Emma Smith,"09:04,12:52,15:23","11:56,14:13,16:19",5.17,85.75
David Williams,"09:30,11:31,13:43","10:42,13:05,15:53",4.93,77.72
James Martinez,"09:01,11:31,14:34,17:58","10:24,13:37,16:37,18:02",5.61,83.96
Robert Rodriguez,"09:16,13:12,14:55","12:13,14:23,15:31",4.75,95.77
David Rodriguez,"09:14,12:49,15:40,18:47","11:33,14:39,17:46,20:21",7.82,95.09
Alice Davis,"09:20,11:45,14:46","11:04,13:47,15:34",4.57,76.23
Robert Smith,"09:16,10:57,14:07,17:38,19:44","10:17,13:17,16:37,18:56,20:19",7.74,89.88
Alice Williams,"09:03,12:58,16:28","11:58,15:20,16:37",5.44,75.91
Michael Davis,"09:30,11:59,15:08,18:17","10:53,13:44,17:33,19:52",7.14,91.96
James Jones,"09:11,11:47,14:47","10:36,13:46,15:45",4.38,85.86
James Jones,"09:30,11:44,15:01,17:24","10:41,14:00,16:22,17:24",4.81,62.87
Emma Davis,"09:03,11:14,14:05","10:19,13:15,16:04",5.28,79.51
Sophia Davis,"09:28,13:29,17:01","12:16,16:23,18:04",6.76,58.65
Maria Martinez,"09:01,11:25,14:20,17:02,19:48","10:07,13:30,16:13,18:49,20:36",7.66,56.47
Michael Miller,"09:29,11:35,13:57","11:03,12:58,16:05",5.09,83.94
Olivia Martinez,"09:11,11:13,13:36,15:37,17:57","10:21,12:37,14:48,16:59,18:44",5.93,97.97
Alice Johnson,"09:19,12:09,14:57","11:33,14:00,15:47",4.92,59.86
David Williams,"09:00,12:07,14:08,16:15","11:05,13:17,15:31,17:13",5.61,86.84
James Williams,"09:26,12:43,16:11","11:20,15:20,16:20",4.67,61.11
Olivia Johnson,"09:26,11:37,15:53","10:35,14:32,17:12",5.4,62.45
Emma Jones,"09:13,11:42,15:15","10:59,14:14,17:08",6.18,75.5
Alice Garcia,"09:03,12:37,14:50,18:36","11:41,14:15,17:33,19:22",7.76,73.13
James Brown,"09:02,11:56,13:41,16:39","11:05,12:56,16:08,17:30",6.36,74.19
John Johnson,"09:29,12:11,15:25","10:56,14:24,16:20",4.59,55.55
Michael Miller,"09:22,11:29,15:08","10:40,14:16,15:53",4.84,89.33
Olivia Miller,"09:26,11:51,14:34","10:55,13:20,16:36",5.02,53.56
Robert Smith,"09:30,13:19,15:46,17:45,21:14","12:13,14:38,16:48,20:19,21:15",7.66,72.3
Emma Jones,"09:00,12:30,15:43","11:25,14:40,16:19",5.19,59.39
Sophia Brown,"09:00,11:19,13:38,15:59","10:26,12:34,14:54,16:26",4.42,97.62
Olivia Martinez,"09:29,13:05,15:37","11:55,14:12,16:13",4.17,99.55
David Garcia,"09:07,12:30,15:04,17:13,20:02","11:39,13:54,16:22,18:54,21:05",7.97,58.9
Sophia Martinez,"09:29,11:53,14:06,17:58","11:18,13:05,16:57,18:01",5.92,59.71
Michael Garcia,"09:17,13:11,16:23","12:15,15:43,16:29",5.6,70.95
Robert Martinez,"09:18,12:03,14:29,16:53,19:47","11:19,13:14,15:37,18:34,20:20",6.58,74.66
John Brown,"09:03,11:46,15:03,18:48","11:02,13:51,17:42,19:16",7.19,72.99
Maria Rodriguez,"09:11,11:19,14:14,17:58","10:16,13:02,16:58,18:40",6.24,96.84
Sophia Williams,"09:27,12:10,14:59,18:04,20:24","11:17,13:54,16:57,19:15,20:59",7.31,57.47
Michael Jones,"09:25,12:56,16:42","11:56,15:53,17:33",6.32,56.16
Michael Williams,"09:14,11:37,13:28,15:41","10:24,12:48,15:01,16:12",4.43,83.96
Sophia Williams,"09:06,12:09,14:48,18:23,20:51","11:09,13:37,17:23,19:40,20:55",7.45,96.1
Olivia Martinez,"09:29,13:02","12:14,15:04",4.8,88.86
Olivia Martinez,"09:06,11:21,13:52,15:52","10:38,12:51,15:08,17:04",5.51,98.41
Sophia Jones,"09:26,12:50,15:52,18:09","11:48,14:50,17:09,18:25",5.93,62.26
Sophia Brown,"09:27,13:16,15:52","11:56,15:04,17:14",5.65,60.37
Maria Johnson,"09:09,12:04,14:26","11:10,13:42,15:45",4.97,63.04
John Miller,"09:03,12:53,15:18","12:00,14:05,16:15",5.11,93.05
Maria Davis,"09:16,12:36,16:00","11:52,14:35,16:06",4.7,76.69
Sophia Smith,"09:28,12:38,16:39","11:35,15:38,16:42",5.17,71.51
Sophia Davis,"09:29,12:59,15:33,17:55,20:13","12:10,14:23,16:35,18:59,20:21",6.32,61.26
Robert Davis,"09:07,12:52,16:30","11:45,15:10,17:47",6.23,68.16
James Johnson,"09:11,11:51,15:45","11:03,14:49,17:56",7.02,62.35
Alice Miller,"09:13,11:10,13:37,17:49","10:19,12:31,16:24,19:39",7.08,80.35
Sophia Brown,"09:17,13:07,15:40","12:08,14:19,17:18",5.69,72.51
Robert Martinez,"09:01,12:00,16:05,18:08","11:04,14:56,17:10,18:28",6.4,79.94
Robert Miller,"09:30,12:48,16:56","11:41,15:35,17:22",5.41,63.82
Emma Brown,"09:20,12:59,16:59","11:54,15:54,17:41",6.19,59.67
David Brown,"09:24,13:04,16:23,19:22","11:49,15:16,18:21,20:31",7.74,56.37
Michael Garcia,"09:30,12:20,14:49","11:43,13:47,16:39",5.5,94.29
Emma Brown,"09:08,11:30,13:20","10:39,12:42,15:35",4.98,95.34
Robert Williams,"09:08,13:10","12:03,15:45",5.51,89.13
Robert Brown,"09:05,11:22,14:06,16:53,19:41","10:19,12:59,16:03,18:33,20:08",6.93,62.83
Sophia Rodriguez,"09:30,12:36,16:33","11:33,15:34,18:07",6.58,63.21
Maria Davis,"09:01,13:06,16:17,19:23","11:44,14:57,18:14,20:35",7.73,95.44
Alice Jones,"09:23,12:23,15:58","11:39,15:22,16:29",5.77,62.34
John Garcia,"09:29,12:30","11:49,14:54",4.74,66.69
Olivia Miller,"09:02,12:40,15:36,17:37","12:01,14:38,16:47,18:07",6.64,56.01
Olivia Johnson,"09:23,13:04,16:00","12:09,15:12,18:13",7.12,87.82
Michael Davis,"09:04,12:56","11:35,15:12",4.79,61.99
Sophia Miller,"09:20,12:18,14:11","11:37,13:27,15:23",4.64,68.22
Sophia Johnson,"09:18,11:41,13:30,17:18,19:04,21:15","10:41,12:42,16:01,18:23,20:16,21:33",7.52,89.71
Sophia Johnson,"09:11,12:38,15:39,17:51","12:00,15:03,17:02,18:52",7.65,67.72
Alice Miller,"09:25,13:26,15:37,17:36","12:13,14:52,16:59,19:00",7.02,79.46
Michael Johnson,"09:09,12:23,14:52","11:25,14:10,16:42",5.9,72.42
Michael Jones,"09:07,11:24,13:20,16:14","10:11,12:43,15:35,17:38",6.04,87.38
John Johnson,"09:03,11:08,14:37","10:08,14:04,14:45",4.16,64.48
James Martinez,"09:24,12:23,16:14,18:25","11:15,14:57,17:16,18:37",5.65,91.31
Sophia Johnson,"09:24,12:32,16:14","11:28,15:26,17:46",6.51,84.94
James Rodriguez,"09:24,12:11,16:23","11:16,15:11,17:32",6.02,89.44
James Garcia,"09:03,12:00,14:47,18:24","10:48,14:02,17:25,18:48",6.83,52.54
Sophia Rodriguez,"09:10,11:02,14:15","10:20,12:57,16:44",5.58,58.48
Emma Davis,"09:00,10:51,13:43,16:01,18:54","10:05,12:38,15:11,17:38,20:36",7.66,56.13
Emma Davis,"09:27,12:44,15:52,17:56","11:41,14:58,17:03,18:26",6.16,56.89
David Smith,"09:06,10:52,13:22,16:13","10:06,12:23,15:20,16:16",4.53,86.49
David Williams,"09:16,12:55","12:00,14:51",4.68,70.79
Michael Garcia,"09:28,12:37,15:53","11:40,15:14,16:47",5.72,59.61
Sophia Jones,"09:18,11:55,15:34","11:06,14:25,16:37",5.35,86.95
Maria Rodriguez,"09:01,11:20,13:38,17:07,20:26","10:20,12:39,16:01,19:02,21:12",7.71,53.2
Michael Rodriguez,"09:05,11:45,15:59,18:51","10:34,14:34,17:45,19:24",6.62,68.66
John Williams,"09:00,11:25,13:38,16:50","10:31,12:31,15:50,17:10",5.16,62.16
David Rodriguez,"09:05,11:31,14:05","10:51,12:45,16:05",5,88.57
Sophia Smith,"09:02,12:31,15:03,17:51","11:16,14:16,17:01,18:09",6.25,60.19
Emma Rodriguez,"09:24,12:57","12:04,15:19",5.04,74.93
Maria Williams,"09:24,12:48,14:42","11:58,13:59,16:29",5.54,66.95
Maria Johnson,"09:10,11:31,15:18,18:00","10:58,14:20,16:50,18:40",6.82,97.09
James Garcia,"09:09,12:54,16:00","12:04,15:14,16:32",5.79,69.43
Robert Davis,"09:05,12:15,15:11,18:00,20:45","10:48,13:56,17:19,19:51,20:54",7.54,67.72
Olivia Miller,"09:02,11:57,14:46,17:56","10:46,13:21,16:55,18:25",5.78,77.69
James Jones,"09:21,12:51,15:54","12:09,15:07,17:41",6.86,86.8
Olivia Davis,"09:09,11:17,13:59,17:52","10:36,12:44,16:48,19:14",7.1,97.99
Michael Smith,"09:07,12:58,16:06,18:44","11:35,15:20,17:31,18:53",6.41,55.76
Sophia Smith,"09:15,12:43,16:01,18:05","11:48,15:00,17:02,19:40",7.44,61.76
John Miller,"09:30,12:50,16:12","11:28,15:01,17:09",5.11,76.81
Michael Smith,"09:30,11:58,14:18,16:49","11:24,13:28,15:54,18:37",6.8,78.18
Michael Garcia,"09:27,11:43,14:41","10:30,13:51,15:35",4.08,64.97
James Davis,"09:11,11:50,15:54,19:43","11:01,14:40,18:37,20:06",7.77,67.07
Michael Johnson,"09:08,13:26,16:05,18:07","12:01,15:17,17:19,19:47",7.64,60.27
Sophia Johnson,"09:30,12:16,15:03","11:20,13:58,16:25",4.9,70.11
Olivia Smith,"09:13,11:17,14:19,16:45,19:10","10:17,13:10,15:56,18:11,20:32",7.38,70.88
Robert Brown,"09:28,12:40,16:27","12:02,15:28,17:04",5.98,74.09
Olivia Brown,"09:20,12:55,15:24,19:02","11:42,14:34,18:12,19:29",7.28,63.1
Sophia Rodriguez,"09:08,11:24,13:59,17:32,19:51","10:37,13:00,16:32,18:53,20:07",7.25,90.77
Michael Smith,"09:00,11:09,14:41,16:48,18:55","10:08,13:53,15:54,17:51,20:06",7.32,51.06
Maria Smith,"09:10,12:55,16:32","11:45,15:28,18:58",7.58,77.16
Olivia Johnson,"09:05,11:37,15:07,18:46","10:32,14:07,17:42,19:15",7.03,50.11
Michael Jones,"09:08,11:29,14:01,17:35","10:31,12:47,16:52,18:49",6.77,95.65
David Rodriguez,"09:10,11:06,13:06,16:27","10:10,12:31,15:26,17:05",5.39,75.03
Alice Miller,"09:11,11:27,14:56,17:47","10:28,14:16,16:42,19:40",7.75,69.39
Alice Williams,"09:17,11:18,14:52,18:09","10:30,13:34,17:00,19:20",6.81,89.19
Maria Smith,"09:12,12:03,15:36","10:41,14:32,16:32",4.91,59.61
Alice Johnson,"09:29,11:51,14:14,17:45","10:34,13:14,16:39,17:58",5.12,76.71
Alice Johnson,"09:05,12:02,15:13,18:52","10:44,14:20,17:38,19:42",7.2,97.54
Maria Miller,"09:29,11:25,15:24,18:28","10:32,13:59,17:31,18:37",5.89,55.79
James Martinez,"09:23,12:58,16:48","11:58,15:52,17:40",6.36,72.73
John Johnson,"09:17,11:47,15:21,18:08,20:21","10:41,14:04,17:02,19:16,21:31",7.68,92.25
Emma Rodriguez,"09:16,12:53,15:54","11:51,15:02,16:42",5.55,88.35
David Williams,"09:03,11:47,14:04,17:41","10:38,12:55,16:34,20:07",7.65,78.61
John Jones,"09:20,13:16,15:04","12:17,14:16,16:12",5.09,67.3
David Jones,"09:28,11:45,14:46,17:17","10:30,13:36,16:31,19:27",6.81,69.19
Emma Rodriguez,"09:13,12:58","11:58,14:30",4.29,51.69
Olivia Jones,"09:21,12:48,15:15","12:13,14:14,16:38",5.7,79.77
Michael Martinez,"09:19,12:17","11:08,14:29",4.02,72.57
James Smith,"09:26,12:06,15:23,18:23,20:28","11:03,14:20,17:11,19:28,20:51",7.13,93.74
Michael Johnson,"09:00,12:13,14:23,17:04,19:09","11:20,13:33,15:53,18:14,20:43",7.9,91.62
Maria Miller,"09:15,11:06,13:52,16:59","10:15,13:12,15:53,18:37",6.76,71.09
John Rodriguez,"09:17,11:23,15:22","10:49,13:54,15:47",4.48,67.1
Sophia Garcia,"09:17,12:22,14:36,17:03,19:55","11:07,13:43,15:49,18:37,20:49",6.88,63.75
Robert Jones,"09:19,11:54,15:22","10:47,14:16,15:37",4.1,58.41
Robert Davis,"09:00,12:22,14:12,17:58","11:29,13:24,16:53,19:04",7.31,96.1
Michael Garcia,"09:04,10:47,14:24,17:31","10:04,13:25,16:39,17:35",5.96,93.85
Michael Johnson,"09:30,12:33,14:49,17:18","11:37,14:01,16:07,19:23",6.97,99.23
Emma Davis,"09:27,12:54,16:09,19:52","12:01,14:56,18:46,20:00",7.36,60.04
Sophia Martinez,"09:25,12:43,16:32","12:06,15:08,17:25",5.99,93.42
David Miller,"09:24,11:33,14:38,16:44","10:51,13:47,15:52,18:31",6.7,61.46
James Jones,"09:24,13:19,16:53","11:57,15:40,17:33",5.57,63.32
Robert Rodriguez,"09:00,11:56,14:42,17:42","10:52,13:39,16:33,17:56",5.68,63.08
Alice Davis,"09:01,11:31,14:53,16:46","10:08,14:05,15:55,17:20",5.29,84.25
Emma Rodriguez,"09:29,12:45","11:41,14:34",4.03,86.86
Alice Rodriguez,"09:25,13:13,15:49","12:13,14:50,16:10",4.78,99
Alice Davis,"09:26,13:01","12:03,14:44",4.34,55.15
Alice Miller,"09:12,12:42,15:12,18:40","11:35,14:01,18:07,19:31",7.47,73.31
Olivia Davis,"09:29,13:04,16:36","12:19,15:42,16:50",5.71,72.48
John Johnson,"09:14,12:23,15:16","11:25,14:06,15:56",4.57,91.69
Emma Garcia,"09:20,12:55,15:00","11:39,14:16,17:10",5.83,99.3
Emma Miller,"09:09,12:26,15:16,18:14","11:24,14:14,17:04,19:10",6.8,98.6
Maria Jones,"09:12,12:01,14:42,17:57","11:10,13:25,17:01,18:54",6.64,69.94
Robert Miller,"09:00,11:30,14:01,16:51","10:30,13:11,15:46,17:18",5.39,96.96
Olivia Williams,"09:16,12:48,16:35","11:51,15:48,17:37",6.63,61
David Garcia,"09:16,12:06,15:39","11:09,14:22,18:13",6.72,73.38
Maria Martinez,"09:17,12:50,15:16","11:27,14:10,16:32",4.78,80.62
Sophia Rodriguez,"09:12,11:34,13:55","10:14,13:13,15:26",4.21,79.14
Maria Jones,"09:25,13:16,15:53","12:05,15:05,16:29",5.09,66.02
Maria Martinez,"09:15,11:31,14:28,18:05","10:24,13:08,17:08,20:16",7.62,75.67
John Brown,"09:15,11:55,15:16,17:19","10:38,13:59,16:21,19:00",6.23,81.42
John Davis,"09:22,12:39,15:20","11:58,14:21,16:03",5.02,59.21
Maria Brown,"09:29,12:44","12:10,14:47",4.73,73.34
Michael Jones,"09:24,13:01,16:41","12:11,15:47,17:26",6.31,92.17
Olivia Williams,"09:17,12:20,14:31,17:43","11:14,13:35,17:09,18:13",6.34,72.38
Robert Smith,"09:26,11:19,15:10","10:29,14:08,15:35",4.29,77.51
James Johnson,"09:03,11:31,14:12,17:36","10:41,12:51,16:43,18:27",6.34,54.94
David Rodriguez,"09:02,11:13,13:22,15:50","10:06,12:34,14:49,16:29",4.53,91.34
Alice Smith,"09:06,11:52,15:41,19:19","10:49,14:28,18:11,20:14",7.73,59.01
Sophia Martinez,"09:04,12:27,16:09,19:24","11:16,14:54,18:27,20:25",7.97,52.86
Alice Martinez,"09:06,12:32,15:17,17:37","11:05,14:24,16:26,18:52",6.26,74.04
Emma Garcia,"09:22,11:22,14:17,16:30","10:26,13:21,15:36,17:27",5.33,69.68
Michael Jones,"09:24,13:20,16:32","12:14,15:19,16:42",4.99,61.81
Robert Rodriguez,"09:12,12:13,15:07","10:55,13:57,16:44",5.07,79.39
John Davis,"09:06,11:54,14:22","11:02,13:20,15:36",4.61,87.93
Sophia Davis,"09:14,12:42,16:27,19:05","11:17,15:38,18:15,19:17",6.99,92.9
Alice Rodriguez,"09:23,12:15,14:28,16:31,18:32","11:15,13:41,15:42,17:43,18:53",6.09,77.53
James Garcia,"09:15,12:39,15:07,18:39","11:20,14:13,17:41,18:45",6.32,73.73
Maria Jones,"09:26,12:31,14:30,17:22","11:16,13:51,16:41,18:29",6.48,73.48
Sophia Miller,"09:13,11:40,14:52","10:59,14:04,15:22",4.67,97.06
Emma Jones,"09:28,12:41,16:58,19:18,21:15","11:29,15:38,18:20,20:32,21:34",7.89,90.28
Robert Martinez,"09:09,12:01,15:26","11:10,14:24,16:45",5.73,63.19
John Smith,"09:22,12:32,14:59","11:25,14:15,16:11",4.97,98.08
Michael Williams,"09:02,13:04,16:51,19:53","11:53,15:59,18:44,20:01",7.79,96.17
Michael Miller,"09:10,11:57,15:11,17:14","10:45,14:13,16:17,17:28",5.19,65.43
Emma Garcia,"09:10,13:02,15:06","11:47,14:13,15:34",4.28,85.04
John Williams,"09:05,12:14,15:13","11:09,14:00,16:32",5.15,80.03
Robert Davis,"09:07,12:07","11:08,14:26",4.34,95.65
James Davis,"09:06,12:11,15:56","11:09,14:44,17:06",5.77,55.68
Michael Rodriguez,"09:06,11:40,14:07,18:00","11:00,13:19,16:58,18:59",7.39,92.13
David Williams,"09:07,11:21,14:47","10:30,13:45,17:03",6.06,56.98
Michael Johnson,"09:12,11:23,13:42,15:51,18:53,21:23","10:27,12:28,15:02,17:37,20:15,21:26",6.86,67.54
Emma Smith,"09:18,12:29,15:31","11:08,14:18,16:57",5.09,92.57
Olivia Smith,"09:05,11:46,14:59","10:29,13:43,17:22",5.75,85.45
David Johnson,"09:14,12:55,16:06","11:54,14:59,16:27",5.1,87.59
Maria Jones,"09:10,12:00,15:09,17:11,19:22","11:23,14:19,16:14,18:44,20:03",7.86,65.29
Maria Jones,"09:21,11:52,15:33,18:01","10:59,14:44,17:00,19:28",7.41,92.47
John Davis,"09:22,13:07,16:07,19:27","12:12,14:49,18:20,20:05",7.39,68.34
Maria Miller,"09:29,13:19,15:49,18:37","12:20,14:33,18:01,20:08",7.81,58.82
Robert Garcia,"09:12,11:37,15:28,17:20","10:35,14:27,16:36,17:57",5.97,66.61
Emma Davis,"09:15,12:12,15:16","11:07,14:15,15:56",4.6,77.17
James Williams,"09:12,11:43,15:03,18:07,20:55","10:39,14:06,17:01,19:43,21:18",7.79,82.18
Olivia Williams,"09:09,11:39,14:19","11:03,13:10,16:43",5.82,82.9
John Davis,"09:06,13:10,15:04,17:06,19:21","12:03,14:22,16:10,18:38,19:54",7.34,63.86
James Brown,"09:19,12:48,15:39","11:45,14:41,18:20",7,80.06
Maria Johnson,"09:30,12:32,15:25,17:55","11:32,14:33,16:56,19:58",7.62,77.45
Maria Johnson,"09:03,12:15,14:55,17:48,20:32","10:58,13:31,16:47,19:42,20:36",7.02,52.59
Alice Davis,"09:27,12:46","12:09,14:07",4.06,82.84
David Johnson,"09:29,12:37","11:18,14:54",4.1,56.34
Maria Garcia,"09:15,12:04,15:45","10:40,14:34,16:24",4.57,96.95
David Jones,"09:21,13:14,15:14","12:13,14:30,16:07",5.02,82.66
David Brown,"09:27,12:50","11:43,14:46",4.21,93.99
Michael Davis,"09:18,12:02,15:03,18:24","11:11,14:00,17:33,18:50",6.8,88.35
John Williams,"09:17,12:46,15:21","11:29,14:32,16:07",4.75,98.54
Olivia Miller,"09:13,12:52,16:37","12:00,15:46,18:55",7.99,73.88
Maria Martinez,"09:25,12:05,15:27,18:19,21:29","10:56,14:13,17:05,20:21,22:06",7.93,78.11
Emma Smith,"09:06,11:18,13:48,16:57","10:27,12:30,15:48,17:02",4.65,59.96
James Garcia,"09:03,11:31,15:03","10:47,14:05,15:20",4.6,56.21
John Williams,"09:08,12:43","11:43,15:02",4.91,79.22
Emma Johnson,"09:25,11:34,13:32,17:05","10:41,12:37,15:42,18:02",5.44,99.97
Maria Garcia,"09:28,12:33,16:14,18:47","11:39,14:58,17:56,19:21",6.87,51.25
Maria Davis,"09:21,12:13,15:06","11:24,13:49,16:43",5.27,84.79
Maria Johnson,"09:20,12:31,16:27,19:08","11:32,15:25,18:05,20:21",7.96,89.73
Sophia Brown,"09:09,12:50,15:24","11:54,14:24,16:54",5.83,95.35
James Miller,"09:02,12:19,15:49","11:39,15:03,17:10",6.7,89.32
Sophia Jones,"09:26,11:19,14:29,17:52","10:31,13:28,16:54,18:38",6.42,69.23
Alice Garcia,"09:04,11:48,15:02","11:07,14:23,15:46",5.38,99.83
Maria Brown,"09:23,11:57,14:57","11:09,13:52,15:27",4.2,59.76
Alice Davis,"09:28,11:33,15:31","10:37,14:22,16:55",5.38,80.08
Michael Rodriguez,"09:03,12:16","11:17,14:02",4,56.61
Robert Johnson,"09:03,12:05,15:02","11:26,14:18,17:32",7.12,60.32
Maria Williams,"09:01,11:12,13:41,15:32,17:47","10:23,12:27,14:53,17:01,18:59",6.51,62.74
Olivia Smith,"09:03,11:01,14:45,17:36","10:04,13:44,16:35,18:44",6.7,69.66
James Jones,"09:29,12:21,14:14,16:27,18:31","11:23,13:34,15:32,17:27,19:05",5.99,97.18
Sophia Garcia,"09:28,13:10,15:14","11:43,14:17,16:59",5.13,60.88
Emma Smith,"09:30,11:40,15:11","10:40,14:15,17:02",5.61,74.57
Alice Johnson,"09:06,11:11,14:52,17:15,20:13","10:30,13:53,15:55,19:08,21:01",7.83,96.01
Sophia Rodriguez,"09:08,12:47","11:50,15:26",5.36,51.76
David Johnson,"09:27,12:50,15:21","12:04,14:31,17:33",6.51,87.17
Olivia Rodriguez,"09:04,11:22,15:10,19:15","10:10,13:57,18:05,19:46",7.12,53.52
Robert Davis,"09:18,11:19,14:04","10:35,13:06,15:07",4.13,66.02
Maria Davis,"09:23,12:20,15:33,18:32","11:37,14:23,17:30,19:42",7.42,99.28
David Miller,"09:06,12:22,15:51,18:29","11:15,14:42,17:37,18:34",6.34,69.01
Maria Smith,"09:23,12:36,15:37","11:28,14:30,16:27",4.83,69.15
Sophia Davis,"09:14,12:03,15:16,18:16","10:59,14:38,16:55,20:04",7.78,73.98
John Brown,"09:30,13:20,17:07","12:16,15:54,17:08",5.36,64.76
James Martinez,"09:03,10:56,12:56","10:04,11:58,15:21",4.48,50.15
Maria Johnson,"09:01,11:29,15:05","10:46,14:02,15:46",4.99,50.15
David Brown,"09:29,12:28,15:11,18:21,20:33","11:28,14:15,17:09,19:25,20:46",7.02,77.16
John Garcia,"09:28,12:59,15:53,18:30","11:37,14:59,17:22,19:06",6.24,72.55
Olivia Martinez,"09:10,11:37,15:31","10:36,14:23,16:01",4.7,79.61
James Miller,"09:26,12:55","11:41,14:45",4.09,81.34
James Garcia,"09:19,12:18,15:35,18:49","11:06,14:31,17:57,19:40",7.23,98.63
Olivia Miller,"09:27,12:20","11:37,14:29",4.33,57.56
Sophia Smith,"09:16,12:25,16:02","11:36,15:18,16:08",5.33,55.05
Alice Smith,"09:12,11:52,15:07","10:51,14:05,15:39",4.4,96.01
Sophia Jones,"09:09,12:25","11:33,14:30",4.5,84.21
Emma Davis,"09:12,12:12,16:33,19:06","10:51,15:10,17:45,20:30",7.22,75.21
Maria Williams,"09:08,12:53","11:54,14:32",4.43,77.96
Michael Smith,"09:28,11:28,14:04,17:50","10:41,12:36,16:48,19:08",6.39,50.95
David Jones,"09:18,13:22,16:35","12:16,15:35,17:36",6.2,86
Olivia Brown,"09:11,11:46,14:11,17:04,19:42","10:38,13:36,16:08,18:23,19:57",6.81,85.43
Robert Garcia,"09:22,12:04,15:49,18:14","11:04,15:02,17:02,18:22",6.02,89.68
Alice Davis,"09:04,10:59,14:14","10:11,13:20,16:16",5.52,81.93
Alice Rodriguez,"09:03,12:23,14:44,18:26,20:45","11:18,13:29,17:02,19:53,20:57",7.3,75.5
Michael Williams,"09:12,12:09,14:59,17:53","11:32,13:57,17:08,18:07",6.53,59.16
James Smith,"09:03,12:09,14:56,17:56,20:28","11:22,13:48,17:04,19:19,20:28",7.49,65.78
John Rodriguez,"09:13,11:39,13:53,16:23,20:12","10:44,12:40,15:37,19:14,20:31",7.44,99.22
Michael Davis,"09:13,12:56,15:31,19:09","11:33,14:17,18:08,19:47",6.94,94.14
Michael Smith,"09:26,12:35,15:10,17:32","11:17,14:26,16:58,18:40",6.65,94.26
Michael Brown,"09:21,12:17,15:12,18:28","11:03,13:51,17:31,18:31",5.65,66.48
Maria Garcia,"09:03,11:29,14:38,17:34","10:30,13:21,16:37,17:48",5.54,99.96
John Martinez,"09:19,11:20,13:18,16:41","10:23,12:24,15:55,17:20",5.4,89.27
Emma Smith,"09:02,12:37,16:55,18:48","11:51,15:33,17:55,19:11",7.13,66.27
David Williams,"09:20,12:22,16:20","11:20,15:13,17:41",6.2,90.69
Maria Rodriguez,"09:00,11:38,13:35,15:41,19:14","10:09,12:57,14:58,18:20,19:15",6.53,68.67
Alice Martinez,"09:20,12:01,15:42,17:58,20:57","11:23,14:24,16:53,19:39,21:18",7.66,62.33
Olivia Martinez,"09:15,11:53,14:49","10:59,13:57,16:18",5.29,98.68
Olivia Miller,"09:20,11:41,13:44,16:38,19:38","10:37,12:55,15:38,18:30,20:14",6.89,54.09
Robert Rodriguez,"09:07,11:10,14:56,18:19","10:27,13:32,17:25,20:07",7.99,52.68
Michael Davis,"09:00,12:07,15:49,18:15","11:08,14:55,17:04,18:36",6.54,95.6
Robert Davis,"09:04,11:44,14:49,17:41","10:51,13:35,16:30,19:08",6.78,51.36
Olivia Jones,"09:28,12:03,14:49,18:06","11:26,13:38,17:03,18:44",6.43,50.78
Olivia Jones,"09:00,10:50,13:28,16:45","10:01,12:46,15:43,18:05",6.54,51.47
Alice Brown,"09:02,12:15,15:06","10:58,14:29,16:58",6.04,81.81
Robert Jones,"09:10,12:04,14:01","11:23,13:16,15:16",4.67,54.75
Olivia Davis,"09:23,12:09,15:09,19:17","10:55,14:06,18:00,20:49",7.88,60.59
Michael Rodriguez,"09:26,13:08","11:49,14:48",4.07,82.3
Olivia Brown,"09:04,10:54,13:14,15:42","10:15,12:25,14:54,16:55",5.59,62.95
Alice Miller,"09:22,13:14","12:12,14:38",4.24,99.03
Michael Davis,"09:06,12:41,16:35","11:46,15:29,17:45",6.64,91.94
Michael Williams,"09:19,11:27,14:50,18:47","10:30,13:29,17:49,20:23",7.82,73.44
Emma Garcia,"09:07,12:59,16:24,18:38","11:47,15:25,17:44,19:15",7.05,95.63
John Davis,"09:15,12:02,14:04","11:12,13:11,15:08",4.17,63.2
Robert Davis,"09:03,12:31","11:15,14:20",4.02,85.14
Olivia Jones,"09:16,11:33,14:55,16:58,18:59","10:36,13:54,16:14,18:18,19:24",6.76,75.71
Maria Jones,"09:04,12:28,15:35","11:14,14:40,16:47",5.58,58.39
Olivia Johnson,"09:16,11:24,15:24","10:46,14:20,16:15",5.29,91.86
Robert Brown,"09:23,12:41,15:56","11:29,14:48,15:59",4.28,74.97
David Johnson,"09:00,11:30,15:06","10:41,14:18,15:25",4.81,68.86
David Rodriguez,"09:26,11:35,15:13","10:28,14:13,16:27",4.91,89.03
Alice Brown,"09:11,11:51,14:25,16:53,19:33","10:47,13:23,15:59,18:17,20:55",7.48,52.52
Sophia Johnson,"09:18,11:58,15:57","11:05,14:29,18:23",6.73,94.21
David Jones,"09:16,12:40,16:48","12:01,15:33,18:33",7.4,56
John Miller,"09:20,12:03,14:57,18:21","11:02,13:50,17:34,18:58",6.73,94.32
Michael Williams,"09:16,12:35,15:30","11:36,14:35,18:10",7,84.1
Sophia Martinez,"09:14,12:26,14:49,17:56","11:25,14:11,17:11,19:03",7.42,73.04
Michael Williams,"09:04,11:46,14:31,17:26","10:57,13:21,16:14,18:04",5.83,81.3
Robert Jones,"09:09,12:28,16:25","11:22,15:15,18:18",6.89,61.6
John Williams,"09:26,13:09","11:50,15:16",4.52,55.66
Robert Johnson,"09:16,11:59,14:35,16:44,19:21,22:17","10:51,13:30,15:39,18:21,20:54,22:33",7.61,78.28
Michael Martinez,"09:30,11:31,15:01,18:53","10:43,13:55,17:53,20:01",7.62,97.41
Sophia Rodriguez,"09:15,12:45,15:58,19:23","11:42,15:00,18:23,19:33",7.29,99.6
Alice Johnson,"09:16,13:13,16:11","11:58,15:28,17:13",5.99,81.7
Emma Brown,"09:15,11:55,13:54,16:26,18:33","11:13,13:18,15:16,17:28,18:44",5.93,88.52
Alice Johnson,"09:30,13:08,16:09,19:14","12:16,15:13,17:55,19:47",7.18,65.36
Sophia Williams,"09:12,12:06,16:03,18:34","11:10,15:05,17:31,18:34",6.43,89.49
Olivia Miller,"09:16,11:49,15:15,17:26","10:48,14:08,16:41,18:29",6.34,91.73
Alice Garcia,"09:30,11:34,14:18,17:43","10:38,13:07,16:45,18:15",5.68,83.32
John Johnson,"09:17,12:09,15:39,18:17","10:40,14:37,17:29,18:48",6.21,73.42
Sophia Miller,"09:21,12:52,15:38","11:35,14:55,17:09",5.8,69.47
Alice Brown,"09:17,12:27","11:20,14:44",4.34,86.52
Olivia Rodriguez,"09:09,11:20,14:41,18:10","10:35,13:26,17:08,20:07",7.94,87.17
Olivia Johnson,"09:19,11:10,13:37,17:11","10:24,12:39,16:15,17:49",5.84,64.35
John Jones,"09:03,11:31,13:27,16:00,19:32","10:29,12:57,15:14,18:34,19:36",7.29,69.08
Sophia Williams,"09:18,12:31,16:12","11:19,15:05,18:05",6.48,62.77
David Johnson,"09:01,10:55,13:14,15:59,19:10","10:02,12:20,14:57,17:40,19:32",6.2,90.04
Robert Smith,"09:21,11:53","10:46,14:38",4.17,73.2
Alice Miller,"09:19,13:03,16:18,19:44","11:45,15:27,18:23,19:54",7.09,70.74
Olivia Miller,"09:29,12:54","12:13,15:29",5.33,99.14
Sophia Davis,"09:17,12:48,14:56","12:01,13:56,15:26",4.38,85.61
Michael Davis,"09:01,12:53,14:47,16:57,20:03","11:44,14:02,15:47,19:00,20:18",7.17,69.67
Sophia Rodriguez,"09:29,12:05,16:14","11:17,15:01,18:26",6.94,84.42
Alice Garcia,"09:08,12:30","11:40,14:31",4.56,98.05
James Williams,"09:25,13:11,15:23","12:20,14:20,16:10",4.86,85.34
Emma Davis,"09:17,13:08,15:25,18:32","11:47,14:51,17:12,20:07",7.59,77.11
David Jones,"09:17,12:15,14:50,18:09","11:44,13:46,17:21,19:03",7.39,81.35
David Rodriguez,"09:28,11:57,15:13,18:01,20:12","11:02,14:14,17:01,19:11,20:52",7.5,92.31
Robert Rodriguez,"09:06,11:25,15:40,19:42","10:29,14:13,18:29,19:43",7.02,66.59
Maria Brown,"09:04,12:22,15:52,19:07","11:14,14:38,18:13,19:46",7.44,54.8
Alice Davis,"09:19,12:41,16:20","11:49,15:34,16:51",5.91,61.57
Maria Miller,"09:02,12:32,15:32,17:46","11:34,14:38,16:55,17:46",6.02,73.89
Michael Davis,"09:04,12:13,15:15","11:05,14:13,17:28",6.23,58.73
David Johnson,"09:11,11:15,14:06","10:21,13:05,15:10",4.07,70.13
Sophia Williams,"09:03,12:21,15:00","11:18,13:41,15:38",4.22,60.5
Robert Davis,"09:21,11:19,14:01,17:14","10:32,13:14,16:30,17:40",6.03,60.23
Robert Johnson,"09:18,11:47,14:02,16:39","10:42,13:08,15:23,17:13",4.68,86.65
Emma Williams,"09:12,11:35,14:00,17:30,19:16","11:03,12:51,16:12,18:45,19:47",7.09,74
Robert Johnson,"09:15,12:41","11:31,14:34",4.16,89.4
John Williams,"09:16,13:24,17:27","12:05,16:17,19:40",7.92,60.61
Sophia Rodriguez,"09:18,12:02,13:55,16:35,18:45,20:51","10:53,13:04,15:21,17:57,19:51,22:15",7.92,90.12
Emma Williams,"09:30,13:07,15:10","12:14,14:08,15:29",4.07,63.84
Olivia Jones,"09:09,11:50,14:58","11:17,14:01,15:19",4.67,85.73
Olivia Jones,"09:06,12:07,15:59","10:48,14:44,18:10",6.5,50.95
John Williams,"09:17,11:47,14:15,17:55,20:12","10:37,13:07,17:07,19:31,20:16",7.21,84.89
Alice Rodriguez,"09:25,12:46,15:51,18:48","11:43,14:50,17:52,19:27",7.04,86.32
Robert Garcia,"09:18,11:35,14:29,17:11,19:39","10:26,13:24,16:27,18:41,20:38",7.41,64.3
Maria Martinez,"09:11,11:50,14:22,17:23","10:37,13:28,16:14,18:52",6.42,72.66
Robert Davis,"09:16,13:14,16:30,18:16","12:00,15:33,17:33,18:17",6.12,64.75
John Johnson,"09:10,11:35,13:59,16:53","10:13,13:03,15:27,17:35",4.7,92.18
David Smith,"09:15,11:37,14:50,17:37,20:03","10:44,14:04,16:31,18:53,20:22",7.21,75.94
Sophia Rodriguez,"09:14,13:02,16:18,19:57","11:39,15:25,19:05,20:09",7.8,79.1
Olivia Davis,"09:15,13:00","12:04,15:35",5.4,97.73
Alice Brown,"09:12,12:36,16:14","11:34,15:02,16:42",5.28,98.01
David Garcia,"09:30,13:25,16:07","12:22,15:20,18:30",7.18,84.21
Maria Smith,"09:26,13:40,17:30","12:24,16:37,19:08",7.56,93.36
Olivia Miller,"09:07,12:20,15:30,18:06","11:12,14:36,17:03,20:00",7.81,50.5
David Jones,"09:10,13:21,15:20,17:40,19:41,21:35","12:06,14:30,16:28,18:46,20:46,22:08",7.97,66.86
John Brown,"09:27,11:31,14:18","10:38,12:53,15:49",4.08,88.24
Emma Garcia,"09:30,12:08,15:18","11:35,14:08,15:59",4.78,79.49
John Jones,"09:26,13:23","12:14,15:44",5.15,68.65
Michael Rodriguez,"09:22,11:51,15:38","10:56,14:45,18:21",7.2,52.95
Alice Davis,"09:13,12:07,14:53","11:12,14:12,15:54",5.09,69.49
Emma Brown,"09:09,10:59,14:43,17:50","10:09,13:43,16:52,19:23",7.43,97.61
Michael Garcia,"09:00,11:53,13:52,17:37","10:49,13:00,16:44,19:11",7.37,56.07
Sophia Williams,"09:09,11:32,14:06","10:24,13:22,15:09",4.13,78.2
David Martinez,"09:13,11:37,13:55,16:36,18:30","10:33,13:06,15:30,17:46,18:53",5.95,54.95
James Martinez,"09:11,12:09,15:27,17:39,20:10","10:57,14:08,16:59,19:03,21:15",7.78,61.5
Maria Brown,"09:08,12:04,15:14,19:09","11:10,14:07,18:12,19:47",7.7,90.56
Alice Smith,"09:00,12:41,15:41","11:30,14:52,17:46",6.77,50.15
Emma Rodriguez,"09:09,13:08,15:36","11:58,14:30,17:50",6.43,73.5
James Miller,"09:08,12:21,15:06","11:24,14:28,17:06",6.39,85.07
Sophia Smith,"09:19,12:05,14:27,17:58,20:13","10:43,13:39,16:40,19:09,21:06",7.27,63.2
John Martinez,"09:00,11:38,14:12,16:59","10:56,12:53,15:46,17:16",5.04,90.51
David Jones,"09:13,11:36,14:09,16:51,19:19","10:32,13:07,15:42,17:59,20:54",7.11,93.1
Sophia Williams,"09:03,12:39,15:16","11:53,14:12,16:37",5.74,50.63
John Rodriguez,"09:09,11:48,14:51,17:16,20:12","10:34,13:50,16:37,19:11,20:25",7.36,58.19
James Rodriguez,"09:23,12:42,14:56,17:12","11:55,14:18,15:59,19:27",7.45,75.21
David Rodriguez,"09:08,11:27,14:20","10:34,13:43,14:51",4.22,77.35
Olivia Johnson,"09:17,13:08,15:44","11:56,14:51,17:33",6.19,68.01
Olivia Brown,"09:20,12:05,14:43,16:53,19:46","11:01,13:59,15:53,19:01,20:45",7.87,84.44
Olivia Rodriguez,"09:30,12:18,14:49,17:14","11:32,13:34,16:13,18:03",5.52,71.71
David Johnson,"09:00,11:46,14:38","10:51,13:35,15:27",4.49,76.14
James Jones,"09:16,12:21,16:30,19:40","10:51,15:18,18:35,20:17",7.24,75.39
Michael Williams,"09:26,12:35,14:50,17:47","11:25,13:52,16:58,19:05",6.71,90.17
David Smith,"09:03,11:47,14:34","10:46,13:42,15:09",4.22,79.56
Robert Jones,"09:30,12:17,14:26,16:46,19:57","11:01,13:24,15:58,18:51,20:03",6.37,54.82
John Davis,"09:09,12:30,14:49,17:48,21:03","11:12,13:35,16:23,19:41,21:33",7.09,52.66
Olivia Jones,"09:22,12:13,15:39","11:00,14:48,16:55",5.5,76.03
Olivia Brown,"09:01,11:48,15:03","10:31,14:10,16:23",5.22,62.3
Emma Williams,"09:09,11:14,14:40","10:28,13:36,15:47",4.8,54.96
Alice Rodriguez,"09:24,13:15","12:18,14:53",4.54,81.23
Robert Jones,"09:17,12:37,15:59,18:36","12:05,15:00,17:13,19:50",7.66,73.05
Olivia Jones,"09:23,13:10,15:49,18:36","12:08,14:42,17:34,19:05",6.52,61.73
Robert Davis,"09:23,12:04,14:53,17:53,19:52","10:55,13:39,16:33,19:07,20:37",6.78,51.8
Alice Martinez,"09:16,11:48","11:01,14:33",4.51,74.35
James Davis,"09:09,11:26,15:23","10:26,14:22,15:33",4.39,91.9
Emma Miller,"09:17,12:49","11:44,14:40",4.3,59.83
Sophia Brown,"09:18,12:47,16:14,18:52","11:18,15:11,17:59,19:46",7.06,77.72
Maria Johnson,"09:09,12:01,14:01","11:19,13:04,15:01",4.23,75.8
Alice Johnson,"09:10,12:53,14:59","11:50,14:08,16:45",5.68,96.98
Olivia Rodriguez,"09:09,12:28,14:57","11:39,14:04,15:05",4.24,58.86
Sophia Brown,"09:08,12:23,15:33","11:28,14:16,15:35",4.26,70.17
John Davis,"09:00,11:01,13:18,16:08","10:05,12:20,14:57,16:27",4.38,87.48
James Jones,"09:30,11:45,14:28,17:55,20:24,22:20","10:55,13:05,16:46,19:17,21:32,22:44",7.95,79.55
Michael Davis,"09:26,12:12,14:55","10:53,13:52,16:24",4.61,75.6
Maria Jones,"09:08,12:09,14:26","10:50,13:30,15:39",4.27,58.48
Michael Davis,"09:18,11:18,14:11,17:32","10:36,12:52,16:32,18:08",5.82,70.15
John Rodriguez,"09:04,13:27,16:39","11:59,16:00,17:25",6.24,60.68
Maria Brown,"09:29,12:53,15:19,17:37","11:58,14:28,16:44,19:01",6.9,58.12
Sophia Smith,"09:11,13:11,15:12,17:12","11:46,14:27,16:14,17:25",5.11,82.01
Sophia Johnson,"09:27,12:10,15:46,18:56","10:56,15:04,17:48,19:45",7.24,69.91
Michael Garcia,"09:12,13:00,16:11","12:08,15:13,18:40",7.64,70.21
Emma Smith,"09:24,11:57,15:07,18:18","10:46,14:25,17:20,18:33",6.32,96.71
Maria Jones,"09:02,13:00,16:33","11:54,15:36,18:17",7.21,72.44
Alice Williams,"09:13,12:44,15:46","11:59,14:34,17:28",6.32,62.61
James Miller,"09:25,12:12,14:18,17:22,19:19","11:09,13:16,16:05,18:39,19:48",6.36,86.7
John Williams,"09:28,11:57,15:17,18:00","10:37,14:07,16:41,18:26",5.16,59.35
John Miller,"09:25,11:46,15:24","11:02,14:31,17:53",6.86,99.37
Sophia Johnson,"09:03,12:01,16:00","10:57,14:53,18:04",6.84,77.64
Sophia Martinez,"09:24,11:34,14:17","10:59,13:21,15:29",4.57,57.61
Alice Davis,"09:05,12:10,15:58,18:23,20:53","10:49,14:49,17:17,20:03,21:16",7.76,80.52
Emma Martinez,"09:05,11:08,14:01,17:28,20:10","10:23,12:37,16:25,19:18,20:39",7.5,91.15
Michael Martinez,"09:04,11:43,14:06,17:57","10:23,12:59,16:48,18:54",6.25,60.15
John Jones,"09:09,11:57,14:25,17:03","11:00,13:23,16:29,17:42",6.01,90.28
Olivia Davis,"09:07,11:49,15:37","10:51,14:35,16:27",5.35,95.14
Alice Smith,"09:27,11:29,14:49,17:12,20:07","10:31,13:49,15:56,18:52,20:46",6.84,57.18
Michael Williams,"09:29,11:46,14:51,17:52","10:42,13:33,17:00,18:38",5.93,61.18
Emma Jones,"09:07,12:11,15:20","11:01,13:54,15:55",4.2,84.84
Robert Martinez,"09:00,10:37,14:16,18:21","10:00,12:52,17:16,19:54",7.81,88.71
Maria Williams,"09:08,11:15,13:47,16:53","10:20,12:43,16:12,16:53",5.09,51.08
Maria Miller,"09:12,11:11,13:32,17:11,20:33","10:27,12:20,15:58,19:36,21:01",7.72,99.77
David Smith,"09:00,11:59,14:51","11:06,13:38,15:48",4.71,99.05
Emma Rodriguez,"09:27,12:11,15:21","10:46,14:18,16:03",4.14,98.3
Robert Williams,"09:01,11:51,15:01","11:06,13:54,15:08",4.26,98.68
John Garcia,"09:23,11:36,14:23","10:27,13:27,16:36",5.14,71.14
Sophia Smith,"09:08,11:53,15:07,18:27","10:54,13:55,17:13,18:35",6.04,53.36
Sophia Jones,"09:13,13:12,16:54,19:47","12:07,15:37,19:07,20:04",7.82,85.65
John Martinez,"09:30,11:51,15:51","10:59,14:35,16:04",4.44,82.44
Emma Jones,"09:22,12:41,15:50,19:44","11:34,14:27,18:44,20:40",7.81,66.32
James Davis,"09:04,12:51,16:22","11:40,15:13,17:08",5.74,78.42
Maria Brown,"09:21,10:59,14:39,17:49","10:22,13:31,16:48,18:57",6.84,59.6
Sophia Rodriguez,"09:04,11:10,14:48,17:53","10:31,13:34,17:06,18:53",7.16,79.78
Olivia Davis,"09:15,13:07","12:04,14:41",4.4,94.28
Alice Brown,"09:02,11:31,13:59,16:58,19:25","10:18,13:11,15:55,18:28,20:53",7.85,68.31
James Garcia,"09:18,13:06,15:26","12:03,14:07,16:31",4.85,65.65
Emma Jones,"09:11,12:48,15:23","12:08,14:31,16:01",5.3,97.57
James Brown,"09:21,11:48,15:08,17:25","10:50,14:22,16:29,17:37",5.61,54.71
Michael Smith,"09:00,11:34,14:40,17:11","10:37,13:44,16:12,18:17",6.43,52.6
Olivia Jones,"09:28,12:02,14:45,17:03,20:47","11:13,13:42,16:12,19:36,21:10",7.8,72.7
John Smith,"09:18,11:40,14:10,16:24,20:17","10:52,13:31,15:30,18:55,20:19",7.31,94.11
Alice Smith,"09:05,12:24,15:50","11:40,14:28,16:00",4.83,72.09
James Martinez,"09:09,12:36","11:43,14:44",4.7,51.67
Michael Martinez,"09:27,12:24,15:06","11:44,13:50,16:27",5.07,64.08
Emma Smith,"09:21,13:18","12:19,15:10",4.85,60.07
David Miller,"09:08,11:47,14:54","10:45,13:41,16:23",5,95.94
Michael Garcia,"09:12,12:08,14:21,17:56","11:16,13:18,16:36,18:44",6.29,56.99
Sophia Smith,"09:30,13:24","12:20,15:38",5.08,91.65
Olivia Garcia,"09:19,11:47,15:58","10:37,14:46,17:30",5.83,73.53
Olivia Martinez,"09:19,11:27,14:40","10:30,13:24,17:13",5.69,96.43
Robert Martinez,"09:18,11:45,14:45","10:40,13:33,16:00",4.43,69.87
Michael Johnson,"09:16,12:13,14:21,17:06","10:56,13:27,15:52,17:47",5.11,98.71
James Smith,"09:14,12:42,15:32","11:39,14:38,16:59",5.81,78.91
John Martinez,"09:02,12:32,16:11","11:44,15:13,16:23",5.6,59.87
John Smith,"09:19,11:13,14:31,17:10","10:23,13:40,16:14,17:16",5.34,68.71
Emma Williams,"09:04,12:25,14:36","11:28,14:00,15:48",5.19,77.27
David Williams,"09:01,12:02,14:56","11:02,14:05,15:53",5.03,61.23
Robert Williams,"09:22,11:50,14:57,16:55,19:37","10:45,14:10,16:04,19:03,20:33",7.91,65.68
Alice Brown,"09:19,13:29,16:16","12:12,15:22,17:44",6.25,62.27
Maria Davis,"09:19,13:14,15:27,17:37","12:12,14:16,16:36,18:33",6.01,97.84
Emma Smith,"09:26,13:19,15:52","12:21,14:54,16:28",5.11,67.79
Sophia Miller,"09:11,11:53,14:37","10:34,13:49,16:43",5.42,78.14
Emma Johnson,"09:00,12:18,14:36","11:18,13:51,16:47",6.05,54.9
Robert Johnson,"09:24,12:06,16:08,18:55","11:16,14:58,17:59,20:17",7.96,90.11
David Smith,"09:27,12:16,15:02,17:24","10:53,13:57,16:13,18:26",5.34,98.31
Alice Miller,"09:29,11:27,15:01,17:39","10:32,14:04,17:09,19:34",7.72,51.08
David Brown,"09:26,13:06,16:19,18:31","12:09,15:01,17:21,19:29",6.64,98.51
Michael Miller,"09:17,12:58,16:16,19:34","11:34,15:31,18:34,20:15",7.82,77.51
Sophia Davis,"09:30,11:15,14:27","10:30,13:12,15:58",4.47,80.93
Maria Rodriguez,"09:00,12:01,14:09,16:29,18:31","11:20,13:10,15:39,17:31,19:38",7.15,65.57
James Martinez,"09:13,12:45,14:42,16:45","11:40,13:58,15:46,18:55",6.91,77.7
Olivia Miller,"09:19,12:48,16:09","11:36,15:03,16:39",5.04,57.05
David Martinez,"09:14,12:41,15:36","11:28,14:41,16:22",5.01,70.94
Robert Jones,"09:19,12:29,15:14","11:55,14:10,15:24",4.45,84.26
David Martinez,"09:12,13:07,16:18","12:04,15:43,16:29",5.66,71.49
Alice Jones,"09:25,11:47,14:45,18:10,20:11","11:00,13:18,17:03,19:19,20:22",6.75,94.39
Sophia Martinez,"09:26,12:36,15:12","12:01,14:31,16:56",6.24,63.63
Sophia Garcia,"09:14,11:23,15:01","10:33,14:15,16:21",5.53,60.34
Emma Brown,"09:22,13:09,14:56","12:14,14:10,16:27",5.41,59.43
James Martinez,"09:07,11:41,14:11,18:13","10:56,13:00,16:51,20:15",7.84,55.04
Alice Johnson,"09:26,13:03,16:50","11:59,15:53,18:18",6.86,87.32
David Davis,"09:09,12:08,13:58,15:50","11:21,13:17,14:59,15:53",4.42,90.59
Alice Jones,"09:18,11:21,14:54,18:29","10:22,14:19,17:27,19:38",7.74,80.84
James Smith,"09:11,11:26,14:14,16:14,18:46,21:09","10:37,12:47,15:35,17:48,20:03,21:17",7.12,69.42
Emma Williams,"09:13,12:52","11:29,15:51",5.25,55.35
Olivia Miller,"09:08,11:40,15:20","10:21,14:20,17:09",5.71,52.97
Maria Rodriguez,"09:08,11:54,14:02,17:42","10:45,12:56,16:40,17:42",5.3,70.3
Michael Williams,"09:02,12:46,16:42,18:55","11:33,15:36,17:56,20:14",7.91,66.1
David Martinez,"09:08,12:23,14:45","11:22,13:45,16:40",5.53,51.07
Alice Williams,"09:18,13:02,15:36","11:43,14:45,16:26",4.98,88.22
Sophia Rodriguez,"09:09,12:49,14:45,17:09,20:22","11:37,13:56,16:18,18:55,21:21",7.9,83.53
James Johnson,"09:16,12:39,15:28,17:30","11:22,14:20,16:53,19:09",6.85,88.7
David Garcia,"09:06,11:46,15:32,19:08","11:02,14:32,18:10,19:32",7.74,94.68
David Johnson,"09:14,11:11,14:51","10:16,13:51,16:06",4.97,99.57
Sophia Martinez,"09:30,12:46,16:20","11:37,15:25,16:47",5.22,82.76
James Miller,"09:26,12:13,14:27","11:23,13:21,15:35",4.22,96.06
James Miller,"09:08,13:20,15:52","12:05,14:45,17:14",5.74,68.3
Michael Williams,"09:23,11:56,14:08,16:54,19:25","11:23,13:20,15:46,18:43,20:24",7.84,67.32
John Miller,"09:12,12:42","11:45,14:52",4.72,66.76
Emma Johnson,"09:23,11:02,13:37,17:23","10:23,13:05,15:53,18:42",6.65,67.35
James Davis,"09:02,12:37,15:19","11:35,14:19,15:48",4.75,88.27
Michael Garcia,"09:28,12:59,15:32,18:52","11:47,14:19,17:40,18:53",5.81,70.25
Emma Johnson,"09:24,13:06,16:11,18:11","11:58,15:28,17:16,18:56",6.78,52.03
Maria Jones,"09:16,11:59,14:47","10:57,13:55,17:17",6.12,53.31
Emma Brown,"09:20,12:08,14:10,17:40","11:03,13:33,16:58,18:11",6.46,72.67
Sophia Rodriguez,"09:18,12:21,15:56","11:28,14:43,16:07",4.73,90.65
Sophia Martinez,"09:03,12:08,14:04,16:15","11:14,13:20,15:35,17:59",6.64,82.11
Emma Davis,"09:07,11:47,14:15,16:15","10:50,13:22,15:20,18:33",6.7,63.13
Sophia Williams,"09:11,11:21,13:50","10:43,12:41,15:42",4.74,56.45
Emma Johnson,"09:23,11:48,13:47,16:46","10:39,12:56,15:48,18:12",5.86,97.37
Robert Rodriguez,"09:21,11:56,15:14","10:33,14:04,16:31",4.62,54.29
David Brown,"09:12,12:14,16:08","10:48,15:07,17:17",5.64,58.43
Robert Johnson,"09:22,12:17,15:02","11:25,14:03,15:39",4.44,90.76
Maria Johnson,"09:11,12:21,15:59","11:04,14:59,16:49",5.35,70.92
John Jones,"09:21,11:39,15:33","10:41,14:15,15:48",4.19,73.55
Alice Jones,"09:07,12:22","11:08,14:44",4.39,61.39
David Brown,"09:14,12:07,14:07,16:05,18:19","11:32,13:34,15:22,17:33,18:56",7.09,61.65
Alice Williams,"09:12,12:01,15:38,18:23","10:50,14:23,16:56,18:42",5.63,61.52
Michael Miller,"09:02,11:30,14:11","10:30,13:19,15:58",5.07,93.85
Olivia Miller,"09:03,10:55,13:11,15:22,18:50","10:18,12:22,14:40,17:41,18:59",6.66,61.9
Emma Martinez,"09:26,12:00,14:48,17:07,19:32,21:21","10:45,13:56,16:14,18:44,20:33,21:42",7.67,93.2
Olivia Rodriguez,"09:18,12:13,14:59,18:12","11:32,14:24,17:07,18:33",6.91,52.1
Maria Johnson,"09:05,12:54,15:07","11:54,14:24,15:57",5.15,78.78
John Davis,"09:18,13:28,15:36,18:00","12:14,14:44,16:55,19:03",6.58,82.82
David Jones,"09:20,11:50,14:41","10:53,13:35,15:55",4.54,66.6
Maria Rodriguez,"09:12,12:24,15:14","11:11,14:22,16:07",4.85,96.54
Michael Rodriguez,"09:16,12:04,15:53","11:25,14:54,17:59",7.09,84.37
Sophia Johnson,"09:21,13:05","12:04,15:10",4.81,93.85
Alice Brown,"09:27,12:45,15:25","12:02,14:23,17:52",6.68,53.67
Michael Brown,"09:06,11:40,14:39,17:21","10:41,13:56,16:09,19:03",7.05,98.69
James Rodriguez,"09:08,11:05,14:36,18:22","10:08,13:35,17:13,18:33",6.3,66.83
Maria Williams,"09:08,11:10,13:58","10:14,12:38,16:19",4.92,70.22
James Miller,"09:01,11:49,15:48","10:42,14:34,16:20",4.98,53.07
Emma Miller,"09:01,12:47,15:30","11:37,14:47,15:59",5.09,70.01
John Martinez,"09:00,12:20,15:39","10:58,14:57,17:13",6.16,59.04
John Miller,"09:25,12:02,14:57,17:32,20:31","10:54,13:59,16:36,19:28,20:51",7.36,96.35
John Williams,"09:20,13:00,16:03,17:42","12:06,14:56,17:08,19:25",7.51,74.63
Michael Miller,"09:07,13:18,16:47,19:39","12:03,15:19,18:23,20:30",7.4,78.5
Maria Jones,"09:03,12:23,15:03,18:36","11:21,13:56,17:47,18:52",6.87,92.43
Alice Jones,"09:23,12:57,15:31","12:05,14:14,17:01",5.48,64.71
Alice Williams,"09:10,12:30,14:45","11:33,14:03,16:05",5.28,53.03
John Martinez,"09:23,11:47,15:34,18:22","10:53,14:26,17:08,19:06",6.46,97.58
James Garcia,"09:27,13:11","12:11,14:32",4.09,99.14
Alice Rodriguez,"09:04,11:04,15:04,18:03","10:05,13:56,17:08,18:36",6.51,50.38
John Johnson,"09:12,11:05,14:00","10:23,13:10,16:34",5.85,95.72
Robert Brown,"09:15,12:56,15:00","11:54,14:12,17:21",6.27,81.68
Maria Brown,"09:05,11:25,14:14,16:42,18:53","10:11,13:11,15:30,17:54,19:24",5.85,72.45
Sophia Johnson,"09:23,13:21","12:14,14:50",4.34,62.82
Sophia Davis,"09:28,12:15,14:34,17:11","11:09,13:47,16:05,19:36",7.17,89.1
Maria Jones,"09:11,13:21,15:23,17:46","12:09,14:30,17:00,18:26",6.4,93.17
Emma Johnson,"09:13,12:07","11:10,14:40",4.5,78.61
Alice Martinez,"09:26,12:55,16:01,18:50","11:40,14:48,17:55,19:00",6.19,72.25
Alice Johnson,"09:20,12:21,16:10,18:34","11:26,15:14,17:18,20:16",7.83,72.66
James Garcia,"09:22,12:05,15:30,18:45","11:04,14:40,17:32,19:47",7.36,75.12
Michael Brown,"09:27,12:04,14:14,17:35","11:25,13:18,16:37,18:42",6.72,91.63
John Brown,"09:02,12:43,15:16","11:56,14:16,17:15",6.44,64.06
Alice Brown,"09:24,12:29,14:31,18:25","11:15,13:31,17:14,19:13",6.4,62.15
Sophia Brown,"09:25,11:28,14:35,17:44","10:34,13:30,16:45,17:52",5.5,75.14
Olivia Johnson,"09:14,11:37,14:29,16:28,19:50","10:30,13:08,15:32,18:53,21:14",7.65,71.08
David Smith,"09:08,12:08,14:41","11:12,13:41,15:56",4.87,74.72
Robert Brown,"09:02,11:39,13:38","10:44,12:50,15:59",5.25,60.96
Sophia Williams,"09:00,10:51,13:52,16:37","10:14,12:24,16:02,18:47",7.13,85.02
Olivia Johnson,"09:22,12:21,15:24,18:15","11:18,14:42,17:11,18:54",6.73,95.16
Emma Jones,"09:12,11:35,14:18,18:05","10:27,13:11,16:59,18:56",6.39,98.16
Maria Johnson,"09:30,13:10,16:12","12:27,15:12,16:38",5.42,56.58
James Garcia,"09:06,12:28,15:07","11:19,14:11,16:22",5.19,85.09
Sophia Miller,"09:27,12:22,16:30","11:34,15:21,18:37",7.23,53.31
Alice Brown,"09:30,12:37,14:33,17:37","12:02,13:47,16:30,18:58",7.01,97.77
John Jones,"09:09,11:11,14:24,18:32","10:30,13:21,17:10,18:39",6.41,64.86
Alice Davis,"09:18,12:20,15:33","10:53,14:52,17:44",6.31,60.92
James Rodriguez,"09:12,11:34,15:19,17:27","10:51,14:26,16:34,17:29",5.81,73.21
Olivia Brown,"09:04,11:34,14:25,17:35","10:22,13:11,16:34,19:16",6.75,82.93
Emma Miller,"09:21,11:32,15:03,17:37","10:43,14:07,16:49,18:31",6.62,65.53
Michael Johnson,"09:29,11:27,14:26","10:32,13:39,15:33",4.37,94.36
Robert Johnson,"09:17,12:11,16:00,18:56","11:20,14:48,18:03,19:34",7.36,68.14
Sophia Davis,"09:18,11:54,15:25","10:35,14:29,15:56",4.4,89.95
Robert Williams,"09:15,12:32,16:00","11:05,14:46,17:08",5.21,63.6
Maria Johnson,"09:16,12:22,14:40","11:28,13:40,15:19",4.16,58.96
Robert Jones,"09:06,12:21,14:09","11:40,13:24,15:27",4.93,55.13
John Garcia,"09:16,11:41,13:56","10:59,13:01,15:30",4.62,81.59
Maria Davis,"09:21,12:54,16:24,19:52","11:40,15:07,18:50,20:45",7.86,80.92
James Miller,"09:13,12:29,15:57","11:26,14:44,17:46",6.29,52.13
John Miller,"09:15,11:33,15:02","10:57,13:41,16:36",5.41,98.73
Sophia Martinez,"09:16,12:01,14:08,16:42","11:15,13:21,15:24,17:47",5.67,99.28
John Jones,"09:11,11:22,14:12,16:18,18:58","10:40,12:44,15:35,18:00,19:20",6.31,87.81
David Rodriguez,"09:21,12:08,15:00,18:58","10:47,13:40,17:42,20:01",6.73,61.59
Sophia Brown,"09:29,12:19,14:41,17:24,19:57","11:21,13:28,16:09,18:44,20:06",5.98,58.91
Alice Johnson,"09:24,11:40,13:45,17:32","10:48,13:11,16:44,17:45",6.13,94.5
Alice Brown,"09:02,12:26,15:54","11:30,14:55,16:14",5.28,51.92
Robert Davis,"09:02,13:16","11:50,15:19",4.86,56.84
Sophia Miller,"09:28,11:59,15:40,18:46","10:57,14:46,17:49,19:28",7.12,97.88
Emma Johnson,"09:00,11:43,15:20","10:42,14:38,16:31",5.8,80.69
Michael Johnson,"09:09,12:15,16:15","11:25,15:02,18:18",7.11,67.89
Emma Martinez,"09:25,12:14,16:04,18:49","11:11,15:04,18:05,19:43",7.53,89.36
James Martinez,"09:12,11:48,15:03,17:19","10:56,14:08,16:09,19:27",7.3,82.16
Emma Miller,"09:04,11:27","10:46,13:48",4.06,66.04
Emma Johnson,"09:01,11:17,14:53,17:54","10:18,13:39,16:35,18:22",5.83,75.02
Robert Rodriguez,"09:21,12:18,14:50,17:59,20:06","11:08,13:52,17:09,19:29,20:53",7.95,87.17
David Johnson,"09:10,11:28,14:36,16:37,19:14","10:21,13:33,15:39,18:20,19:32",6.34,83.24
James Brown,"09:00,12:02,14:31,17:55","11:08,13:15,16:31,19:02",6.47,83.88
Alice Johnson,"09:26,12:50,15:44","11:46,14:37,17:24",5.79,71.38
Alice Jones,"09:12,12:55,16:00","11:45,15:21,17:55",6.91,77
Sophia Williams,"09:11,11:48,14:14,18:02","11:04,13:22,16:56,19:20",7.46,86.72
Michael Garcia,"09:15,11:36,14:25,16:54","11:02,13:45,16:14,17:41",6.54,51.51
Olivia Davis,"09:05,12:33,16:10","11:28,15:09,16:15",5.07,97.78
Olivia Williams,"09:09,11:08,13:45,16:09","10:23,13:01,15:10,16:53",5.27,51.58
Alice Smith,"09:20,12:34,15:05,18:59","11:20,14:21,17:49,19:00",6.54,95.06
Olivia Rodriguez,"09:17,12:57,15:50,19:25","11:37,15:04,18:36,20:04",7.87,86.62
John Jones,"09:21,12:38","11:55,14:31",4.45,73.33
Sophia Jones,"09:19,12:02,14:48","11:01,13:58,15:53",4.72,87.99
David Rodriguez,"09:15,12:46,15:30","11:56,14:16,16:45",5.45,66.68
Olivia Miller,"09:03,11:47,15:02,17:22,19:48","11:01,14:05,16:20,18:52,20:13",7.49,83.24
Michael Martinez,"09:09,11:38,15:19","10:42,14:10,17:28",6.25,84.31
Emma Davis,"09:14,11:53,14:50","10:51,13:49,15:37",4.34,68.67
Sophia Smith,"09:14,13:36","12:12,15:47",5.16,91.84
Robert Smith,"09:02,12:38,16:29","11:29,15:24,17:40",6.41,67.75
Sophia Martinez,"09:06,12:07,14:37,16:47","11:14,13:44,15:50,17:34",5.76,73.69
James Davis,"09:25,13:08,15:44","11:51,15:09,17:16",5.99,79.35
David Brown,"09:05,12:46,16:47","11:26,15:42,17:50",6.34,56.09
David Rodriguez,"09:11,10:51,13:09,16:43","10:15,12:07,15:41,17:29",5.64,91.16
James Miller,"09:14,11:47,14:00,16:56","10:59,13:17,15:54,17:54",6.13,63.06
David Miller,"09:11,11:35,14:43,18:13","10:12,13:58,17:17,18:31",6.27,97.87
John Rodriguez,"09:09,12:12,14:50","11:25,13:50,15:04",4.14,90.23
Michael Garcia,"09:15,12:23","11:24,15:15",5.02,78.29
David Williams,"09:12,12:45","11:22,15:12",4.62,59.74
Emma Williams,"09:26,11:47,15:23,18:47","10:36,14:14,17:40,20:39",7.77,95.5
Sophia Smith,"09:19,12:07,14:57","10:59,13:52,15:45",4.22,90.79
Emma Davis,"09:03,12:26,14:50,16:59","11:26,13:32,16:11,19:10",7.02,92.62
Michael Rodriguez,"09:07,11:39,14:46,17:19","10:38,13:49,16:20,17:59",5.93,92.52
Sophia Davis,"09:09,12:43,15:11","11:57,13:51,16:06",4.85,72.25
Emma Jones,"09:02,12:36","11:59,14:18",4.66,74.49
Maria Garcia,"09:27,12:23,14:31,16:48","11:22,13:54,15:47,17:11",5.09,63.58
Emma Jones,"09:20,12:21,15:00,18:34","11:06,13:56,17:36,20:13",7.61,54.75
Robert Johnson,"09:07,11:25,14:09","10:10,13:16,15:29",4.25,50.32
Emma Brown,"09:08,11:19,14:24","10:10,13:06,16:10",4.58,50.53
Emma Williams,"09:30,11:48,14:59,17:28","11:14,13:44,16:32,18:22",6.13,56.67
David Jones,"09:14,12:29,15:40,18:13,20:17","11:25,14:53,16:56,19:19,20:34",7.24,74.78
Alice Garcia,"09:26,13:24,17:24","12:07,16:07,17:52",5.88,57.84
Emma Rodriguez,"09:19,12:09,14:25,16:46,19:48","11:06,13:43,15:27,19:03,20:41",7.56,78.17
Alice Brown,"09:04,12:24,15:53","11:22,15:02,16:56",5.99,91.38
David Rodriguez,"09:18,12:17,16:07","11:09,15:04,17:14",5.76,95.62
James Garcia,"09:29,11:50,14:33,16:35,20:28","11:03,13:10,15:53,19:18,21:17",7.78,96.43
John Smith,"09:21,12:38,15:02","11:20,13:52,16:13",4.41,88.81
Robert Jones,"09:18,12:19,15:25,17:39","11:37,14:23,16:46,18:53",6.97,88.86
Maria Brown,"09:09,11:56,14:04,16:40","10:43,13:10,15:35,17:52",5.53,77.24
Michael Garcia,"09:16,12:50,16:17","12:01,15:19,16:54",5.86,87.78
Alice Smith,"09:09,12:52,16:49","11:58,15:38,17:32",6.31,77.38
James Miller,"09:19,12:34,15:38","11:41,14:33,18:00",6.73,61.11
Alice Smith,"09:23,12:17,15:04","11:24,14:15,16:55",5.84,70.42
James Johnson,"09:06,12:19,14:32,17:44","11:21,13:37,16:23,19:19",7,98.72
James Martinez,"09:29,11:37,13:53,17:00,20:13,22:57","10:29,12:49,15:48,19:05,21:45,23:06",7.89,57.42
David Brown,"09:19,12:01,15:11","11:16,14:16,15:39",4.68,70.7
Sophia Rodriguez,"09:14,13:12,15:17","12:13,14:21,15:44",4.6,72.1
Maria Johnson,"09:27,12:23","11:29,14:38",4.3,88.83
James Garcia,"09:25,11:52,16:00","10:49,14:44,18:07",6.39,59.85
John Garcia,"09:18,11:58,15:29","10:47,14:52,16:24",5.31,52.26
John Garcia,"09:10,11:53,14:38,17:04","10:45,13:32,15:57,17:45",5.23,76.43
Robert Garcia,"09:12,12:31,15:01","11:49,14:05,15:26",4.61,75.45
Robert Garcia,"09:26,12:54,16:17","11:50,15:15,18:51",7.32,82.5
Alice Brown,"09:00,12:04,14:51","11:18,13:53,15:46",5.03,72.8
Robert Smith,"09:27,12:24,14:07,16:08","11:30,13:32,15:24,16:31",4.86,60.63
John Miller,"09:11,11:57,14:30,17:01,20:07,22:28","11:06,13:15,15:38,18:58,21:37,22:36",7.93,88.53
John Davis,"09:07,12:42,15:00","11:55,14:17,17:15",6.64,98.95
Robert Garcia,"09:19,13:20,17:06,19:04","12:01,16:05,18:14,19:32",7.06,64.95
David Johnson,"09:00,11:35,13:48,17:20","10:42,12:40,16:35,19:10",7.41,76.18
Emma Martinez,"09:05,10:44,14:23,18:05","10:12,13:33,16:47,18:21",6.62,54.99
Robert Garcia,"09:28,11:59,14:57,17:55","11:05,13:43,16:48,18:39",5.95,60.11
John Brown,"09:24,12:04,14:50,17:34","11:05,14:20,16:20,17:37",5.51,88.22
Emma Jones,"09:22,12:30,15:30,17:51","11:19,14:17,16:36,19:23",6.37,80.08
Michael Smith,"09:27,12:51,14:53","11:34,13:53,15:49",4.09,60.5
Michael Garcia,"09:24,12:05,14:35,17:04,19:11,21:36","10:50,13:36,16:06,18:26,20:29,21:48",7.35,56.41
Alice Martinez,"09:16,11:50,15:04","11:12,13:55,16:13",5.17,87.27
Robert Davis,"09:01,11:22,15:10,18:55","10:21,13:47,18:02,19:37",7.32,73.71
Michael Williams,"09:12,12:11,15:36","11:18,14:41,15:56",4.94,96.03
Olivia Brown,"09:22,12:54,16:11","11:52,15:18,16:11",4.91,69.34
Olivia Rodriguez,"09:21,12:50,17:05","11:34,15:43,18:59",7,74.55
Sophia Johnson,"09:13,12:38,15:02","11:37,13:48,15:48",4.33,53.6
Maria Williams,"09:19,11:52,14:15,16:24,18:55","10:35,13:20,15:20,17:37,20:24",6.53,85.48
Robert Rodriguez,"09:25,11:50,15:08","10:34,13:46,16:30",4.46,55.9
James Jones,"09:16,13:14,16:11","12:15,15:13,17:36",6.39,80.2
John Rodriguez,"09:00,12:13,14:50","11:15,13:46,16:39",5.62,68.64
Maria Rodriguez,"09:22,13:37,15:59","12:12,14:59,16:54",5.12,77.51
Robert Rodriguez,"09:24,11:19,15:03,17:19","10:25,13:44,16:44,19:37",7.43,80.19
Maria Jones,"09:11,12:35,14:40,18:10","11:58,13:56,16:53,18:48",6.99,56.76
John Jones,"09:03,11:26,13:27,16:11","10:39,12:49,15:13,16:26",5.01,86.86
David Jones,"09:27,11:55,15:01","11:08,14:08,16:21",5.24,55.82
Emma Jones,"09:06,12:44,14:44,17:25","11:43,13:57,16:14,18:18",6.23,99.93
Robert Garcia,"09:28,11:53,15:36,18:50","10:54,14:43,17:23,20:01",7.24,96.87
James Davis,"09:20,11:42,13:37","10:45,13:01,15:24",4.52,75.57
James Miller,"09:03,12:30,14:32","11:04,13:53,16:20",5.21,56.74
Maria Rodriguez,"09:04,11:01,14:41,17:07","10:22,13:35,16:17,18:18",6.66,54.14
John Rodriguez,"09:16,13:35,16:39,19:55","12:13,15:17,19:10,20:18",7.56,92
David Davis,"09:19,11:20,14:02,16:04","10:29,12:53,15:09,17:40",5.43,78.54
Alice Brown,"09:28,12:36,15:18,18:14","11:29,14:22,17:11,19:17",6.72,92.57
Sophia Davis,"09:17,12:09,14:40,17:06","11:28,13:38,16:17,18:59",7.18,63.64
Michael Rodriguez,"09:18,12:41,14:48,17:36","11:40,14:10,16:47,18:19",6.56,59.48
John Johnson,"09:25,13:27,16:37","12:15,15:36,17:15",5.62,80.88
Olivia Davis,"09:05,12:25,16:32","11:47,15:21,16:55",6.02,65.14
John Brown,"09:02,11:20,13:31,15:40","10:08,12:26,15:01,16:10",4.21,75.37
David Johnson,"09:25,11:44,15:13","10:44,13:55,15:52",4.15,86.63
David Brown,"09:15,12:56,16:36","11:55,15:52,16:46",5.78,88.76
Maria Williams,"09:03,12:22,16:22","11:31,15:08,16:43",5.59,69.38
James Williams,"09:18,12:49,15:01","12:03,13:57,17:26",6.3,52.53
John Garcia,"09:07,11:59,15:20","10:40,14:00,15:54",4.15,90.2
Emma Johnson,"09:25,12:42,15:09","11:38,14:17,17:23",6.04,60.75
David Martinez,"09:17,12:21,14:55","11:25,13:53,15:39",4.41,50.29
Alice Martinez,"09:26,13:00","12:25,14:37",4.61,76.57
Michael Garcia,"09:15,12:26,14:45,18:23","11:27,13:40,17:30,19:37",7.43,56.25
Emma Johnson,"09:08,13:06,15:24,17:50,19:44","12:01,14:23,17:06,18:56,19:56",7.17,85.08
Robert Smith,"09:27,11:57,14:37","10:52,13:19,16:07",4.29,69.8
Emma Miller,"09:03,11:50,14:10,17:00","11:08,13:22,15:42,18:07",6.27,77.61
Alice Davis,"09:08,13:20","12:07,15:51",5.52,53.36
Sophia Jones,"09:03,11:50,13:50","11:05,13:12,14:32",4.11,97.43
Robert Garcia,"09:03,12:31,15:33","11:33,14:35,16:34",5.59,54.6
Maria Smith,"09:21,11:39,14:10,17:27,20:23","10:41,12:55,16:01,19:37,21:09",7.39,61.37
John Martinez,"09:25,12:52,15:52,18:27","11:49,14:53,17:06,20:01",7.23,95.51
Sophia Jones,"09:06,13:03,15:38,18:23,20:46","11:50,14:26,17:10,19:34,21:36",7.68,96.55
Robert Smith,"09:01,11:15,14:33","10:16,13:46,17:05",6.3,66.41
Maria Miller,"09:14,11:53,15:35,17:29,19:38","10:43,14:29,16:37,18:49,20:08",6.96,71.18
Sophia Martinez,"09:30,11:30,15:18","10:43,14:17,15:20",4.03,83.33
John Johnson,"09:07,12:17,14:39,18:37","11:17,13:27,17:38,19:15",6.96,50.56
Sophia Garcia,"09:25,12:16,15:50","10:47,14:50,16:18",4.41,87.15
James Brown,"09:24,11:57,15:48","10:50,14:29,16:56",5.12,50.64
Alice Davis,"09:16,12:23","11:04,14:52",4.29,74.23
Sophia Martinez,"09:14,11:07,14:13,16:55","10:22,13:03,15:51,17:50",5.63,58.34
Sophia Garcia,"09:26,12:55","12:03,14:18",4.01,53.19
Sophia Johnson,"09:26,13:24,15:29,18:09","12:08,14:24,17:13,19:35",6.88,75.22
Alice Smith,"09:09,11:58,15:39,17:17","10:40,14:31,16:39,18:28",6.25,61.31
Emma Rodriguez,"09:01,11:31,14:36","10:34,13:33,17:07",6.11,95.51
Maria Rodriguez,"09:09,12:00,13:58,18:07","11:03,13:05,16:52,19:47",7.56,97.99
Sophia Williams,"09:02,12:01,14:39,17:16,20:16","10:44,13:44,16:41,19:20,20:36",7.86,59.55
Sophia Johnson,"09:13,12:42,14:49,17:43","11:38,14:04,16:19,19:35",7.15,71.43
Michael Miller,"09:09,12:05,15:35","10:45,14:53,17:24",6.23,80.54
Alice Johnson,"09:10,11:01,13:48,15:53","10:17,12:53,14:50,16:18",4.44,94.88
Sophia Williams,"09:16,11:10,13:50,15:47,18:17","10:21,12:54,15:05,16:52,19:44",6.6,92.28
Maria Miller,"09:09,11:46,15:20,18:26","10:39,14:09,17:13,19:24",6.73,76.1
Michael Garcia,"09:27,12:53,16:58","12:07,15:43,18:48",7.34,92.07
Robert Jones,"09:00,10:44,13:34,17:10,19:32","10:09,12:37,15:53,18:34,20:01",7.24,65.71
Alice Garcia,"09:25,12:28,15:39,19:24","11:35,14:55,17:55,19:29",6.98,54.45
Robert Rodriguez,"09:06,11:46,14:39","10:54,13:18,15:31",4.21,73.84
Sophia Jones,"09:02,11:25,14:25,16:50","10:33,13:20,15:38,17:41",5.5,81.37
James Rodriguez,"09:12,12:45,15:26,18:20","11:45,14:19,17:23,18:35",6.33,81.65
Robert Martinez,"09:27,12:41","12:01,14:41",4.58,95.69
Maria Rodriguez,"09:15,11:27,14:41,17:29","10:35,13:42,16:10,18:13",5.8,82.68
Maria Williams,"09:06,12:32,15:36,17:50,19:56","11:45,14:43,17:01,19:06,20:22",7.96,98.35
Sophia Brown,"09:12,12:35,15:05,18:55","11:23,14:17,18:00,18:59",6.87,60.63
Michael Jones,"09:05,11:48,15:47","10:49,14:37,16:39",5.43,85.37
James Williams,"09:10,12:55,15:24","11:34,14:28,16:47",5.34,62.66
David Garcia,"09:27,12:19,15:22,17:35,20:34","11:30,14:30,16:34,19:21,20:56",7.57,90.12
Olivia Jones,"09:24,12:06,16:02","11:00,15:00,16:39",5.13,60.05
Alice Jones,"09:05,12:42,14:45,17:00,18:59","12:04,14:06,15:55,18:04,20:00",7.64,76.23
Michael Garcia,"09:04,11:55,15:21","11:09,14:37,16:16",5.71,99.22
Michael Martinez,"09:29,11:47,14:40,16:55","10:35,14:06,15:53,17:38",5.36,95.55
Maria Martinez,"09:24,11:54,14:50,17:53","10:34,13:27,16:59,18:04",5.06,95.71
Robert Smith,"09:27,11:13,15:06,17:26,20:29","10:39,14:06,16:19,19:24,20:42",7.5,71.39
Alice Martinez,"09:04,12:18,14:56,17:58","11:08,13:34,17:00,19:27",6.9,96.42
Maria Smith,"09:28,12:48,14:56","11:42,13:54,16:25",4.83,52.03
Alice Davis,"09:18,11:24,14:33","10:24,13:22,15:39",4.18,72.73
James Martinez,"09:11,12:32,14:27,17:12","11:25,13:43,16:35,18:56",7.3,85.99
Olivia Miller,"09:27,11:46,15:24,19:17","10:45,14:40,18:22,19:27",7.34,72.7
Emma Johnson,"09:03,12:06,15:57","11:01,14:56,15:59",4.83,74.71
James Miller,"09:26,13:10,16:22,18:49","11:51,15:22,17:48,19:01",6.26,55.43
John Brown,"09:00,11:27,13:37,16:55","10:31,12:47,15:43,18:03",6.08,60.38
Sophia Jones,"09:01,12:26,15:33","11:05,14:30,18:07",6.71,92.42
Robert Johnson,"09:27,11:45,14:16,16:17,19:42","11:04,13:21,15:32,18:26,20:10",7.12,59.68
John Johnson,"09:11,12:13,16:14,18:24","11:22,14:56,17:23,20:15",7.91,96.38
David Williams,"09:05,11:42","10:50,14:11",4.24,51.89
Emma Davis,"09:25,11:59,14:41,16:58,19:27","10:35,13:48,16:10,18:23,21:23",7.83,73.45
David Johnson,"09:27,12:37,15:06,19:03","11:41,13:57,17:55,20:05",7.43,85.98
David Smith,"09:12,12:22,15:18","11:28,14:34,17:33",6.73,60.86
David Brown,"09:16,12:54,16:16,19:17","12:03,15:01,18:02,20:11",7.57,82.06
Maria Johnson,"09:03,12:33,15:06,17:09","11:11,13:44,16:29,19:00",6.55,77.96
Maria Smith,"09:05,11:30,13:56,16:48","10:17,13:05,15:26,18:06",5.59,77.97
David Martinez,"09:05,12:53","12:01,14:08",4.18,74.77
James Garcia,"09:29,12:49","11:28,15:11",4.36,73.02
Emma Brown,"09:30,12:05,15:04","11:01,14:11,16:07",4.67,95.92
Michael Davis,"09:29,13:36","12:25,15:56",5.28,77.65
Michael Martinez,"09:23,12:34,16:19","11:27,14:53,16:31",4.59,91.45
James Jones,"09:08,11:59,14:54","11:12,13:44,15:28",4.39,62.91
Robert Miller,"09:26,12:54,15:01","12:05,13:58,16:15",4.96,94.2
Olivia Williams,"09:13,12:37,16:10","11:37,15:17,17:03",5.95,70.66
Michael Jones,"09:06,12:23,14:51,17:27","11:14,13:32,16:17,17:49",5.09,83.5
James Williams,"09:05,11:39,15:50,17:55","10:50,14:37,16:52,19:26",7.27,72.82
Maria Miller,"09:04,12:10,15:12,17:11","11:03,14:04,16:21,17:26",5.29,90.82
Alice Smith,"09:10,12:57","12:01,15:36",5.51,72.64
Olivia Miller,"09:00,11:31,13:14,15:48","10:44,12:41,14:44,17:40",6.28,53.43
Maria Johnson,"09:22,12:08,15:08,18:48","11:11,14:01,17:32,19:08",6.45,54.66
David Johnson,"09:15,12:43,15:51","11:24,14:55,17:05",5.6,97.64
Emma Davis,"09:03,11:43,14:40,17:07,20:13","10:41,13:48,16:16,19:26,20:14",7.66,76
Alice Rodriguez,"09:07,11:53,15:20,18:46","10:46,14:15,17:46,19:50",7.52,67.85
Robert Miller,"09:21,12:36,15:37","11:35,14:22,16:57",5.35,94.93
Maria Davis,"09:24,12:11,14:51,17:08","11:33,13:58,16:02,19:04",7.05,60.21
Alice Jones,"09:27,13:33,16:37,20:13","12:14,15:48,19:20,20:21",7.89,55
Alice Brown,"09:17,11:06,14:29,17:26","10:17,13:41,16:35,19:04",7.32,50.71
Robert Rodriguez,"09:15,12:22,14:31,18:15","11:23,13:27,17:19,18:15",6.02,97.83
Michael Johnson,"09:02,12:12,14:34","11:36,13:25,14:50",4.06,88.92
Robert Williams,"09:04,12:52,15:17","11:53,14:18,17:56",6.91,63.82
Alice Rodriguez,"09:01,12:05,14:29","10:53,13:18,15:59",4.58,72.43
Michael Garcia,"09:26,12:32,16:02","11:39,14:47,17:00",5.45,57.8
Olivia Jones,"09:08,12:03,15:19","10:59,14:11,15:36",4.28,50.63
Michael Johnson,"09:26,11:32,15:13,17:45","10:51,14:07,16:57,18:24",6.39,76.35
Michael Garcia,"09:12,12:32,15:55","11:51,14:26,16:59",5.63,91.21
Maria Martinez,"09:17,13:20,17:06,19:23","12:06,15:50,18:17,20:18",7.43,54.13
James Martinez,"09:18,11:55,15:24,18:22,20:18","10:48,14:27,17:37,19:23,20:58",7.94,50.17
Alice Brown,"09:25,12:30,15:41","11:35,14:42,17:30",6.18,52.84
Maria Rodriguez,"09:27,11:45,13:45,15:43,18:03","10:35,12:54,14:46,16:44,18:32",4.81,70.55
Alice Rodriguez,"09:02,12:55,14:45","11:51,14:02,15:07",4.3,51.71
John Smith,"09:19,12:29,14:44,18:45","11:22,13:48,17:34,20:00",7.47,71.51
John Smith,"09:15,13:05,15:42,19:18","11:56,14:40,18:21,19:55",7.54,60.76
Robert Brown,"09:07,13:03","11:49,15:13",4.87,53.92
James Rodriguez,"09:30,11:55,15:15,17:43","10:43,14:33,16:29,20:05",7.46,61.94
Olivia Garcia,"09:13,12:13,16:04,19:04","11:04,15:03,18:06,19:05",6.74,54.76
James Rodriguez,"09:17,11:36,13:47,17:05","10:37,13:00,16:15,18:30",6.63,50.52
Sophia Johnson,"09:02,11:55,15:27","11:13,14:28,16:28",5.76,50.27
David Jones,"09:30,12:11,15:19","11:08,14:32,16:46",5.44,76.35
Emma Miller,"09:00,12:31,14:53","11:21,13:32,16:08",4.62,54.97
Michael Davis,"09:04,11:35,13:55,16:24","10:39,12:47,15:20,18:01",5.82,58.3
Emma Brown,"09:17,13:03,16:35","12:09,15:34,17:41",6.49,62.11
Maria Brown,"09:23,12:23,15:43","11:24,14:54,15:55",4.75,52.48
John Johnson,"09:16,11:59,14:21,16:55","10:55,13:19,15:44,17:49",5.27,75.57
Maria Davis,"09:05,12:38,16:28,18:35,20:55","11:15,15:22,17:55,19:42,21:11",7.75,97.02
Sophia Williams,"09:17,12:48,15:02,18:47,21:07","11:43,14:00,17:39,19:54,21:15",7.5,82.04
David Miller,"09:27,13:17","12:19,15:15",4.85,84.81
James Garcia,"09:06,12:37,15:40","11:32,14:29,16:02",4.68,53.36
Maria Miller,"09:30,13:02,15:42","11:44,14:43,15:57",4.17,63.57
Maria Jones,"09:03,12:05,14:19,17:33","11:17,13:29,16:36,18:30",6.88,99.43
Olivia Martinez,"09:15,13:01,16:51","11:34,15:23,18:15",6.09,51.88
Robert Davis,"09:07,12:46,15:36,18:41","11:24,14:24,17:46,20:28",7.88,86.85
Robert Rodriguez,"09:20,12:33,15:18,17:58","11:42,14:10,16:51,18:18",5.88,60.38
John Miller,"09:24,11:39,14:43","10:31,13:38,16:25",4.81,64.53
Olivia Miller,"09:06,12:22,15:05","11:10,13:49,17:28",5.91,95.68
Sophia Jones,"09:03,12:32","11:44,14:19",4.48,74.69
Sophia Davis,"09:10,11:35,14:46,16:45","10:35,13:46,15:47,17:07",4.99,90.27
James Jones,"09:08,11:43,13:49,17:02,19:22","10:30,12:52,15:51,18:39,20:37",7.42,62.06
John Garcia,"09:13,12:05,15:52,18:08","10:57,14:49,17:10,18:41",6.32,77.59
David Brown,"09:28,11:20,14:26,17:01","10:43,13:45,16:17,18:23",6.89,55.06
Sophia Jones,"09:13,12:35,15:43,18:20","11:47,14:50,17:11,18:40",6.63,81.27
Michael Williams,"09:30,13:01,15:14,18:17","12:14,14:07,17:23,19:41",7.39,65.41
Olivia Brown,"09:21,12:31,15:16,19:24","11:14,14:34,18:08,20:18",7.71,72.03
Olivia Davis,"09:03,12:50,14:50,17:31","11:39,14:14,16:46,19:08",7.55,82.62
Olivia Davis,"09:11,11:28,15:32,18:33,21:04","10:48,14:19,17:48,19:42,21:07",7.94,56.72
Maria Martinez,"09:25,13:28,16:21","12:13,15:25,16:43",5.12,82.28
Michael Miller,"09:02,11:32,14:04,16:51","10:35,13:02,16:04,17:00",5.2,61.88
David Garcia,"09:02,11:53,14:32,16:55,19:15","10:40,13:40,15:32,18:09,19:53",6.29,90.34
Olivia Williams,"09:10,11:22,13:49,16:36","10:24,12:54,15:35,17:09",5.09,75.99
Emma Jones,"09:30,11:33,14:07,17:39","10:36,13:01,16:19,19:46",6.89,78.86
Emma Martinez,"09:22,12:50,16:33","11:45,15:45,16:35",5.34,84.71
Robert Miller,"09:16,11:49,15:17","10:52,14:32,15:46",4.81,83.91
Emma Williams,"09:02,12:20,16:24","11:12,15:16,18:23",7.09,72.42
Sophia Brown,"09:05,12:12,15:16","11:04,14:13,16:28",5.2,86.4
Emma Martinez,"09:28,11:38,14:56,17:38","10:52,14:12,16:25,17:53",5.71,72.49
Sophia Jones,"09:28,12:35,16:13,19:36","11:41,15:03,18:58,19:40",7.51,88.48
Michael Miller,"09:26,12:42,14:36,17:55","11:46,13:47,17:02,19:12",7.14,67.71
Michael Rodriguez,"09:13,12:12,15:18,18:17","11:21,14:27,17:34,19:26",7.81,52.1
Olivia Garcia,"09:14,12:09,14:46,17:26,19:40,22:22","11:09,13:29,16:15,18:47,21:30,22:25",7.98,61.67
Emma Garcia,"09:07,11:03,14:57,16:35,18:48","10:08,14:00,15:58,17:51,19:28",6.93,83.7
Alice Brown,"09:11,11:54,14:19,17:21","10:52,13:09,15:55,19:34",6.77,56.98
Robert Miller,"09:03,13:07,15:29,18:50","11:58,14:15,17:42,19:50",7.27,59.52
Sophia Johnson,"09:25,12:23","11:23,14:31",4.1,95.55
John Miller,"09:16,12:59,15:34","12:03,14:34,15:42",4.5,61.23
David Williams,"09:25,11:58,15:54","10:50,14:58,16:42",5.23,64.08
Alice Garcia,"09:22,11:45,14:22,17:45","10:56,13:26,16:56,19:32",7.61,61.71
Maria Johnson,"09:29,11:40,15:52,19:25","10:49,14:31,18:08,19:50",6.88,96.3
Sophia Johnson,"09:04,12:57,15:04,18:16","11:50,14:03,17:15,18:18",6.09,80.06
David Miller,"09:16,11:43,14:19,17:10","10:42,13:40,16:16,18:38",6.81,63.34
Maria Williams,"09:20,11:41,13:58","10:28,13:13,16:16",4.97,80.27
David Martinez,"09:11,11:46,15:46","10:31,14:23,17:27",5.63,63.3
James Martinez,"09:20,12:38,15:34","11:34,14:24,15:44",4.17,63.29
John Rodriguez,"09:01,11:15,15:05,18:56","10:22,13:53,17:42,18:57",6.63,89.09
Sophia Martinez,"09:23,11:53,15:26","11:01,14:26,16:18",5.05,59.5
Michael Davis,"09:07,12:52,15:10,17:50","11:38,14:14,17:04,18:02",5.99,54.29
John Smith,"09:25,12:35,16:06,18:19","11:43,14:49,17:32,20:17",7.95,97.21
Emma Davis,"09:23,11:37,15:07","10:40,14:04,17:41",6.31,50.94
Emma Brown,"09:24,11:29,14:53","10:53,13:30,15:53",4.51,66.66
Robert Garcia,"09:30,13:04,15:54","12:18,14:50,16:59",5.66,76.59
John Brown,"09:09,11:44,14:09","10:41,13:33,15:06",4.31,78.87
David Johnson,"09:24,12:39,15:37,18:08,20:09","11:31,14:48,17:14,19:11,21:10",7.96,97.17
Olivia Martinez,"09:26,12:36,15:30","11:20,14:22,15:54",4.08,59.2
Sophia Jones,"09:25,12:01,14:31,18:02","11:05,13:45,16:52,19:41",7.4,84.01
Alice Brown,"09:09,11:36,14:33,16:20,18:13","10:52,13:24,15:33,17:21,18:37",5.94,61.35
Olivia Williams,"09:05,13:16,16:34,19:48","12:01,15:45,18:46,19:50",7.65,60.58
Olivia Williams,"09:12,12:55","11:50,15:02",4.76,99.24
Sophia Garcia,"09:11,12:56,16:53","11:56,15:28,17:14",5.65,92.8
Maria Jones,"09:22,12:17,15:17,17:34,20:20","10:59,14:00,16:47,18:59,20:57",6.87,62.08
David Smith,"09:25,12:56,16:26","12:13,15:26,18:00",6.87,62.66
Michael Williams,"09:30,11:17,14:20","10:43,13:33,15:41",4.84,67.47
Sophia Brown,"09:26,12:29,14:29,17:19","11:34,13:33,16:24,18:47",6.59,76.38
Olivia Garcia,"09:13,12:17,15:14,19:05","11:07,14:09,17:59,19:06",6.54,88.83
David Miller,"09:16,12:24,16:08","11:42,15:07,16:38",5.65,85.96
Maria Jones,"09:02,11:51,15:02","11:14,14:02,15:52",5.23,61.27
Alice Brown,"09:07,11:33,15:23,18:01","10:35,14:18,16:55,19:50",7.58,51.86
Sophia Smith,"09:25,13:04","11:56,15:03",4.51,50.83
Sophia Williams,"09:10,11:38,14:21,17:17","10:23,13:26,16:20,19:06",6.83,57.41
James Rodriguez,"09:27,12:54,15:08,17:37","11:43,14:14,16:36,18:27",5.92,59.74
Robert Martinez,"09:03,11:35,14:46,17:27","10:39,13:28,16:38,17:46",5.67,90.76
Michael Williams,"09:29,12:44,16:15","11:51,15:00,16:43",5.11,74.13
Emma Jones,"09:22,11:35,14:31,17:23,21:21","10:43,13:28,16:05,20:00,21:44",7.81,65.77
Emma Johnson,"09:15,11:41,15:20,17:44,19:47","10:51,14:18,16:43,19:00,19:59",7.07,79.44
John Smith,"09:30,12:16,16:24","11:32,15:11,18:25",6.98,69.25
Sophia Martinez,"09:08,11:48,14:15,16:50","10:46,12:49,16:03,17:28",5.09,86.36
Emma Miller,"09:09,11:59,15:37,18:32","10:43,14:23,17:20,19:47",6.95,67.32
Sophia Davis,"09:02,12:06,14:36,16:50","11:20,13:56,16:00,18:23",7.1,51.66
Michael Brown,"09:20,13:02","12:03,15:06",4.79,72.24
Sophia Smith,"09:05,11:22,14:38,17:49","10:28,13:44,16:59,18:32",6.83,91.3
Emma Davis,"09:08,12:31,14:58","11:33,13:58,15:12",4.1,97.34
James Jones,"09:12,11:36,14:30","10:25,13:42,15:26",4.26,93.53
Sophia Jones,"09:12,13:03,16:27,19:09","12:07,15:46,18:03,19:37",7.72,97.54
Alice Johnson,"09:07,12:17,14:53,17:14,19:08","11:25,13:31,15:58,18:21,19:30",6.1,75.62
David Jones,"09:07,11:34,14:19,17:22","10:30,13:30,16:14,17:32",5.41,64.53
David Smith,"09:20,13:12,16:11","11:46,15:13,16:59",5.26,99.95
John Davis,"09:25,12:40,14:50","12:08,13:52,14:59",4.08,77.27
John Rodriguez,"09:23,13:09,16:14","12:20,15:06,16:25",5.09,91.61
John Smith,"09:24,12:28","11:50,14:23",4.37,68.97
Alice Williams,"09:21,11:54,14:06,17:58","11:03,13:02,16:31,19:01",6.31,89.8
Emma Miller,"09:23,11:20,14:15,18:03","10:27,13:05,17:02,20:16",7.83,60.93
Maria Jones,"09:18,11:09,13:15,16:12","10:20,12:31,15:09,17:02",5.15,53.11
Olivia Williams,"09:13,12:40","11:35,14:34",4.28,70.94
James Garcia,"09:13,12:41,15:25","11:56,14:11,16:58",5.77,90.56
Olivia Miller,"09:03,11:53,14:21,17:45","10:57,13:24,16:35,18:26",6.35,68.52
Maria Miller,"09:11,12:43,14:41","11:31,13:52,16:09",4.96,83.79
Emma Garcia,"09:27,12:59,15:16,17:18","12:01,14:12,16:40,17:55",5.8,84.87
Maria Brown,"09:06,12:46,16:06","11:49,15:07,17:30",6.48,95.33
Alice Martinez,"09:10,12:55,15:29,18:13","12:09,14:26,17:11,18:59",6.97,61.93
Sophia Smith,"09:29,11:22,14:37,18:13","10:31,13:46,16:56,19:21",6.89,63.83
Robert Williams,"09:05,12:43,15:17,18:20","11:17,13:56,17:38,20:15",7.69,60.72
David Miller,"09:08,12:25,14:38,17:18","11:53,13:32,16:07,18:44",6.79,63.52
Sophia Martinez,"09:27,11:48,14:59,18:50","10:41,13:55,17:51,18:51",6.24,95.17
John Martinez,"09:10,11:13,14:49,18:48","10:14,13:33,17:43,18:57",6.46,58.83
John Miller,"09:15,11:46,14:48,18:49","10:57,13:54,17:35,19:01",6.83,63.4
Alice Davis,"09:08,11:14,14:02,16:24,19:05","10:16,13:07,15:09,18:30,20:33",7.7,93.73
Michael Garcia,"09:14,11:15,14:25,17:29","10:14,13:20,16:31,18:35",6.29,68.99
James Miller,"09:17,12:50,16:46","11:43,15:49,19:09",7.81,66.93
David Miller,"09:21,11:47,14:56","10:54,14:03,17:01",5.91,60.93
Olivia Davis,"09:25,11:59,15:09","11:10,14:18,15:35",4.51,54.13
Emma Rodriguez,"09:10,11:53,15:46","11:15,14:30,16:17",5.22,94.12
Michael Rodriguez,"09:01,11:49,15:14","10:48,14:19,15:18",4.36,72.14
Olivia Davis,"09:30,12:11","11:14,14:30",4.05,67.71
Emma Jones,"09:30,13:09,16:02,18:17","11:54,14:54,17:11,18:22",5.4,92.41
Sophia Smith,"09:04,11:09,14:15","10:28,12:52,16:06",4.97,99.01
John Miller,"09:19,12:52,15:58,19:36","11:53,14:42,18:36,19:39",7.08,79.13
David Smith,"09:17,11:40,15:12","10:57,14:10,15:18",4.27,62.9
Sophia Johnson,"09:02,12:30,16:30","11:15,15:24,17:02",5.65,51.47
Olivia Davis,"09:19,12:49,14:34,16:59,19:36","11:42,13:55,16:14,18:18,20:20",7.21,91.16
Olivia Smith,"09:22,11:20,14:21,17:12","10:34,13:24,16:21,18:08",6.21,86.42
Emma Johnson,"09:21,12:21,16:03","11:17,14:57,16:44",5.22,81.92
Olivia Johnson,"09:22,12:17,14:45,17:50","11:26,13:39,16:32,20:15",7.64,79.51
David Rodriguez,"09:27,12:16,14:26,17:52","11:08,13:28,16:53,19:14",6.71,71.98
Emma Smith,"09:06,11:50,15:08","10:37,14:11,16:53",5.62,54.99
Maria Miller,"09:26,12:18,14:58,17:37,20:52","11:01,14:00,16:36,20:11,20:57",7.58,67.39
Sophia Smith,"09:26,12:02,14:59","11:18,13:38,16:20",4.83,76.09
Maria Brown,"09:19,11:18,13:57","10:24,12:59,16:25",5.24,92.3
Michael Davis,"09:03,11:12,13:48,16:32","10:09,12:49,15:35,17:35",5.56,82.01
David Rodriguez,"09:27,12:42,15:29","11:48,14:36,16:48",5.57,58.78
Sophia Martinez,"09:23,12:11,15:23,19:32","11:06,14:23,18:21,20:37",7.97,58.36
Robert Smith,"09:09,12:21,14:50,17:47","11:29,14:02,16:39,19:12",7.27,88.76
Olivia Martinez,"09:25,11:40,14:01,17:18,19:36,22:00","10:35,12:59,15:54,18:21,21:21,22:22",7.54,88.61
Maria Brown,"09:16,11:39,14:48,16:40","10:53,13:59,15:53,17:03",5.42,60.87
Michael Davis,"09:26,11:56,15:45","10:53,14:23,16:23",4.53,92.82
Olivia Miller,"09:17,13:13,16:34","11:59,15:23,17:31",5.82,97.89
Sophia Davis,"09:18,12:27","11:44,14:47",4.78,98.92
Emma Jones,"09:09,13:25,16:56,19:54","12:05,16:02,18:56,20:04",7.72,93.27
James Miller,"09:17,13:25,16:28,18:55,20:53","12:11,15:12,17:33,20:09,21:42",7.83,50.49
David Miller,"09:29,13:08,15:26","12:20,14:10,16:34",5.03,55.71
Olivia Rodriguez,"09:21,12:47,16:52","11:44,15:45,16:58",5.46,81.08
James Martinez,"09:02,12:01,14:33","10:57,13:35,15:48",4.74,73.8
David Williams,"09:17,13:28,16:25","12:16,15:42,17:53",6.69,69.44
Emma Williams,"09:08,11:34,14:31,18:38,21:44","10:21,13:35,17:18,20:20,21:46",7.76,93.22
Robert Williams,"09:06,12:33,16:06","11:40,14:45,17:08",5.81,59.84
David Garcia,"09:25,11:41,14:32","10:41,13:58,15:47",4.81,77.88
Sophia Jones,"09:18,11:43,15:34,17:49","10:39,14:34,17:08,18:20",6.28,53.16
Maria Williams,"09:02,11:29,15:06,17:17","10:44,13:58,16:10,18:39",6.63,93.58
Michael Brown,"09:26,13:01,15:41","11:59,14:48,16:43",5.37,62.56
Maria Jones,"09:00,12:04,15:43","11:05,14:48,17:37",6.73,56.45
James Miller,"09:28,13:47,16:22,19:52","12:19,15:15,18:51,20:29",7.43,81.23
Sophia Brown,"09:08,11:29,14:29,17:23","10:29,13:28,16:32,18:42",6.72,74.06
James Williams,"09:23,13:34,15:37,17:56,21:07","12:08,14:45,17:08,20:03,21:30",7.96,95.66
Maria Jones,"09:03,12:31,15:03,18:17","11:27,14:02,17:04,18:50",6.49,73.71
Sophia Jones,"09:14,12:13,14:49,17:54","11:01,13:56,16:30,19:11",6.47,56.31
Olivia Johnson,"09:01,13:18,15:43,18:23","11:57,14:50,17:30,19:49",7.69,62.73
Robert Smith,"09:18,12:29,15:23","11:41,14:05,16:41",5.28,95.8
Michael Miller,"09:25,11:37,14:23","10:57,13:41,15:25",4.64,95.01
Emma Miller,"09:23,11:17,14:05,16:27,20:23","10:24,13:06,15:39,19:23,20:52",7.83,67.72
Michael Davis,"09:09,12:33,14:41","11:13,13:51,15:31",4.21,53.56
Maria Miller,"09:06,12:44,15:50","11:34,14:40,17:35",6.16,65.5
James Garcia,"09:04,12:59,16:38","11:59,15:17,17:08",5.72,95.38
John Miller,"09:01,11:37,14:12","10:23,13:12,15:23",4.15,61.93
Sophia Davis,"09:22,12:48,16:39","11:39,15:28,17:28",5.77,93.41
Olivia Williams,"09:22,12:16,14:31,17:35","10:53,13:45,16:33,19:00",6.45,52.43
Maria Miller,"09:00,11:12,14:15,17:13,19:52","10:23,13:29,16:29,18:35,20:27",7.86,86.87
Robert Martinez,"09:30,12:17,15:38,18:43","11:30,14:49,17:27,18:47",6.43,82
James Jones,"09:17,12:26,16:23,19:19,21:28","10:58,15:04,18:25,20:26,21:28",7.47,92.1
James Johnson,"09:08,12:04,15:52","11:02,14:55,18:40",7.56,70.79
Michael Garcia,"09:02,11:43,15:00,16:47","11:01,14:07,16:04,16:52",5.54,70.86
Robert Jones,"09:04,12:56,15:34,18:17","12:03,14:24,17:13,19:25",7.25,85.28
Emma Davis,"09:28,12:06,15:38,17:32","11:08,14:15,16:44,18:50",6.22,73.06
James Rodriguez,"09:28,13:11,16:23","12:15,15:40,17:19",6.21,82.99
David Davis,"09:26,12:53,16:23,19:09","11:27,15:35,18:08,20:02",7.36,94.05
Sophia Jones,"09:07,12:53,16:03","11:40,15:03,16:27",5.12,82.88
Michael Rodriguez,"09:06,12:01,14:18,16:47","10:53,13:12,15:55,17:49",5.63,71.72
Olivia Davis,"09:10,12:48,15:57","11:55,15:02,16:58",6,58.94
Sophia Miller,"09:20,12:58,15:21,18:53","12:11,14:21,17:54,19:22",7.28,50.19
Emma Smith,"09:00,12:42,16:26,19:04","11:46,15:29,17:47,20:04",7.91,69.36
Emma Johnson,"09:20,12:33,15:39","11:40,14:49,16:46",5.72,71.82
Alice Williams,"09:21,12:28,15:33","11:27,14:35,16:56",5.61,67.31
Olivia Miller,"09:15,12:32,15:38","11:30,14:51,16:18",5.25,80.38
David Smith,"09:16,12:22,14:34,18:27","11:23,13:46,17:26,19:57",7.89,64.55
Robert Davis,"09:02,12:56,15:59,18:42","11:33,15:03,17:50,20:05",7.87,92.5
Olivia Smith,"09:17,12:07,15:40,19:02","11:12,14:27,17:53,19:15",6.69,96.79
Alice Williams,"09:22,11:56,15:36","10:42,14:39,16:41",5.15,60.54
Olivia Smith,"09:12,11:46,15:27","10:26,14:20,18:10",6.52,92.05
John Davis,"09:19,12:57,15:53","11:47,14:56,16:37",5.19,50.07
Michael Smith,"09:03,11:41,13:21","10:27,12:50,14:52",4.07,64.35
Emma Brown,"09:02,11:33,14:02,17:34","10:23,12:50,16:43,19:17",7.04,97.19
Michael Jones,"09:01,10:55,13:12","10:07,12:01,15:09",4.15,58.35
Olivia Rodriguez,"09:25,12:03,15:27,18:28","11:00,14:25,17:29,18:54",6.43,51.03
Robert Williams,"09:06,11:35,14:27","10:31,13:28,15:10",4.02,83.51
Alice Miller,"09:04,11:12,13:02,15:32,19:35","10:35,12:16,14:36,18:18,20:26",7.78,95.88
Alice Williams,"09:27,11:58,14:43","10:37,13:29,16:15",4.23,98.2
James Smith,"09:30,12:20,15:46","11:27,14:30,16:41",5.04,52.48
Michael Garcia,"09:07,12:21,14:54,18:24","11:25,13:46,17:04,20:16",7.75,66.38
Alice Rodriguez,"09:12,11:20,14:19,17:19","10:34,13:19,16:14,18:45",6.7,97.33
Michael Williams,"09:10,12:59,16:47","11:40,15:49,18:01",6.57,94.74
Olivia Martinez,"09:05,11:18,13:31,16:55,19:35","10:11,12:46,15:52,18:26,19:53",6.74,56.76
Olivia Jones,"09:11,11:55,15:23","11:03,14:17,16:05",4.94,75.41
John Jones,"09:23,12:33,15:37","11:27,14:45,16:31",5.18,70.44
John Jones,"09:16,12:06,14:11,16:55","10:52,13:19,16:09,18:59",6.87,80.61
Alice Garcia,"09:02,11:56,14:36,17:13,19:21","10:58,13:40,16:21,18:40,19:46",7.29,90.96
Michael Johnson,"09:30,13:18,16:54","12:24,16:12,17:07",6.03,78.31
Robert Brown,"09:29,11:54,15:18,18:14","11:01,13:57,17:26,18:53",6.38,70.71
Robert Davis,"09:06,12:11,14:23,18:18","10:59,13:31,17:04,18:41",6.28,93.11
Michael Brown,"09:16,12:59","11:49,14:36",4.17,54.21
Alice Johnson,"09:16,12:28,15:20,18:04","11:45,14:24,17:10,19:26",7.63,69.36
Robert Smith,"09:04,11:41,15:13,18:38","10:36,14:12,17:40,19:32",7.41,70.33
Olivia Martinez,"09:09,11:28,13:55,16:16,18:57","10:10,12:42,15:26,17:58,20:26",6.96,85.35
Robert Davis,"09:30,12:00,15:48","10:52,14:41,16:51",5.11,86.61
Sophia Jones,"09:05,11:26,14:57,16:45","10:32,13:34,15:58,17:29",5.34,57.77
James Rodriguez,"09:10,13:05,15:25,18:12","11:58,14:26,16:59,18:15",5.78,85.37
Olivia Miller,"09:16,11:31,15:15,17:49","10:16,14:27,16:32,20:19",7.72,67.06
Alice Miller,"09:04,11:33,14:50","10:26,14:00,15:35",4.58,73.61
Olivia Davis,"09:03,11:06,15:00,17:02","10:15,14:01,16:09,17:42",5.94,67.42
James Jones,"09:08,11:30,15:36,18:14","10:40,14:29,17:13,20:01",7.93,71.89
Robert Martinez,"09:22,12:17,16:19,18:28,21:42","10:51,14:59,17:34,20:29,21:58",7.73,76.08
Emma Williams,"09:26,11:44,13:37,15:52,18:05,21:12","10:54,12:46,14:49,17:05,20:00,21:34",7.21,66.3
Alice Brown,"09:28,11:29,14:34,18:10","10:40,13:39,17:30,18:29",6.62,84.31
Sophia Martinez,"09:07,12:10,16:10,18:45","11:15,15:05,17:51,18:53",6.88,91.27
Michael Brown,"09:04,11:48,15:53,17:59","10:29,14:39,17:05,18:07",5.61,73.5
John Garcia,"09:13,12:13,15:44","11:12,14:31,17:22",5.93,77.87
Emma Garcia,"09:07,12:00","11:23,14:03",4.32,92.8
Olivia Smith,"09:10,12:18,14:47,18:20","11:14,13:58,17:30,19:20",7.46,78.61
Michael Martinez,"09:00,12:52,16:17","11:52,15:31,16:44",5.97,67.27
John Martinez,"09:00,12:01,15:02,17:34","10:35,14:13,16:43,19:58",7.87,81.54
Alice Miller,"09:25,12:40","11:42,14:27",4.08,79.22
John Miller,"09:00,11:43,14:25,18:26","10:54,13:28,17:13,19:52",7.9,82.15
John Smith,"09:15,11:54,15:14","10:46,14:01,17:50",6.24,66.88
James Johnson,"09:28,13:33,15:41","12:27,14:44,16:53",5.38,81.86
Maria Jones,"09:05,11:15,15:10","10:17,14:00,16:29",5.28,70.7
Michael Martinez,"09:12,13:12,16:28,19:36","12:04,15:14,18:16,20:10",7.27,85.18
John Jones,"09:28,13:16,16:00,18:34","12:22,15:13,17:48,19:25",7.51,56.82
David Williams,"09:07,12:50,14:44","11:56,13:53,16:35",5.73,98.78
Emma Williams,"09:01,12:38,15:14","11:42,14:24,15:42",4.92,99.46
John Williams,"09:08,12:18,15:23","11:15,14:12,16:42",5.34,96.15
James Jones,"09:28,12:00,14:34","11:06,13:35,15:26",4.08,75.24
Maria Johnson,"09:08,11:57,14:05,15:53","10:54,13:34,15:14,16:34",5.23,85.52
Michael Brown,"09:08,12:16,15:02,18:14","11:14,13:55,17:22,19:06",6.96,77.12
Michael Williams,"09:22,12:51,16:14","11:31,15:18,16:38",5.01,50.5
Sophia Brown,"09:24,12:12,14:33","11:08,13:30,15:39",4.15,73.78
Michael Brown,"09:29,12:04,14:11,18:07,20:39","11:18,13:05,16:59,19:29,20:43",7.08,88.83
John Garcia,"09:04,11:08,14:59,17:00,19:27","10:29,14:03,16:07,18:37,20:20",7.97,92.58
Robert Williams,"09:21,13:22,15:55","12:11,15:07,16:28",5.14,86.46
James Johnson,"09:21,11:35,14:33,18:12","10:27,13:36,17:01,18:21",5.75,76.23
David Garcia,"09:15,12:21,14:29,17:08,21:06","11:30,13:29,15:51,19:49,21:37",7.96,53.87
Maria Martinez,"09:17,13:00","12:03,15:17",5.05,55.15
Maria Rodriguez,"09:23,12:08,14:28,16:47","11:15,13:25,15:50,17:20",5.08,78.07
Emma Jones,"09:13,12:07,15:58","11:31,14:57,16:21",5.53,61.26
Olivia Rodriguez,"09:06,12:43,16:24,20:04","11:49,15:01,18:48,20:37",7.97,64.31
Alice Brown,"09:19,13:16,16:02,19:14","12:18,14:36,18:09,20:36",7.82,59.56
Emma Jones,"09:11,12:49","11:48,14:51",4.66,53.29
James Smith,"09:00,12:31,14:30,16:31","11:31,13:49,15:33,17:12",5.56,92.45
John Miller,"09:01,11:06,13:12,14:58,17:49","10:03,12:28,14:13,17:08,18:45",6.52,60.69
Michael Williams,"09:06,11:10,14:10,18:06","10:14,13:06,16:57,19:18",7.05,83.37
James Smith,"09:11,12:13,15:30,18:17","11:27,14:17,17:09,19:40",7.38,50.65
David Williams,"09:22,12:34,15:32,18:34","11:26,14:36,17:45,19:32",7.28,74.7
Maria Rodriguez,"09:20,11:39,14:56,17:12","10:35,14:13,15:59,18:09",5.83,93.44
John Davis,"09:00,11:36,15:23","10:25,14:25,16:05",4.93,60.52
David Brown,"09:06,11:10,14:39","10:09,13:49,15:01",4.08,72.32
Maria Martinez,"09:14,11:29,13:48,16:22","10:23,12:43,15:17,17:57",5.46,71.98
Sophia Brown,"09:19,12:35,15:26,18:51","11:42,14:37,17:32,19:02",6.7,84.04
David Garcia,"09:09,12:09,15:28","11:25,14:25,18:16",7.34,63.27
Michael Brown,"09:18,11:40,13:42","10:39,12:57,15:52",4.81,75.72
Emma Miller,"09:16,12:33,15:43","11:20,14:41,15:47",4.28,95.52
Sophia Martinez,"09:01,11:36,14:26,17:19","10:57,13:02,16:45,19:12",7.58,62.03
David Miller,"09:11,12:08,15:15,17:53","11:13,14:15,16:55,19:37",7.56,69.34
Robert Davis,"09:04,12:20,15:19,19:05","11:18,13:53,18:02,19:23",6.82,91.76
Olivia Rodriguez,"09:14,11:36,14:19,16:19","10:40,13:42,15:23,18:28",6.75,72.81
John Martinez,"09:06,12:01","11:14,14:25",4.53,74.06
Olivia Miller,"09:06,11:12,15:05,18:35","10:16,14:02,18:01,19:08",7.49,56.61
Robert Jones,"09:05,12:15,14:36","11:23,13:28,15:25",4.34,65.66
Robert Smith,"09:24,12:53","11:46,14:41",4.17,64.07
Maria Jones,"09:22,12:29,14:27","11:22,13:55,15:08",4.13,54.08
Robert Jones,"09:05,13:19","11:55,14:45",4.27,78.07
Emma Williams,"09:26,11:56,15:14","10:43,14:15,16:36",4.97,67.84
Maria Garcia,"09:03,11:49,13:55,16:33","10:56,13:08,15:47,18:37",7.14,51.21
Maria Martinez,"09:30,13:07,15:37,17:40","12:10,14:37,16:46,17:45",5.42,66.34
Maria Rodriguez,"09:05,12:18,14:56","11:31,14:00,15:34",4.78,90.31
David Garcia,"09:27,11:45,15:08","10:40,14:22,16:39",5.36,51.05
Emma Johnson,"09:24,11:24,15:28","10:34,14:15,15:48",4.35,71.54
John Johnson,"09:06,12:11,15:23","11:21,14:29,17:34",6.74,72.92
David Martinez,"09:03,11:52,14:17,16:20","10:53,13:18,15:31,16:54",5.08,88.18
Michael Davis,"09:06,12:53,15:06,17:43","11:40,14:07,16:27,19:44",7.18,61.93
James Jones,"09:20,11:39,13:54,16:19","10:46,12:54,15:25,17:06",4.98,69.95
Alice Miller,"09:05,12:24,14:46","11:22,13:56,15:03",4.11,73.2
David Brown,"09:28,12:10,14:12,16:29","11:19,13:15,15:34,17:21",5.17,66.16
Sophia Martinez,"09:24,13:33,16:04,18:41","12:18,15:13,17:47,20:17",7.89,56.51
Maria Johnson,"09:03,11:43,15:59,18:13","10:20,14:41,17:22,20:05",7.52,69.27
Emma Johnson,"09:16,12:35,15:42","11:43,14:40,17:23",6.22,97.96
Robert Jones,"09:04,11:19,13:40,16:03,18:09,21:16","10:14,12:58,15:09,17:06,20:10,21:32",7.63,56.94
Michael Miller,"09:30,11:33,13:46,16:12,20:25,22:46","10:36,12:45,14:52,19:07,21:26,23:05",7.66,55.58
James Williams,"09:02,11:13,15:04,17:14,19:10,21:36","10:16,13:43,16:23,18:17,20:24,22:15",7.99,90.69
James Garcia,"09:01,11:25,13:47,17:52","10:09,12:50,16:40,18:13",5.79,93.55
Alice Garcia,"09:14,12:03,14:13,16:17,19:37","11:11,13:13,15:43,18:40,20:36",7.99,58.25
Michael Brown,"09:05,11:29,14:59","10:21,13:44,17:23",5.93,89.38
John Miller,"09:18,11:51,13:57","10:50,13:01,15:33",4.31,77.8
James Martinez,"09:06,13:23","12:03,15:28",5.05,85.51
James Rodriguez,"09:00,11:17,14:40,17:25,20:16","10:04,13:53,16:18,19:08,20:18",7.06,94.82
Emma Rodriguez,"09:15,13:05,16:38","12:02,15:19,16:42",5.1,52.64
Emma Williams,"09:20,11:19,14:16","10:27,13:22,15:42",4.61,98.05
Maria Williams,"09:26,13:07,15:53","12:09,14:44,15:55",4.37,74.88
John Smith,"09:08,11:39,16:04","11:06,14:39,16:24",5.3,55.43
Robert Garcia,"09:06,13:20,16:17","12:05,15:11,16:54",5.46,67.49
Maria Garcia,"09:28,11:37,14:57,17:25","10:39,14:21,16:21,17:53",5.79,98.88
Emma Rodriguez,"09:14,12:04,15:04","11:25,13:56,16:05",5.08,71.22
Olivia Martinez,"09:18,11:34,13:43,16:35","10:45,12:45,15:30,17:09",4.99,59.78
Emma Martinez,"09:26,12:01,14:57","11:19,14:10,16:31",5.61,78.65
Robert Rodriguez,"09:13,13:00","12:02,15:04",4.89,58.98
Alice Brown,"09:11,11:40,14:55,18:33","10:36,13:41,17:18,19:55",7.19,58.53
Olivia Davis,"09:21,12:23,15:53,18:43","11:23,14:53,17:46,19:36",7.3,50.34
James Williams,"09:24,12:38,15:46","11:37,15:10,15:46",4.77,97.58
James Brown,"09:30,12:18","11:39,14:57",4.81,89.8
Alice Rodriguez,"09:20,12:00,15:55","11:10,14:50,16:21",5.1,80.42
Alice Smith,"09:07,12:00,14:51,17:16","10:50,13:52,16:11,17:35",5.24,69.88
Robert Smith,"09:19,12:40,15:02","11:27,13:58,15:37",4.02,86.46
Olivia Williams,"09:26,11:56,16:09,18:38","10:32,14:51,18:00,19:50",7.07,64.13
Sophia Miller,"09:23,13:10,15:41","12:09,15:02,16:47",5.74,88.41
David Johnson,"09:04,11:27,14:53","10:32,13:56,16:51",5.93,58.87
Emma Brown,"09:30,12:19,15:57","11:26,15:07,16:47",5.57,53.48
Alice Brown,"09:27,11:44,14:12,16:51","10:57,13:01,15:59,17:55",5.64,56.72
David Miller,"09:23,11:17,14:30","10:26,13:23,15:23",4.05,97.35
Maria Brown,"09:29,12:47,15:31","11:39,14:22,16:06",4.34,99.06
Maria Smith,"09:15,12:38,15:59","11:36,15:02,17:47",6.57,69.93
Maria Jones,"09:17,11:38,15:37,17:33,20:38","10:41,14:22,16:38,19:41,20:54",7.56,98.71
Emma Jones,"09:04,12:05,14:54","11:01,14:15,17:00",6.23,87.85
Emma Williams,"09:17,12:31,15:59,19:02","11:49,15:10,17:40,19:30",7.35,73.39
Robert Garcia,"09:02,12:04,15:00,16:47","11:04,13:49,16:04,17:01",5.1,59.48
Sophia Miller,"09:28,12:13,15:03","11:12,14:32,15:14",4.25,61.76
Sophia Johnson,"09:24,12:49,15:58","11:36,15:10,17:45",6.35,73.55
James Smith,"09:13,11:40,14:21,16:48","10:14,13:04,15:26,17:28",4.18,95.35
Olivia Jones,"09:21,11:47,14:14","11:09,13:11,15:22",4.34,84.88
Sophia Martinez,"09:25,11:36,15:42,18:22","10:31,14:31,17:03,20:12",7.21,52.4
Maria Martinez,"09:10,13:22,16:48","12:01,15:30,17:24",5.59,66.62
Robert Davis,"09:09,12:56,15:54","12:03,14:39,17:41",6.41,95.38
Maria Brown,"09:09,11:08,15:04,18:37","10:15,13:59,17:19,19:03",6.64,79.21
John Martinez,"09:08,11:12,13:58","10:27,13:18,15:36",5.06,98.07
Olivia Jones,"09:15,11:18,13:39,16:46","10:26,12:52,16:07,16:59",5.44,58.33
Olivia Garcia,"09:05,11:26,15:06","10:09,13:56,15:45",4.22,52.16
James Garcia,"09:00,12:20,14:14","11:11,13:25,16:42",5.74,66.74
Robert Johnson,"09:13,12:22,15:36,17:54","11:15,14:25,16:37,19:27",6.66,54.1
Michael Garcia,"09:02,12:25","11:25,14:04",4.05,84.79
Olivia Martinez,"09:20,12:35,14:41","11:35,13:40,16:32",5.2,57.57
Emma Brown,"09:24,12:03,15:33","11:02,14:33,17:06",5.69,96.8
Michael Brown,"09:21,11:49,14:52","10:52,13:51,16:19",5.01,75.17
David Johnson,"09:27,12:22,14:43,18:27","11:29,13:56,17:33,19:18",7.28,67.49
James Garcia,"09:02,12:18,15:54","11:10,14:49,16:45",5.51,61.24
Robert Brown,"09:19,12:40,15:17","11:27,14:09,17:40",6.01,99.57
James Martinez,"09:20,12:35,16:30","11:47,15:34,16:52",5.81,83.86
Sophia Miller,"09:23,12:21,15:10,19:16","11:17,13:53,17:56,19:48",6.75,88.75
Emma Smith,"09:22,11:58,13:54,16:03","11:02,13:04,14:58,16:53",4.68,85.52
Robert Miller,"09:24,12:16,15:21,18:57","11:34,14:43,17:38,19:57",7.91,85.31
Olivia Johnson,"09:30,13:16,15:26,17:43","12:17,14:17,16:48,17:51",5.31,63.25
Emma Garcia,"09:22,12:26,15:24,18:48","11:27,14:12,17:39,19:17",6.59,55.85
Alice Garcia,"09:23,13:04,15:33,19:42","11:52,14:34,18:24,20:41",7.82,66.08
David Rodriguez,"09:21,12:40,16:02","11:40,15:13,16:10",5.01,89.65
Sophia Martinez,"09:10,12:11,14:41,18:11","10:55,13:41,17:34,18:20",6.29,61.13
Sophia Johnson,"09:16,12:16,15:55,19:00","11:18,15:06,17:34,19:32",7.06,57.76
Maria Martinez,"09:23,12:28,15:22,19:01","11:33,14:38,18:09,19:29",7.6,52.21
Michael Jones,"09:08,11:12,14:37,17:25,19:39,21:33","10:13,13:55,16:03,18:42,20:43,21:48",7.85,72.91
Sophia Jones,"09:07,11:58,15:54","10:34,14:54,16:30",5,68.99
John Williams,"09:21,11:29,13:50,16:18","10:25,13:01,15:22,19:11",7.02,98.43
Alice Davis,"09:09,12:31,15:25","11:31,14:23,16:42",5.52,52.13
Alice Martinez,"09:00,12:33,16:14","11:33,15:25,16:46",5.95,65.32
Sophia Rodriguez,"09:11,12:19,15:48,17:50,20:34","10:52,15:06,16:54,19:17,21:16",7.73,95.72
Olivia Rodriguez,"09:13,11:27,14:29,17:36,19:41","10:24,13:40,16:33,18:57,20:33",7.7,55.34
David Brown,"09:05,12:22,15:33,17:58","11:10,14:32,17:03,18:54",6.69,53.3
Robert Williams,"09:10,12:21,16:07","10:55,15:09,17:51",6.29,64.91
James Smith,"09:29,11:57,14:14","10:39,13:20,15:50",4.16,91.19
Michael Williams,"09:02,13:03,15:02","11:59,14:03,16:32",5.45,58.07
Sophia Miller,"09:02,12:19,15:12,17:54,20:26","10:59,13:58,16:42,19:05,21:47",7.64,79.34
Emma Williams,"09:26,11:42,14:51,17:30","10:33,13:41,16:24,18:14",5.39,91.95
Michael Garcia,"09:11,12:18,15:51","11:19,15:09,16:35",5.73,96.06
Michael Davis,"09:23,12:40,15:12","11:44,14:29,15:57",4.93,83.36
Maria Garcia,"09:23,12:55,15:59,18:35","12:22,15:15,17:39,18:37",7.02,57.98
John Williams,"09:17,11:05,14:29,17:36","10:22,13:08,16:48,19:19",7.17,88.57
Alice Davis,"09:00,12:58,14:54,17:24","11:51,14:08,16:21,19:10",7.24,77.73
James Johnson,"09:00,12:07","11:33,14:14",4.68,58.78
Maria Garcia,"09:20,12:57,17:13,19:16","11:39,15:57,18:22,19:29",6.7,91.05
John Davis,"09:00,12:47,15:27,18:59","11:22,14:33,17:51,19:08",6.69,78.69
James Brown,"09:09,12:00,14:35,17:07","10:54,13:45,16:08,18:50",6.78,79.59
John Smith,"09:01,12:47,15:56","11:51,15:03,16:00",5.18,51.71
Michael Brown,"09:14,12:33,15:22","11:35,14:48,16:00",5.24,97.33
Emma Martinez,"09:16,11:34,14:19","10:46,13:28,15:48",4.88,84.63
Olivia Williams,"09:06,12:03,13:51,16:34,18:41","10:59,13:10,15:13,17:36,20:33",7.28,96.15
Alice Jones,"09:12,12:41,16:36","11:25,15:22,16:57",5.27,89.99
Maria Davis,"09:14,11:53,14:24,16:28","10:46,13:32,15:45,17:15",5.33,65.34
Emma Miller,"09:22,12:43,16:32","11:45,15:16,16:42",5.11,97.28
Michael Martinez,"09:29,11:53,14:26,16:50","10:52,13:11,15:42,18:14",5.35,65.95
Olivia Smith,"09:07,12:43,15:36,17:36","11:40,14:35,16:53,17:37",5.72,92.34
Emma Martinez,"09:16,12:02,14:52,18:31","11:05,13:38,17:10,19:53",7.09,95.27
Sophia Davis,"09:06,11:59,14:14,17:11,20:03","11:00,13:13,16:07,19:14,20:04",7.09,86.94
Emma Williams,"09:27,12:57,15:11,18:30","11:50,14:31,17:45,18:32",6.56,51.4
James Miller,"09:10,12:49,16:30","11:19,15:06,17:12",5.15,77.66
Michael Williams,"09:14,11:25,14:54","10:44,13:56,17:43",6.84,50.54
Alice Rodriguez,"09:12,11:20,14:06,17:29","10:34,13:07,16:13,17:34",5.36,98.95
Robert Rodriguez,"09:02,11:38","10:30,14:13",4.06,92.31
Maria Miller,"09:28,12:43,15:00,19:02","11:57,14:09,17:56,19:53",7.71,89.32
Maria Miller,"09:04,12:39,15:25,18:52","11:26,14:20,17:49,19:19",6.91,54.04
Robert Smith,"09:14,12:45,15:45","11:43,14:49,16:36",5.4,79.27
Alice Davis,"09:23,12:47,15:12,16:56","11:24,13:58,16:20,18:22",5.78,64.16
Michael Davis,"09:08,11:51,14:38,18:33","11:05,13:40,17:27,18:36",6.64,81.63
Alice Jones,"09:12,12:30,14:42,17:41,20:27","11:46,13:49,16:34,19:26,20:53",7.95,91.86
Maria Smith,"09:02,12:17","11:14,14:16",4.19,87.96
Alice Davis,"09:18,13:35,16:41","12:08,15:50,17:12",5.62,57.17
James Garcia,"09:28,12:12,14:58","11:14,14:08,16:01",4.76,76.03
Sophia Garcia,"09:29,11:25,15:23","10:33,14:17,15:31",4.08,58.83
Alice Brown,"09:04,11:06,14:34,17:05","10:05,13:32,16:23,18:57",7.14,59.81
John Rodriguez,"09:13,11:59,14:43","10:55,13:35,15:38",4.23,51.92
David Smith,"09:06,12:00,14:47,18:07","10:31,13:52,17:15,19:47",7.42,74.2
Emma Davis,"09:02,12:24,16:26","11:21,15:00,17:48",6.3,97.61
James Williams,"09:12,12:36,15:24,18:10","11:16,14:07,17:09,18:58",6.14,96.62
Olivia Garcia,"09:14,11:56,14:09,16:26","10:54,13:04,15:28,17:34",5.25,86.89
David Smith,"09:11,11:54,14:27,16:29","10:38,13:24,15:53,18:26",6.34,85.4
Emma Martinez,"09:07,12:52,16:18","11:41,15:15,18:20",6.99,73.75
Robert Smith,"09:25,13:00,16:53","11:56,15:49,17:47",6.24,53.64
David Jones,"09:30,12:25,16:00","11:19,14:55,18:26",6.77,58.09
John Davis,"09:10,12:00,15:28,18:42","11:10,14:24,17:34,19:44",7.55,56.29
Olivia Smith,"09:27,12:51","12:00,14:55",4.63,63.91
Alice Rodriguez,"09:27,11:55,14:30,17:44","10:47,13:48,16:39,19:11",6.83,90.87
Emma Johnson,"09:21,11:36,14:58","10:45,14:18,15:48",4.94,75.94
John Jones,"09:05,11:41,14:16,18:28","10:36,13:03,17:07,18:35",5.87,54.1
Sophia Jones,"09:18,13:18,15:48","11:53,14:35,16:20",4.42,92.99
John Davis,"09:05,11:28,14:51,17:43","10:07,13:46,16:53,19:48",7.45,68.76
Olivia Williams,"09:23,12:02,15:50,18:41","11:13,14:38,17:59,18:55",6.83,88.31
Olivia Garcia,"09:07,11:46,14:44","10:54,13:22,16:34",5.23,75.7
David Davis,"09:12,11:46,15:27","10:56,14:33,17:32",6.6,73.6
Maria Rodriguez,"09:14,11:20,14:06,16:44","10:17,13:19,15:39,17:37",5.48,78.57
Robert Williams,"09:04,11:38,15:21","10:23,13:53,16:59",5.2,61.58
Maria Jones,"09:28,12:02,14:20,16:57","10:51,13:40,16:08,18:39",6.53,50.91
Robert Martinez,"09:14,12:12,15:46,18:21","11:08,14:47,17:16,19:45",7.39,75.7
Emma Brown,"09:09,12:40,14:23","11:22,13:41,16:02",4.9,80.22
John Johnson,"09:13,13:10,17:07","11:47,16:08,18:07",6.55,63.45
Maria Smith,"09:13,13:06,15:27,17:15,20:02","12:03,14:41,16:41,18:58,20:21",7.68,85.22
John Jones,"09:14,11:33,13:45","10:27,12:58,16:04",4.95,67.73
Michael Davis,"09:16,11:11,14:00,17:00,19:23","10:18,12:56,16:17,18:27,19:44",6.87,81
Sophia Brown,"09:23,11:37,14:14","10:38,13:13,15:52",4.48,50.51
James Brown,"09:24,13:25,16:26","12:21,15:31,17:43",6.35,79.5
John Miller,"09:02,11:32,15:08,17:48","10:11,14:02,16:45,17:49",5.29,60.61
Alice Brown,"09:14,12:01,15:22","11:03,14:00,16:08",4.58,86.14
Maria Smith,"09:29,11:27,15:27,18:20,20:57","10:31,14:17,17:04,20:01,21:15",7.47,68.77
James Jones,"09:30,13:00,16:04","11:36,14:56,16:49",4.79,62.1
John Rodriguez,"09:21,11:39,14:45,18:47","10:47,14:04,17:34,19:13",7.11,54.36
James Jones,"09:13,11:54,14:05","10:30,13:01,16:05",4.4,81.61
John Williams,"09:30,12:15,14:12,16:04","11:16,13:23,15:16,18:35",6.49,82.69
Olivia Williams,"09:29,13:05,16:27","12:24,15:07,16:48",5.31,66.09
Maria Miller,"09:22,12:28,14:28,16:39,18:56","11:40,13:32,15:40,17:59,19:42",6.68,52.31
Alice Brown,"09:10,12:27,15:40","11:23,14:30,18:12",6.8,64.44
Olivia Brown,"09:27,12:59,16:04,18:29","11:49,14:35,17:44,19:36",6.76,85.27
Alice Miller,"09:17,11:43,14:59,17:29,20:02","10:51,14:03,16:32,19:18,20:39",7.89,58.78
John Williams,"09:14,12:11,14:57","11:06,14:10,15:15",4.16,80.72
Alice Smith,"09:07,13:07","11:50,15:30",5.11,86.46
Sophia Davis,"09:25,12:48,16:28","12:01,15:15,16:46",5.35,53.88
Robert Johnson,"09:18,13:06,15:38","12:11,14:32,16:27",5.14,88.04
James Smith,"09:20,12:59,14:45","12:05,14:15,16:28",5.75,74.84
Michael Smith,"09:26,11:49,13:55,16:16,19:04","11:09,13:09,15:23,18:07,19:55",7.23,65.42
Michael Williams,"09:02,11:14,14:28","10:16,13:33,15:21",4.44,87.25
Olivia Miller,"09:18,11:03,15:18","10:20,14:02,16:26",5.16,80.7
Michael Smith,"09:03,12:32,14:53","11:46,14:08,14:53",4.33,90.18
Emma Johnson,"09:09,12:12,14:12,17:10","11:13,13:35,16:00,19:31",7.61,98.44
Sophia Miller,"09:16,13:17,15:50","12:05,14:49,17:00",5.52,57.05
Sophia Johnson,"09:18,12:03,15:47,17:53","10:43,14:43,17:01,18:58",6.41,79.87
Olivia Johnson,"09:15,11:44,15:10,18:06","10:21,13:52,16:49,19:46",6.56,53.43
James Martinez,"09:15,11:36,14:32,16:54","10:17,13:49,15:51,17:27",5.13,55.96
Olivia Williams,"09:22,13:11,15:13","12:08,14:14,16:13",4.83,52.52
Emma Jones,"09:12,11:32,14:26,16:36,18:58","10:25,13:44,15:46,18:20,19:30",7.02,76.85
John Williams,"09:05,11:49,14:50","10:39,13:53,16:38",5.45,82.18
Michael Williams,"09:08,12:07,14:59,17:46","10:41,14:09,16:47,18:50",6.46,98.01
Sophia Jones,"09:02,12:42,15:48","11:35,15:00,17:37",6.68,86.97
Sophia Rodriguez,"09:17,13:10","12:06,14:40",4.33,63.24
David Davis,"09:08,11:26,14:30,17:43,19:28","10:30,13:33,16:52,18:44,20:13",7.62,95.3
John Johnson,"09:24,12:08,15:12","11:07,14:15,15:49",4.46,50.24
Robert Smith,"09:03,12:42,14:53","11:44,14:04,15:07",4.3,88.68
Maria Martinez,"09:13,12:11,15:02,17:45","11:00,14:02,17:03,18:40",6.57,51.1
Alice Rodriguez,"09:24,11:57,14:47,17:22,20:20,22:42","10:47,13:39,16:18,19:10,21:34,23:03",7.99,93.17
Olivia Smith,"09:07,11:42,13:36,17:14","10:21,13:01,16:08,18:25",6.27,62.72
James Garcia,"09:18,13:08,15:25,18:33","12:11,14:22,17:17,20:05",7.52,58.38
Emma Johnson,"09:19,11:59","11:07,14:45",4.58,94.61
David Rodriguez,"09:30,11:53","11:21,14:37",4.59,97.38
John Rodriguez,"09:29,13:26,15:37,18:08","12:25,14:27,16:56,18:43",5.87,51.93
Robert Garcia,"09:24,12:06,14:17","10:59,13:21,16:44",5.29,79.17
Alice Brown,"09:30,13:02,16:10","11:53,14:40,16:50",4.69,73.53
James Williams,"09:02,11:28,15:07,18:03,20:32","10:29,13:54,17:03,19:28,20:41",7.39,95.21
Alice Garcia,"09:07,12:53","11:48,14:17",4.09,67.28
John Jones,"09:18,13:05,15:54","11:49,14:49,18:21",6.7,70.58
Sophia Rodriguez,"09:29,13:12,15:57,18:28","12:12,14:36,17:05,19:37",6.41,81.82
Alice Rodriguez,"09:25,12:22,15:56","11:30,14:40,16:04",4.53,72.52
Olivia Jones,"09:15,12:18","11:19,14:42",4.48,97.69
John Miller,"09:19,13:18","12:14,14:34",4.2,75.52
Michael Davis,"09:01,11:12,14:05,16:25","10:19,13:06,15:28,17:19",5.49,97.97
Olivia Garcia,"09:23,11:41,13:58,16:32","10:34,13:02,15:33,17:56",5.53,96.77
Maria Williams,"09:03,13:14,16:34","12:00,15:24,17:15",5.8,67.72
David Smith,"09:02,12:58,15:13","11:37,14:35,16:57",5.93,56.49
John Davis,"09:10,12:30,14:48","11:31,13:35,15:25",4.06,81.93
Robert Martinez,"09:30,11:27,14:14,16:52","10:41,13:26,16:15,18:05",6.41,96.45
Alice Jones,"09:30,13:17,16:30,18:37,20:52","11:55,15:33,17:55,19:49,20:59",7.43,97.23
Robert Rodriguez,"09:19,13:11,16:58,19:22","12:00,15:37,18:30,20:01",7.31,54.39
Michael Miller,"09:27,12:14,14:38,17:10","11:00,13:39,16:22,18:26",5.98,79.61
Robert Johnson,"09:04,12:29,15:39,18:54","11:29,14:48,17:31,20:12",7.91,50.68
Maria Davis,"09:29,11:33,15:33","10:56,14:12,15:41",4.23,75.23
Alice Johnson,"09:24,12:41,14:47,16:33,19:11,21:55","11:37,13:51,15:50,18:04,20:29,22:13",7.55,86.62
James Jones,"09:17,12:06,15:01,17:41","11:01,13:40,16:40,18:03",5.32,79.83
Sophia Johnson,"09:00,12:51,16:03","11:56,15:18,16:56",6.28,61.86
Michael Johnson,"09:15,12:55","12:00,14:51",4.68,60.21
Emma Davis,"09:10,13:00","12:03,14:13",4.1,71.53
Maria Miller,"09:27,12:44,14:33,17:56","11:49,13:51,16:49,19:49",7.65,52.65
Emma Rodriguez,"09:19,11:49,15:41,18:14","10:58,14:47,17:26,18:32",6.67,87.24
David Davis,"09:16,12:23,14:33,17:21","11:35,13:32,16:25,18:17",6.27,60
Emma Rodriguez,"09:22,12:51,16:49","11:54,15:47,18:43",7.37,87.86
James Smith,"09:15,12:00,15:31,18:50","10:42,14:25,17:41,20:38",7.85,95.94
Robert Martinez,"09:24,12:26,16:05","11:32,15:05,16:40",5.38,73.59
Olivia Garcia,"09:06,12:26,15:30","11:33,14:03,18:05",6.66,64.71
Robert Williams,"09:17,13:20,15:32,18:27","12:14,14:31,17:40,19:06",6.92,59.38
David Johnson,"09:27,11:28,13:59,16:13,18:50","10:41,12:45,15:27,17:52,18:51",5.66,51.9
Sophia Brown,"09:07,12:07,15:41","11:29,14:25,17:17",6.28,72.28
Maria Johnson,"09:10,11:35,13:48,16:33","10:24,12:48,15:37,18:34",6.3,53.51
Robert Jones,"09:01,11:04,13:22,16:26,18:48","10:05,12:11,15:28,17:51,20:25",7.33,98.98
Sophia Williams,"09:01,12:29","11:51,14:30",4.86,64.69
David Rodriguez,"09:08,11:09,14:15","10:14,13:02,16:38",5.38,72.8
James Jones,"09:18,11:41,13:33,15:47","11:00,12:47,14:53,17:15",5.61,82.92
Emma Johnson,"09:30,12:58,16:00","11:55,15:26,17:41",6.58,82.99
John Garcia,"09:18,12:05,14:47","10:55,13:58,16:00",4.72,91.28
Emma Brown,"09:22,12:21,15:43","11:35,14:56,16:38",5.73,98.72
John Johnson,"09:02,11:28,14:40,18:24,20:09","10:30,13:52,17:00,19:30,20:20",7.49,96.76
Michael Jones,"09:26,12:25,16:07,19:31","11:34,15:23,18:33,19:56",7.96,50.66
Sophia Martinez,"09:07,11:10,14:55","10:12,13:53,15:17",4.17,78.24
Michael Williams,"09:23,12:27","11:36,14:19",4.09,80.04
James Johnson,"09:02,11:46,14:38","10:52,13:38,14:58",4.05,64.92
Emma Garcia,"09:12,11:43,15:32,18:51","10:20,14:20,17:58,19:28",6.81,89.67
John Martinez,"09:04,11:59,13:52","10:55,13:14,14:59",4.22,76.73
Sophia Williams,"09:30,13:05,16:08,19:22","12:08,15:12,18:26,19:38",7.33,56.38
James Brown,"09:17,12:44,16:17","11:45,14:59,17:30",5.94,56.7
Sophia Martinez,"09:07,12:48,16:02,18:27","11:59,14:39,17:40,19:22",7.28,78.69
Sophia Brown,"09:25,12:43,16:12,18:35","11:46,15:03,17:36,18:43",6.23,93.69
Michael Rodriguez,"09:09,11:52,15:42,19:50","10:35,14:52,18:36,20:08",7.64,98.18
James Smith,"09:29,13:25,17:01","12:15,16:17,19:01",7.63,85.79
Robert Brown,"09:29,13:15,15:15","12:06,14:16,16:29",4.87,82.13
David Brown,"09:05,12:43","11:52,14:22",4.44,89.42
Alice Martinez,"09:18,12:34,15:57","11:34,15:17,15:57",5,78.15
John Martinez,"09:22,13:29,16:37,20:02","12:11,15:37,18:54,20:37",7.83,85.43
Robert Johnson,"09:01,12:20,16:01,19:13","11:05,14:46,17:52,20:19",7.46,68.01
Sophia Williams,"09:08,11:27,14:18,16:21","10:24,13:26,15:35,18:10",6.35,91.2
Michael Jones,"09:02,12:24,14:53,18:03","11:19,14:08,17:13,19:19",7.62,75.14
Maria Brown,"09:06,10:56,13:34,16:29,18:34,20:49","10:14,12:36,15:31,17:51,19:41,20:54",7.32,50.46
David Jones,"09:20,13:26,15:38","12:13,14:42,16:42",5.23,80.69
Olivia Miller,"09:19,12:11,14:59,18:44","11:01,13:46,17:51,19:39",7.07,91.78
David Smith,"09:03,12:03,14:43,17:52","11:00,14:00,16:47,18:14",6.34,99.02
Olivia Rodriguez,"09:19,11:44,14:40,16:32","10:48,13:46,15:50,17:36",5.76,68.7
Maria Johnson,"09:24,12:54,15:03","11:54,14:03,15:45",4.35,55.17
Sophia Johnson,"09:10,11:40,14:15,17:04","10:29,12:49,15:53,18:35",5.62,56.45
Alice Johnson,"09:25,11:38,14:06,17:21,19:49,22:32","10:38,13:10,16:02,18:34,21:35,22:44",7.87,55.2
Emma Davis,"09:09,13:18,16:24","11:52,15:17,18:45",7.06,75.11
Sophia Rodriguez,"09:22,11:51,14:54","10:29,14:06,15:59",4.46,75.88
John Davis,"09:02,11:54,14:09","10:53,13:26,15:05",4.32,62.31
Emma Miller,"09:21,11:32,13:56","10:40,13:08,15:26",4.42,92.12
Alice Miller,"09:29,12:27,15:25","11:21,14:37,17:05",5.71,90.57
David Miller,"09:27,12:16,15:11","11:25,14:39,15:34",4.74,83.97
Olivia Miller,"09:16,12:03,15:21,18:22","11:05,14:07,17:18,18:23",5.86,88.65
James Rodriguez,"09:06,12:55","11:48,14:38",4.43,99.13
Robert Jones,"09:05,11:43,15:00,17:47","10:50,14:22,17:11,18:13",7.02,63.88
Michael Williams,"09:02,12:14,14:43,18:28","11:24,13:39,17:23,19:13",7.21,52.78
Sophia Jones,"09:28,12:03,15:13,18:31,20:49","10:57,13:50,17:13,19:41,21:54",7.52,52.87
Michael Miller,"09:04,11:46,15:44,18:25","10:30,14:17,17:21,18:48",5.96,64.39
Emma Smith,"09:21,11:18,14:31","10:25,13:43,15:04",4.05,63.07
Robert Williams,"09:27,12:03,14:33,17:31","11:05,13:46,16:24,18:30",6.18,62.18
Maria Jones,"09:17,11:53,14:29,18:21","10:47,13:49,17:06,19:54",7.6,96.15
Sophia Johnson,"09:12,13:02","12:00,15:01",4.8,94.98
Robert Miller,"09:04,11:53,14:07","10:48,13:03,16:32",5.32,68.34
Emma Davis,"09:28,12:18,16:26","11:07,15:07,17:08",5.18,62.14
David Garcia,"09:22,11:56,15:29,17:58","10:34,14:31,17:06,19:56",7.38,84.01
Alice Johnson,"09:18,12:25,14:58,18:09,20:49","11:30,13:38,17:10,19:44,20:57",7.35,51.07
Michael Garcia,"09:17,12:51,15:35","12:03,14:24,16:18",5.04,75.34
James Williams,"09:08,12:48,16:12,19:21","11:25,14:50,17:56,20:24",7.12,50.73
Olivia Williams,"09:10,12:53,15:11","12:05,14:17,16:25",5.56,75.06
Sophia Johnson,"09:20,12:29","11:56,13:56",4.06,62.46
Michael Johnson,"09:11,12:23,15:16","11:40,14:14,16:52",5.93,70.89
Alice Brown,"09:25,12:15,16:10,18:53","10:54,15:12,18:11,19:52",7.44,72.61
Maria Miller,"09:09,11:37,14:05,16:40,19:13,21:16","10:21,12:43,15:43,18:16,20:19,22:13",7.6,50.06
Robert Johnson,"09:08,11:30,14:46,17:58","10:45,13:32,16:47,19:14",6.95,69.15
David Jones,"09:05,12:21,14:48,17:01","11:32,14:12,16:06,17:42",6.3,75.32
Sophia Brown,"09:03,11:44,13:38,16:25","10:23,12:46,15:32,18:31",6.38,56.35
Michael Miller,"09:26,11:27,13:35,16:30","10:48,12:33,15:38,18:03",6.08,97.14
John Williams,"09:13,13:08,16:07","12:03,14:54,17:03",5.54,69.36
John Miller,"09:06,12:38,15:10","11:34,14:19,16:29",5.48,67.94
David Johnson,"09:03,10:54,14:47","10:07,13:38,17:09",6.17,79.79
John Williams,"09:23,12:00,15:38,17:27","10:48,14:30,16:47,18:58",6.58,50.36
James Rodriguez,"09:19,11:56,14:57,17:22,19:22,21:56","10:57,13:30,16:28,18:41,20:53,22:07",7.74,94.44
Alice Martinez,"09:18,12:16,15:11,18:17","11:13,14:00,17:19,19:34",7.07,58.55
Olivia Brown,"09:12,12:41,15:40","12:01,14:48,18:09",7.43,66.33
Michael Miller,"09:03,12:58,16:22","12:00,15:35,16:53",6.09,86.93
Sophia Martinez,"09:15,12:43,16:39","11:43,15:38,16:54",5.65,50.84
Sophia Williams,"09:08,11:59,15:51,19:57","10:40,14:42,18:32,20:00",6.99,79.63
Maria Jones,"09:14,12:44,14:55,18:18","11:52,13:51,17:07,19:17",6.94,95.91
Olivia Williams,"09:28,12:20,15:49,19:21","11:10,14:25,18:47,19:36",7.01,56.95
Sophia Miller,"09:13,12:55,15:26,18:24,20:52,22:31","11:58,14:21,16:54,19:37,21:58,22:31",7.98,52.35
Alice Miller,"09:21,13:00,16:30","11:58,15:21,17:16",5.75,74.59
Olivia Williams,"09:06,12:33,15:00","11:42,13:52,15:10",4.1,65.71
Michael Rodriguez,"09:15,12:54,16:20,18:47","11:54,15:34,17:47,19:53",7.88,62.2
Sophia Miller,"09:00,11:18","10:22,14:16",4.34,62.51
Maria Martinez,"09:17,13:09,16:12","12:00,15:00,18:06",6.48,61.04
David Brown,"09:05,13:08,15:25","12:03,14:37,17:42",6.74,64.33
Alice Jones,"09:23,12:39,16:24","11:16,15:29,17:22",5.7,89.74
Emma Jones,"09:25,13:10,16:10,18:38,21:26","11:49,15:04,17:59,20:29,21:27",7.99,56.31
James Brown,"09:24,12:46,16:01","11:55,15:19,16:33",5.61,57.74
David Martinez,"09:23,13:13,16:33","12:10,15:35,17:36",6.2,81.52
Emma Jones,"09:15,11:07,15:16","10:35,13:54,16:21",5.21,99.15
Michael Miller,"09:26,12:52,16:33","12:18,15:11,16:53",5.53,63.1
Sophia Rodriguez,"09:13,12:12,15:11","11:23,13:57,16:45",5.5,74.37
Alice Brown,"09:16,12:24,15:49","11:30,14:43,16:48",5.54,86.22
John Johnson,"09:07,11:05,14:15","10:14,12:58,15:31",4.27,66.23
Olivia Williams,"09:02,12:28,16:02,19:03","11:40,15:03,18:23,19:20",7.86,94.04
Emma Johnson,"09:29,11:37,15:33","10:40,14:25,18:16",6.71,81.82
Emma Smith,"09:26,11:28,14:28,16:50","10:42,13:38,16:05,17:19",5.55,94.64
James Smith,"09:02,12:14,14:24,17:34,19:27","11:19,13:20,16:59,18:50,19:40",7.46,59.58
Olivia Williams,"09:29,11:19,14:02,16:03,19:04","10:41,13:14,15:02,18:06,19:44",6.83,87.88
Emma Martinez,"09:06,11:27,13:55,17:59","10:13,12:48,16:48,18:52",6.25,61.98
Alice Davis,"09:11,12:09,15:51","11:10,14:53,16:48",5.68,57.34
Olivia Brown,"09:15,11:56,14:27,18:03,20:13","10:42,13:23,16:38,19:15,20:17",6.36,51.79
John Brown,"09:13,13:04,15:27","12:02,14:57,17:00",6.26,68.99
Sophia Smith,"09:17,12:32,14:57","11:32,14:22,14:59",4.12,99.04
Maria Rodriguez,"09:13,12:44,14:58,17:16,19:54","11:48,13:57,16:18,18:45,20:14",6.97,89.46
John Johnson,"09:28,12:39,16:27,19:03","11:35,15:33,18:10,20:07",7.8,71.11
Alice Miller,"09:20,12:46,14:49,17:31","11:41,14:11,16:59,18:31",6.95,57.97
Sophia Rodriguez,"09:04,11:40,15:27","10:31,14:35,17:02",5.96,80.56
Michael Smith,"09:18,11:57,14:56","10:46,13:52,16:06",4.56,99.61
Sophia Johnson,"09:21,12:57,16:51","12:02,15:47,16:51",5.53,52.68
Sophia Smith,"09:28,12:57,16:47","11:53,15:42,17:41",6.08,70.6
David Miller,"09:06,12:30,16:05,18:58","11:11,14:44,18:07,20:34",7.97,73.82
John Jones,"09:08,12:24,15:19","11:16,14:42,15:49",4.93,59.58
James Johnson,"09:01,11:19,13:44,16:52","10:24,12:33,15:54,17:08",5.06,88.14
Michael Rodriguez,"09:02,13:04,15:51","11:49,14:53,17:47",6.54,70.86
Olivia Miller,"09:24,13:10","12:15,14:32",4.23,54.13
James Miller,"09:15,12:04,15:26","10:45,14:05,16:36",4.69,81.64
Olivia Williams,"09:26,12:59","12:19,14:09",4.05,66.56
Sophia Jones,"09:08,11:56,15:32,18:06","10:56,14:32,16:48,18:32",6.1,58.41
Michael Miller,"09:01,12:47,14:54","11:29,14:01,15:38",4.43,74.72
Maria Johnson,"09:20,11:35,14:07,17:36,20:48","10:20,12:46,16:29,19:51,21:02",7.04,63.3
James Jones,"09:02,11:55,14:52","11:09,13:52,16:49",6.02,69.24
David Davis,"09:06,12:13,15:41,18:18","11:14,14:39,17:01,19:07",6.73,56.5
Emma Johnson,"09:26,12:01,14:39,17:22","11:00,13:32,16:38,17:42",5.41,57.19
Robert Rodriguez,"09:08,12:14,15:08","11:14,14:01,16:47",5.54,54.62
David Smith,"09:29,11:48,14:36,17:19,19:50","10:52,13:44,16:34,19:12,20:16",7.6,68.7
Michael Martinez,"09:07,12:57,16:14","12:05,14:47,16:32",5.1,59.96
John Davis,"09:20,12:24","11:30,14:50",4.6,91.14
Alice Smith,"09:05,12:05,14:09,17:19","10:52,13:19,16:16,19:03",6.88,54.69
James Davis,"09:13,12:36,16:31","11:31,15:15,18:35",7.03,75.94
Emma Johnson,"09:12,12:12,16:11","10:57,14:49,16:38",4.82,75.05
James Williams,"09:19,12:25,15:43,18:02","11:14,14:54,16:50,19:21",6.84,94.69
Sophia Rodriguez,"09:02,12:41,15:18","12:00,14:06,17:37",6.71,84.26
Michael Brown,"09:08,12:55","11:33,15:41",5.18,69.73
Robert Miller,"09:01,11:08,15:16","10:10,14:03,17:17",6.09,90.03
John Jones,"09:30,12:54,15:04,19:04","11:59,13:59,17:59,20:01",7.44,57.39
Maria Johnson,"09:26,12:51,16:22","11:41,15:16,17:43",6.03,73.37
Emma Davis,"09:20,11:39,14:25,16:56","10:51,13:17,15:43,17:23",4.9,76.19
John Davis,"09:01,11:03,13:49","10:29,12:47,15:55",5.3,54.75
John Martinez,"09:28,11:59,14:43,16:58","11:12,13:36,16:10,17:12",5.04,74.55
John Rodriguez,"09:14,12:13,14:45,17:42","11:15,14:01,16:33,18:05",6.01,76.12
David Rodriguez,"09:21,13:35,16:17","12:19,15:26,17:43",6.27,87.25
Emma Davis,"09:20,13:14,16:44","11:59,15:33,17:10",5.41,54.52
John Davis,"09:21,11:56,14:24,18:01","11:01,13:19,17:13,19:56",7.79,79.16
Emma Jones,"09:09,12:12,15:33,17:58","11:19,14:37,17:16,18:41",7.03,57.65
Maria Johnson,"09:01,11:04,14:24,17:07,20:14","10:05,13:12,15:55,19:32,20:47",7.7,87.57
Olivia Smith,"09:10,13:26,16:50","11:57,16:06,18:07",6.74,52.1
David Smith,"09:07,12:33","11:59,13:48",4.12,81.01
Emma Miller,"09:05,12:28,15:16","11:16,14:06,16:45",5.31,89.53
Alice Miller,"09:20,11:29,13:14,15:23,17:44","10:56,12:32,14:49,16:26,19:04",6.62,77.05
James Johnson,"09:03,11:12,13:33,15:44","10:15,12:53,14:40,16:36",4.88,98.15
Olivia Brown,"09:13,12:15,14:43,18:12","11:25,14:03,17:08,18:56",7.16,61.35
James Jones,"09:18,12:59,15:59","11:32,15:18,16:28",5.04,97.51
John Smith,"09:22,11:32,14:59","10:54,14:20,17:40",7.03,83.59
Sophia Jones,"09:30,12:39,15:46,18:39","11:30,15:01,17:25,19:47",7.17,65.06
Olivia Martinez,"09:18,12:07,14:46,17:12,19:46","11:01,13:25,16:15,18:41,20:19",6.54,73.62
Sophia Jones,"09:14,12:04,15:22","11:05,14:38,15:43",4.77,62.54
David Smith,"09:05,11:26,13:45,17:49,20:29","10:15,12:51,16:38,19:07,20:32",6.83,58.42
Robert Johnson,"09:12,13:13,16:39","11:56,15:41,17:20",5.89,67.55
Michael Williams,"09:30,13:09,15:31","12:26,14:27,18:09",6.88,78.61
Sophia Miller,"09:17,11:47,14:55,18:37","10:47,14:19,17:27,19:35",7.54,67.66
Alice Williams,"09:30,13:05,15:59","11:56,14:42,18:19",6.39,64.17
Emma Williams,"09:25,11:57,15:03","10:37,14:17,16:35",5.07,50.14
John Miller,"09:22,11:54,14:30,16:52","10:35,13:19,15:58,17:50",5.08,55.87
Alice Davis,"09:09,12:07,14:31,17:16","10:47,13:24,16:19,18:25",5.88,83.2
Michael Garcia,"09:03,12:25,14:48","11:41,13:47,16:00",5.2,61.14
Alice Rodriguez,"09:00,11:52,15:25","10:48,14:36,15:43",4.84,58.96
Maria Brown,"09:03,12:29","11:29,14:32",4.48,87.09
Sophia Smith,"09:30,11:46,14:40,16:52","10:42,13:56,15:47,18:45",6.38,99.82
Maria Williams,"09:01,11:44,15:38,17:44","11:06,14:20,16:46,18:47",6.88,69.38
Maria Martinez,"09:28,11:35,14:36","10:52,13:29,16:58",5.68,60.82
David Martinez,"09:25,12:12,14:29,18:02","11:40,13:17,17:04,18:25",6.31,61.33
David Martinez,"09:27,12:51,15:38,18:05","11:54,14:41,16:43,18:51",6.14,77.37
David Davis,"09:13,11:57,14:53,17:49","11:14,13:43,16:52,19:04",7.03,85.15
John Smith,"09:05,12:20,16:27","11:26,15:19,17:41",6.58,65.59
Olivia Davis,"09:29,12:52,15:44","11:57,14:52,17:06",5.84,95.86
Alice Rodriguez,"09:00,12:13,15:05","11:36,13:50,15:57",5.08,81.5
Michael Brown,"09:12,12:51,16:10","12:11,15:20,16:52",6.17,92.27
David Garcia,"09:28,11:52,15:11","11:13,14:27,16:55",6.07,92.88
Maria Davis,"09:23,13:02,15:36","11:50,14:41,15:52",4.38,51.78
Alice Garcia,"09:04,11:26,14:49","10:22,13:41,16:36",5.35,63.13
Robert Brown,"09:20,11:45,13:40,17:18","10:56,12:51,16:26,18:25",6.59,78.01
Robert Davis,"09:11,12:20,15:05","11:13,14:06,15:18",4.03,66.88
Olivia Brown,"09:04,10:59,14:25","10:14,13:11,15:09",4.11,96.39
Sophia Garcia,"09:19,11:24,14:49,16:39","10:22,13:34,15:59,17:02",4.77,60.65
John Jones,"09:16,13:11","12:14,15:35",5.37,70.17
Emma Johnson,"09:06,12:23,14:50","11:21,14:02,15:23",4.46,89.23
Olivia Brown,"09:05,12:42,15:46,17:41","11:42,14:33,16:58,18:22",6.35,76.88
Emma Martinez,"09:20,12:08,15:05,18:38,20:59","11:06,13:58,17:13,19:43,22:02",7.88,55.16
David Williams,"09:15,12:23,16:14","11:13,15:08,18:44",7.22,98.96
Robert Smith,"09:28,13:11,16:59","11:54,15:31,17:50",5.63,55.99
Michael Davis,"09:29,12:51","11:38,15:11",4.48,65.3
Robert Rodriguez,"09:19,11:43,15:42","10:40,14:37,16:14",4.8,80.11
James Garcia,"09:04,12:34,15:03","11:54,13:54,17:18",6.43,79.86
Robert Martinez,"09:17,13:08","12:14,14:58",4.79,61.58
John Williams,"09:11,11:39,14:36","10:28,13:22,15:59",4.39,97.2
John Rodriguez,"09:01,13:08","11:52,14:36",4.33,70.98
Emma Smith,"09:28,11:36,15:31,18:48","10:35,14:31,17:52,20:10",7.76,56.95
Olivia Martinez,"09:15,11:26,14:40,18:11","10:36,13:48,17:16,18:16",6.41,51.69
Alice Johnson,"09:19,11:15,13:53,17:27","10:25,12:53,16:23,18:11",5.98,75
James Rodriguez,"09:00,12:19,14:34","11:19,13:29,16:45",5.67,98.31
David Williams,"09:10,12:43,15:12","11:46,13:56,16:46",5.39,80.89
Olivia Miller,"09:02,12:55,14:53","11:52,13:59,15:18",4.33,79.89
Alice Martinez,"09:19,12:03,15:44,18:11","11:09,14:46,17:15,19:39",7.55,89.59
James Davis,"09:29,12:37,16:21","12:00,15:25,16:31",5.49,92.02
Emma Miller,"09:28,11:23,14:58,17:12,20:06","10:32,13:53,16:09,18:53,20:51",7.2,95.76
Olivia Jones,"09:27,12:19,14:36,18:00","11:08,13:24,17:04,18:33",5.79,69.01
John Brown,"09:25,13:15","11:59,15:04",4.39,91.56
Alice Garcia,"09:28,11:53,14:42,16:37,19:11","10:56,13:32,15:43,18:14,20:57",7.52,89.8
Michael Johnson,"09:29,13:45,16:32","12:25,15:29,18:38",6.78,90.08
Alice Garcia,"09:28,12:00,15:44,17:46","10:46,14:43,16:49,19:48",7.14,95.24
Maria Rodriguez,"09:04,11:18,13:25","10:12,12:19,15:22",4.11,58.82
David Johnson,"09:05,12:46,16:48","12:01,15:43,17:22",6.45,56.88
Emma Davis,"09:01,11:54,15:22","10:47,14:40,15:25",4.6,74.58
Olivia Williams,"09:24,11:38,15:14","10:36,14:27,17:57",6.74,96.47
David Brown,"09:28,12:28,15:23,18:29","11:23,13:55,17:20,20:07",6.95,65.51
Emma Jones,"09:23,12:13,15:53,19:37","11:12,15:08,18:44,19:54",7.87,75.61
Maria Jones,"09:15,11:38,14:34,16:52","10:41,13:45,15:51,17:17",5.27,89.24
Emma Brown,"09:30,11:14,13:34,16:01,17:49,20:00","10:40,12:38,15:06,17:05,18:52,20:52",7.08,50.97
David Smith,"09:10,11:27,13:29,16:52","10:48,12:48,15:56,18:37",7.19,61.88
Maria Johnson,"09:04,11:13,14:37,16:45,19:24","10:36,13:31,15:52,18:06,20:54",7.95,60.43
Robert Rodriguez,"09:11,11:31,13:43,17:43","11:00,13:00,16:37,19:04",7.56,83.83
David Rodriguez,"09:02,11:43,14:55","10:42,13:42,15:18",4.05,95.7
David Garcia,"09:13,12:23,16:06","11:24,14:41,17:48",6.19,61.01
Michael Williams,"09:03,10:48,12:52","10:06,11:59,14:49",4.2,67.68
Alice Rodriguez,"09:17,12:44","11:45,15:15",5,93.04
Maria Smith,"09:22,12:26,15:25,19:11","11:10,14:23,18:01,19:27",6.63,73.35
Olivia Miller,"09:12,12:27,15:10","11:26,13:55,16:00",4.54,55.1
John Jones,"09:02,12:11,14:54,17:43","10:59,13:40,17:12,18:46",6.8,72.71
Michael Brown,"09:10,12:19,15:49,20:06","10:57,14:26,18:43,20:13",6.92,99.45
John Miller,"09:06,12:57","12:01,14:05",4.07,62.51
John Jones,"09:21,11:50,14:17,16:57","10:58,13:18,15:47,19:16",6.91,67.39
Maria Miller,"09:28,13:19,16:43","12:01,15:42,17:29",5.71,93.95
Sophia Johnson,"09:22,11:59,14:42,17:11","11:09,13:43,16:30,18:45",6.89,96.67
Maria Rodriguez,"09:03,12:40,15:20","11:38,14:25,16:13",5.23,75.45
Sophia Miller,"09:10,12:03,15:08","11:17,14:02,15:28",4.45,69.46
James Martinez,"09:19,12:33,14:35,16:54,18:41","11:30,13:36,16:02,18:00,20:29",7.6,78.46
John Garcia,"09:29,13:26,16:43,20:13","12:22,15:42,18:46,20:25",7.41,66.33
James Davis,"09:15,12:30,15:16,17:17","11:19,14:15,16:16,18:16",5.81,98.6
Robert Smith,"09:24,12:03,14:59","11:13,13:54,16:10",4.86,68.67
Emma Miller,"09:02,12:24,15:16,17:47","11:36,14:15,16:39,17:50",5.86,84.03
Olivia Brown,"09:28,13:27,16:41","12:27,15:58,19:05",7.9,82.49
John Smith,"09:16,13:16,15:35,18:54","12:12,14:16,17:31,19:37",6.6,97.12
Robert Johnson,"09:12,11:48,15:48,18:01","11:09,14:47,17:08,18:42",6.96,85.52
Olivia Garcia,"09:26,12:10,15:13,17:57","11:11,14:07,16:55,18:50",6.3,93.37
Sophia Garcia,"09:29,12:15,15:45,17:45,20:19","11:07,14:33,16:55,19:13,20:43",6.98,73.23
John Rodriguez,"09:02,11:37,15:35,17:53","10:37,14:20,17:18,19:35",7.72,50.79
Maria Garcia,"09:26,12:07,14:28,17:20","11:16,13:10,16:25,18:46",6.27,83.98
Michael Smith,"09:08,12:25,14:24","11:12,13:43,15:58",4.94,67.39
Emma Garcia,"09:20,11:56,15:03,18:44","11:13,14:05,17:47,19:01",7.05,55.61
James Smith,"09:04,11:48,15:37","10:48,14:32,16:05",4.94,80.36
Olivia Miller,"09:27,13:12,15:14","12:02,14:36,17:05",5.84,65.18
Maria Johnson,"09:15,12:18,15:47","11:25,14:45,16:44",5.58,74.86
Emma Jones,"09:09,11:50,15:10,17:29","10:25,14:22,16:46,17:36",5.53,70.6
Sophia Williams,"09:15,11:50,13:46,15:47","10:56,13:04,14:50,17:02",5.23,91.11
John Williams,"09:17,11:22,13:36,16:36","10:35,12:25,15:42,18:28",6.32,97.94
Emma Jones,"09:26,13:28,16:17","12:19,15:08,16:21",4.62,52.33
Maria Miller,"09:03,12:42,15:20","11:19,14:04,16:22",4.68,69
David Rodriguez,"09:14,12:28,15:24","11:27,14:39,16:18",5.31,94.05
Alice Miller,"09:17,12:56,17:16","12:04,15:52,19:13",7.67,84.92
Olivia Davis,"09:28,11:26,14:22,16:53","10:35,13:00,15:43,16:56",4.09,63.69
Robert Jones,"09:08,12:59,15:30","11:48,14:36,15:40",4.46,77.49
Michael Davis,"09:11,11:26,14:34,17:45,20:51","10:29,13:25,16:26,20:01,21:11",7.75,82.52
Olivia Rodriguez,"09:01,12:49,15:00,18:05","11:40,14:02,16:52,20:06",7.75,80.75
Michael Jones,"09:21,11:42,15:01,17:17","10:26,14:03,16:29,19:27",7.07,88.14
Maria Martinez,"09:12,12:32,15:20","12:01,14:14,17:07",6.31,63.89
Maria Brown,"09:26,12:55,16:53","12:09,15:51,17:48",6.58,74.55
Maria Miller,"09:10,12:07,15:47,17:37","11:11,14:31,16:54,17:42",5.63,50.04
David Williams,"09:19,12:35,15:56","11:32,14:58,18:39",7.32,69.45
Michael Johnson,"09:03,12:23,14:58,17:21","11:48,13:49,16:14,18:56",7.03,77.5
David Smith,"09:05,13:09,16:43","11:46,15:30,18:13",6.53,63.96
Olivia Rodriguez,"09:23,12:59,15:26,17:37","11:56,14:26,16:50,18:07",5.9,93.51
Alice Brown,"09:09,12:57","12:04,14:12",4.17,57.78
Olivia Rodriguez,"09:25,11:45,13:53,16:55,19:17,22:26","10:27,12:49,15:40,17:56,21:04,23:31",7.78,60.65
Emma Smith,"09:14,11:49,15:51","10:34,14:33,17:08",5.36,82.79
Robert Smith,"09:12,11:45,14:44","10:56,13:50,15:48",4.89,75.64
Emma Miller,"09:15,12:36,15:12,18:37","11:35,14:29,17:37,18:59",7.01,51.9
John Davis,"09:18,11:06,14:14,16:51","10:33,12:58,15:35,17:37",5.24,78.89
Robert Brown,"09:05,12:59,16:13","11:56,15:32,17:31",6.71,72.66
James Williams,"09:17,13:24","12:09,15:21",4.83,52.87
Robert Jones,"09:30,13:00","12:09,15:32",5.19,51.44
Sophia Rodriguez,"09:13,12:18,15:41","11:20,14:56,16:27",5.52,56.97
James Brown,"09:05,11:09,15:10","10:11,14:05,16:36",5.47,67.79
John Davis,"09:30,11:50,14:56,17:31","11:04,13:33,16:36,18:20",5.77,72.16
Robert Garcia,"09:19,12:48,16:56","11:42,15:45,17:40",6.07,94.21
Olivia Smith,"09:12,12:00,14:13,16:46,19:23","11:07,13:18,15:32,18:19,21:08",7.85,88.09
Sophia Martinez,"09:18,12:18,14:32,16:51","11:42,13:21,15:40,17:24",5.14,77.9
Maria Rodriguez,"09:00,11:30,13:34","10:27,12:56,15:09",4.48,98.97
Sophia Miller,"09:07,11:50,14:10,17:18","10:34,12:50,16:23,18:13",5.59,52.25
John Smith,"09:10,12:35,15:10,17:20","11:27,13:56,16:34,17:42",5.41,79.15
Robert Johnson,"09:14,13:27,15:41,18:11","12:13,15:06,17:21,19:02",7.15,87.97
Sophia Smith,"09:30,12:42,14:59","11:58,14:01,16:28",5.28,70.19
Robert Brown,"09:13,11:45,14:22,16:39,18:24,20:43","10:48,13:18,15:59,17:40,19:42,21:00",7.35,78.48
Emma Johnson,"09:09,11:55,15:29","10:57,14:37,16:17",5.32,99.15
Emma Garcia,"09:10,12:34,16:01","11:54,14:32,17:36",6.29,88.8
David Davis,"09:08,11:52,14:08,18:24","11:13,13:18,17:07,19:05",7.2,88.37
John Garcia,"09:27,11:55,14:56,17:19","10:52,13:53,16:10,18:07",5.42,86.19
James Garcia,"09:13,12:04,15:23","11:04,14:05,17:27",5.95,72.69
Emma Martinez,"09:19,11:07,13:31,17:10","10:27,12:44,16:16,18:55",7.25,80.79
Olivia Williams,"09:24,12:54,15:49","11:33,14:43,15:59",4.15,76.32
Emma Rodriguez,"09:29,12:13,15:13,17:39","10:58,14:09,16:48,19:48",7.15,81.13
Sophia Johnson,"09:01,12:21,15:09,18:23","11:36,14:28,17:16,18:57",7.39,79.69
Alice Brown,"09:03,10:53,14:15,18:00","10:03,13:06,16:34,19:08",6.68,82.21
Robert Williams,"09:05,12:04,14:19,17:03","11:24,13:16,16:05,17:35",5.83,51.6
John Miller,"09:29,12:49,16:09","11:23,15:29,18:37",7.04,57.2
Michael Williams,"09:27,12:50,15:35,18:41,20:54","11:28,14:30,17:25,19:46,21:54",7.61,94.55
Emma Smith,"09:19,12:28,15:08,18:30","11:22,14:09,17:35,19:51",7.54,54.89
Emma Brown,"09:09,11:37,14:03","10:43,13:00,15:18",4.2,97.3
Alice Miller,"09:04,11:43,15:01","11:01,14:06,16:20",5.67,73.75
Sophia Martinez,"09:12,11:25,15:48,18:16","10:46,14:25,17:23,18:37",6.51,59.98
Maria Rodriguez,"09:11,11:44,13:39","10:33,12:53,15:13",4.09,91.37
James Jones,"09:10,12:52,15:11","11:59,13:59,15:47",4.55,92.87
Olivia Jones,"09:10,12:08","11:15,14:38",4.59,96.45
Emma Williams,"09:12,11:44,14:09","10:52,13:12,15:52",4.87,94.01
Maria Davis,"09:28,11:54,14:30","11:02,13:33,16:45",5.47,69.87
Michael Rodriguez,"09:18,12:33,15:11,18:51","11:14,13:50,17:56,19:17",6.4,91.82
James Smith,"09:11,11:08,13:27,15:57","10:14,12:36,15:03,17:59",6.16,54.71
Olivia Williams,"09:04,12:36","11:41,14:01",4.05,54.2
Alice Johnson,"09:19,12:12,14:51","11:03,13:52,17:40",6.23,82.67
Maria Williams,"09:18,11:05,14:47,17:18","10:19,13:39,16:06,17:56",5.55,55.51
David Rodriguez,"09:18,11:53,14:37,17:11","10:42,13:29,15:57,19:33",6.71,83.82
Robert Rodriguez,"09:05,12:32,14:52","11:26,14:01,16:33",5.53,67.29
Emma Brown,"09:15,13:02,15:29,18:32","12:09,14:54,17:25,18:44",6.9,56.7
Emma Martinez,"09:08,12:17,14:41,17:34","11:05,13:37,16:17,19:25",6.74,74.75
Emma Garcia,"09:15,12:10,13:58,17:20","11:05,13:21,16:29,18:10",6.38,50.51
Olivia Jones,"09:09,11:14,13:07,16:04","10:37,12:32,15:07,18:07",6.82,60.14
Robert Garcia,"09:19,13:22,15:43,18:42","12:12,14:52,17:32,20:13",7.72,85.78
Michael Davis,"09:21,12:22,15:38","11:26,14:38,15:42",4.43,76.1
David Johnson,"09:28,11:55,14:38","11:14,13:41,15:12",4.11,69.27
David Davis,"09:15,12:24,15:32,19:20","11:14,14:53,18:19,19:48",7.72,79.41
Olivia Miller,"09:00,11:15,13:12,16:46","10:08,12:19,15:58,17:24",5.6,94.97
Maria Miller,"09:08,12:10,14:36","11:23,13:44,15:44",4.96,59.99
Maria Jones,"09:29,13:09,17:03","12:02,15:46,19:22",7.48,75.71
James Martinez,"09:24,11:31,15:41,19:39","10:51,14:30,18:30,20:02",7.64,71.95
Alice Garcia,"09:13,12:43","11:26,14:41",4.2,60.86
Sophia Williams,"09:08,12:03,14:54,17:33","10:42,13:59,16:29,17:39",5.19,76
Michael Brown,"09:24,12:25,15:39","11:30,14:49,17:08",6,90.53
Maria Jones,"09:30,11:46,14:00,17:32","11:03,12:56,16:29,18:52",6.55,93.63
Robert Jones,"09:23,11:07,14:09,17:00,20:07","10:36,12:54,15:56,19:16,20:48",7.74,70.08
Michael Johnson,"09:15,11:19,14:08,16:46,20:07","10:26,12:52,15:47,19:03,20:09",6.71,73.01
Robert Smith,"09:06,11:22,13:50,16:25","10:36,13:01,15:34,18:08",6.6,50.27
Maria Smith,"09:07,11:46,14:51","11:14,13:55,15:58",5.4,54.85
Sophia Smith,"09:12,11:43,15:10,18:11","11:12,13:56,16:59,19:17",7.13,50.44
Maria Martinez,"09:24,11:24,13:42,17:14","10:30,12:28,16:30,18:17",6.02,86.62
James Garcia,"09:19,13:34,16:24","12:10,15:21,17:57",6.2,91.04
Olivia Martinez,"09:07,11:31,14:41,17:50","10:32,13:44,16:47,20:03",7.96,80.79
Robert Rodriguez,"09:16,11:41,14:04,16:46","10:40,13:05,15:29,17:14",4.69,68.73
James Garcia,"09:12,11:42,14:07","10:51,12:50,16:38",5.31,80.86
Michael Rodriguez,"09:18,11:11,13:07,15:17,17:35,20:05","10:30,12:21,14:31,16:21,19:12,21:14",7.62,69.3
Sophia Brown,"09:17,12:21,14:50","11:38,13:58,15:14",4.38,90.37
Michael Brown,"09:18,13:09,16:25","12:03,15:18,17:15",5.74,53.34
Michael Jones,"09:07,11:26,13:05","10:44,12:34,14:31",4.19,80.57
Michael Miller,"09:14,12:16,15:51","11:33,15:02,16:17",5.53,58.72
Maria Williams,"09:14,13:02","11:57,15:04",4.76,66.37
John Williams,"09:14,11:32,15:01,18:48","10:40,14:00,17:41,19:17",7.06,62.74
Robert Jones,"09:00,12:57,15:03","11:33,14:03,16:40",5.28,62.1
Robert Garcia,"09:24,12:58,15:02,18:54,20:58","11:44,14:10,17:33,20:06,21:32",7.82,66.97
John Garcia,"09:14,13:27","12:13,14:50",4.37,65.17
Alice Rodriguez,"09:12,12:32,14:46","11:39,13:43,15:45",4.63,57.1
David Jones,"09:17,12:53,16:19","12:00,15:18,18:46",7.59,86.37
Alice Brown,"09:08,12:58,14:40,16:45","11:58,13:59,15:57,16:50",5.23,72.55
David Miller,"09:02,11:23,13:37,16:05","10:16,12:36,15:12,16:32",4.5,99.61
Michael Smith,"09:19,13:10","12:15,15:00",4.78,76.78
Robert Martinez,"09:26,13:03,15:09","12:01,14:33,16:18",5.25,52.87
Maria Johnson,"09:27,12:20,15:15,17:06","11:27,14:06,16:31,17:59",5.92,75.23
Michael Williams,"09:20,11:49,13:42,17:33","10:45,12:53,16:29,19:02",6.76,58.01
Robert Rodriguez,"09:19,12:23,14:35,17:51,20:01","11:15,13:45,16:45,19:11,20:29",7.28,56.56
John Smith,"09:11,11:29,14:29,17:20,20:45","10:24,13:09,16:00,19:25,20:47",6.53,53.32
Maria Smith,"09:22,13:12,15:34,18:12","12:07,14:25,17:33,19:27",7.21,68.25
David Miller,"09:15,13:10,16:06","12:07,15:20,18:01",6.96,72.87
Maria Jones,"09:22,12:58,15:23,18:40,20:46","11:49,14:16,17:52,19:47,20:54",7.49,73.05
Olivia Davis,"09:23,11:07,15:13","10:30,13:56,16:46",5.49,97.81
Alice Davis,"09:03,11:50,14:14","11:05,13:28,16:19",5.77,72.87
James Davis,"09:06,12:52,16:13,19:46","11:34,15:11,18:41,20:02",7.52,70.89
James Davis,"09:28,11:51,13:49,15:43","11:01,12:52,14:50,16:58",4.84,71.22
James Martinez,"09:12,12:58,16:15,19:15","11:53,15:18,17:55,19:19",6.75,61.95
James Williams,"09:08,13:10,15:16,18:09","12:05,14:28,17:08,18:29",6.45,61.73
James Davis,"09:03,10:58,13:56","10:12,13:15,15:21",4.85,85.56
John Rodriguez,"09:00,12:43,14:54,17:04","11:36,13:55,16:08,17:06",5.07,67.69
Sophia Smith,"09:29,12:32,15:39","11:14,15:05,18:06",6.76,70.57
David Brown,"09:22,11:21,14:57,18:35,20:52","10:23,14:00,17:32,19:54,21:07",7.83,79.21
Emma Brown,"09:10,12:39,15:10,18:27","11:54,13:57,17:06,18:28",5.99,89.17
Alice Garcia,"09:28,12:33,15:56,19:42","11:05,15:03,18:35,20:55",8,74.83
Robert Smith,"09:19,12:27,14:54,17:11,19:07","11:20,13:44,16:07,18:22,19:19",5.91,97.09
James Smith,"09:21,11:52,14:51,18:52,21:31","11:10,13:25,17:45,20:12,21:53",7.98,96.66
Maria Johnson,"09:08,12:20,16:00,18:26,20:57","11:16,14:51,17:13,19:37,21:31",7.63,79.04
Alice Garcia,"09:00,12:50,15:42","11:47,14:26,17:09",5.84,96.09
Maria Rodriguez,"09:08,11:02,13:43,17:26,19:51","10:18,12:27,16:36,18:51,20:57",7.99,96.07
James Garcia,"09:30,12:21,14:41","11:24,13:43,15:35",4.17,58.01
David Williams,"09:10,11:59,14:31,17:52","10:46,13:41,16:59,17:58",5.88,83.64
Maria Garcia,"09:00,12:19,15:24","11:10,14:29,16:10",5.1,78.03
Sophia Rodriguez,"09:29,13:10,15:50,18:30,21:22","11:58,14:55,17:32,20:19,21:34",7.96,54.24
Alice Miller,"09:19,12:33,15:40","11:16,14:21,16:47",4.87,64.86
John Brown,"09:30,12:34,15:53,19:05","11:35,14:52,17:40,19:14",6.33,56.01
David Jones,"09:20,12:30,15:30,19:00","11:08,14:47,18:11,19:16",7.05,60.3
Alice Miller,"09:06,12:37,15:14","11:48,14:20,15:28",4.66,57.93
Sophia Rodriguez,"09:10,11:30,14:51","10:20,13:47,16:02",4.64,86.26
Emma Rodriguez,"09:19,13:23","12:14,14:37",4.16,52.48
Alice Miller,"09:20,12:58,16:17","11:54,15:02,18:58",7.33,79.8
Olivia Brown,"09:12,11:03,14:44","10:29,13:43,15:07",4.34,79.92
Robert Davis,"09:22,11:55,15:27","11:23,14:24,17:17",6.34,75.27
Maria Miller,"09:23,12:56,15:05","12:05,14:09,15:44",4.57,52.62
Robert Jones,"09:07,11:20,14:45","10:10,13:43,15:36",4.29,75.12
Emma Smith,"09:24,11:22,14:54,16:51,20:04","10:37,13:47,15:57,19:01,21:07",7.92,73.6
James Smith,"09:12,13:12,15:35,17:51","12:07,14:36,16:50,19:14",6.96,92.88
Olivia Rodriguez,"09:02,11:23,13:38","10:04,12:40,15:49",4.51,92.46
James Miller,"09:20,11:41,14:16","11:04,12:57,15:17",4.03,72.39
Alice Davis,"09:00,11:42,14:27","10:19,13:23,16:55",5.48,66.87
James Williams,"09:14,13:27,15:20","12:04,14:40,17:14",5.96,96.05
John Williams,"09:04,11:34,15:35,18:01","10:29,14:26,16:43,18:31",5.93,56.3
John Williams,"09:08,12:11,14:08","11:31,13:21,16:32",5.95,80.73
Sophia Rodriguez,"09:21,11:52,16:11","10:53,14:52,18:09",6.51,75.34
James Rodriguez,"09:29,13:12,15:21,18:44","12:19,14:31,17:21,20:27",7.88,79.84
John Davis,"09:07,12:21,14:16,16:39,18:43","11:22,13:44,15:36,17:40,19:11",6.45,75.75
Alice Jones,"09:30,12:40,16:20","11:40,15:36,16:31",5.29,86.18
David Williams,"09:30,12:51,14:54,18:26","11:39,13:51,17:01,19:34",6.4,95.5
Sophia Martinez,"09:12,12:37","11:50,15:36",5.62,75.83
John Davis,"09:17,12:31,16:02","11:34,14:53,17:06",5.73,85.02
James Davis,"09:15,11:51,16:17,18:51","11:19,14:47,17:48,20:13",7.9,93.78
John Brown,"09:06,12:25,14:25","11:12,13:42,15:24",4.37,97.32
Maria Garcia,"09:08,11:39,14:43","10:35,13:28,17:29",6.04,74.83
David Martinez,"09:24,11:38,14:49","10:58,13:43,17:02",5.87,87.63
Alice Smith,"09:00,11:56,13:41,16:12,19:14","10:47,12:58,15:30,18:14,19:49",7.26,87.12
James Rodriguez,"09:30,11:28,13:42,16:07","10:36,12:47,15:18,17:04",4.97,72.84
Robert Rodriguez,"09:04,12:31,14:49","11:34,14:04,15:42",4.95,89.35
Alice Brown,"09:17,11:34,15:17","10:39,14:15,17:46",6.55,91.14
Sophia Davis,"09:00,12:31,16:17","11:43,15:09,16:52",5.94,73.77
Robert Jones,"09:11,11:44,14:45","10:46,13:50,16:22",5.32,50.39
Maria Miller,"09:18,13:27,16:13","12:17,15:22,17:12",5.9,80.05
David Martinez,"09:09,12:02,15:55","10:48,15:00,16:31",5.23,70.3
Olivia Johnson,"09:13,12:05","11:00,14:19",4.02,91.97
Michael Jones,"09:23,11:20,14:39,17:07","10:23,13:29,15:47,18:23",5.56,74.61
Alice Johnson,"09:06,12:44,15:25","11:46,14:37,15:26",4.58,65.93
John Rodriguez,"09:22,12:49","11:43,14:44",4.28,79.89
Michael Smith,"09:07,11:40,15:13,18:40","10:20,14:32,17:19,20:08",7.66,61.39
Sophia Miller,"09:06,12:40,15:32","11:40,14:36,15:43",4.69,59.07
Maria Davis,"09:09,11:30,13:49,16:01,18:54","10:38,12:47,14:53,17:42,19:59",6.61,69.24
David Brown,"09:25,12:38,15:37","11:39,14:22,16:54",5.26,67.11
Michael Johnson,"09:24,11:54,15:58","11:00,14:36,18:21",6.69,56.76
Alice Johnson,"09:25,13:06,16:41","12:05,15:38,17:08",5.66,66.94
David Brown,"09:06,11:03,13:55","10:06,13:18,16:31",5.86,95.5
James Garcia,"09:06,12:51,16:36","11:45,15:44,17:55",6.87,90.29
Sophia Williams,"09:16,13:16,15:31","11:54,14:27,16:51",5.17,71.07
John Williams,"09:18,11:20,14:37","10:42,13:24,16:14",5.09,76.59
James Jones,"09:19,13:23,16:48","12:18,15:37,18:03",6.47,98.89
Sophia Jones,"09:12,12:04,15:45","11:10,14:57,18:10",7.27,54.49
Emma Miller,"09:10,13:06,15:04,18:27","12:08,14:10,17:42,18:32",6.76,72.44
James Rodriguez,"09:29,12:14,15:16,17:37","11:09,14:13,16:50,18:23",5.98,75.83
Robert Garcia,"09:13,11:36,15:08","10:54,13:50,16:50",5.62,83.48
Olivia Martinez,"09:01,11:34,13:42,17:17","10:14,12:49,16:16,19:11",6.94,76.88
Robert Smith,"09:18,12:56,15:41,18:20","12:13,14:14,17:11,19:47",7.18,90.1
David Martinez,"09:04,12:23,15:08,17:17,19:37","11:02,14:00,16:16,18:48,20:44",7.36,86.21
Robert Johnson,"09:08,12:30,15:45,18:27","11:33,14:20,17:24,19:20",6.79,51.96
Alice Brown,"09:00,12:53","11:54,14:01",4.04,77.77
Olivia Williams,"09:06,12:31,15:59,18:32,21:27","11:14,14:50,17:13,20:27,21:47",7.94,84.9
David Smith,"09:04,11:47,14:56,18:25","10:59,13:50,17:20,19:37",7.57,57.47
Sophia Smith,"09:04,11:52,15:00,17:51","10:31,13:51,16:36,19:00",6.2,71.57
Maria Davis,"09:19,11:14,14:16,16:27","10:19,13:21,15:30,17:23",5.29,83.17
Alice Smith,"09:05,12:14,15:58","11:10,14:44,16:06",4.72,89.99
John Martinez,"09:17,11:09,14:42,17:40","10:19,13:53,16:18,17:43",5.42,83.7
James Brown,"09:01,10:59,15:03,17:02","10:01,13:59,16:13,18:07",6.26,63.85
Olivia Smith,"09:11,11:50,15:30","10:57,14:39,16:39",5.74,66.2
James Brown,"09:13,12:46,15:35,18:44","11:43,14:34,18:11,19:45",7.93,78.13
Olivia Rodriguez,"09:09,12:18,16:03","11:23,15:15,17:47",6.92,91.24
Robert Miller,"09:26,12:38","11:19,15:01",4.28,51.22
David Brown,"09:00,12:35,15:48","11:50,14:43,16:10",5.34,55.11
Sophia Garcia,"09:03,13:13,17:03","11:55,16:09,17:27",6.2,87.26
John Davis,"09:13,11:37,13:48,16:01,18:56","10:28,12:53,15:12,17:29,19:09",5.61,50.65
David Rodriguez,"09:23,11:52,15:07","10:54,14:16,15:18",4.11,61.16
David Brown,"09:30,13:31,17:27","12:29,16:25,18:59",7.42,81.52
Robert Jones,"09:20,12:53,15:33","11:42,14:56,15:58",4.84,95.99
Robert Davis,"09:16,13:10","12:02,14:28",4.08,76.39
Alice Williams,"09:15,11:35,13:28,17:08","10:30,12:42,16:10,17:41",5.63,84.49
Olivia Davis,"09:28,12:12,15:56","10:59,14:36,17:10",5.15,66.47
David Miller,"09:10,12:40,15:03","11:36,13:51,16:10",4.74,65.74
Olivia Garcia,"09:11,12:42,16:16","11:24,15:21,16:32",5.14,96.47
Robert Williams,"09:06,11:46,14:13,17:19","10:24,13:30,16:24,17:59",5.88,76.36
Emma Rodriguez,"09:28,13:13,15:53,17:59,20:41","12:14,14:46,17:12,19:29,21:18",7.76,69.68
David Smith,"09:20,12:56,15:16","12:01,14:17,15:50",4.61,89.87
James Miller,"09:19,11:46,14:54","10:39,13:57,16:46",5.39,65.47
Sophia Johnson,"09:06,12:26,14:35,16:53,19:54","11:30,13:43,15:42,19:02,19:58",7.03,98.97
James Brown,"09:22,11:08,14:59","10:25,13:58,15:18",4.21,94.05
Emma Davis,"09:29,13:03,16:28,19:21","12:07,15:19,18:15,19:43",7.06,93.54
Sophia Williams,"09:28,13:20,16:23,19:15","12:14,15:18,18:31,19:20",6.95,59.66
Alice Johnson,"09:22,11:56,14:36","11:08,13:51,15:55",5.01,87.2
John Miller,"09:22,12:12,14:47,17:16","10:47,13:38,16:17,18:25",5.5,80.78
Michael Smith,"09:19,12:10,14:48,18:02","11:23,13:50,16:44,18:21",6,62.52
Sophia Miller,"09:20,13:09","11:47,14:51",4.16,62.65
Alice Miller,"09:22,12:50,15:37,18:12","11:50,14:43,17:20,19:59",7.85,68.19
Olivia Rodriguez,"09:23,12:51,15:48,19:04","11:28,14:42,18:01,19:18",6.39,92.93
Emma Garcia,"09:14,11:52,15:43","10:47,14:43,16:39",5.35,72.58
Olivia Smith,"09:10,12:47,15:25","11:52,14:14,18:12",6.94,86.17
Robert Martinez,"09:17,12:57,16:03","12:02,15:09,17:21",6.26,80.37
Olivia Smith,"09:04,11:28,14:29","10:41,13:27,16:08",5.27,76.99
David Garcia,"09:10,12:23,15:07,17:34","11:13,14:22,16:51,18:55",7.12,78.71
Maria Miller,"09:26,12:04,15:47,19:06","10:43,14:46,17:48,19:59",6.88,50.86
David Johnson,"09:11,12:01,15:04","11:16,14:18,15:43",5.02,85.14
Maria Garcia,"09:19,12:51","11:32,15:07",4.5,83.29
Emma Brown,"09:26,12:59","12:00,14:50",4.43,77.26
Olivia Miller,"09:04,10:59,13:45","10:13,12:29,15:08",4.04,71.68
David Brown,"09:13,11:30,13:58,15:53,19:29,22:26","10:28,13:00,15:07,18:11,20:57,22:32",7.77,98.62
Robert Davis,"09:08,12:11,14:41,17:01","10:54,13:40,16:27,17:42",5.7,83.28
Olivia Williams,"09:09,12:56","11:53,15:11",4.99,87.49
James Williams,"09:12,13:03,16:16","12:05,15:40,16:53",6.12,55.97
Sophia Garcia,"09:15,12:52,15:26","12:03,14:15,16:46",5.52,73.98
Sophia Williams,"09:27,12:53","12:07,15:00",4.8,72.45
David Davis,"09:03,11:49,14:28,16:50,18:40","10:36,13:16,15:59,18:06,19:33",6.67,65.12
Emma Miller,"09:05,12:27,14:34","11:34,13:51,15:19",4.65,70.72
Robert Brown,"09:20,11:54,15:34","11:14,14:28,16:58",5.88,84.28
David Jones,"09:19,13:25,17:07","12:16,16:11,18:01",6.63,50.08
James Rodriguez,"09:14,11:34,15:17,17:24","10:21,13:56,16:33,18:56",6.29,70.1
Olivia Davis,"09:03,12:53,16:11","11:30,15:12,18:19",6.91,80.34
Maria Smith,"09:23,12:58,16:16,19:22","11:47,14:53,18:41,19:29",6.86,80.69
John Johnson,"09:29,12:00,14:32,17:15","11:03,13:41,16:27,17:34",5.49,97.56
John Jones,"09:00,11:25,14:41","10:06,13:41,17:23",6.07,84.42
Robert Jones,"09:08,12:20,15:36","11:41,14:38,16:11",5.44,52.16
David Johnson,"09:15,11:50,16:05,20:08","10:42,14:46,19:00,20:42",7.88,74.05
Maria Brown,"09:12,12:09,14:18,16:14","11:10,13:16,15:20,17:37",5.51,76.79
Michael Jones,"09:10,12:09,14:45","11:29,13:38,17:00",6.06,51.49
Olivia Davis,"09:20,11:44,14:04,17:49","10:44,13:01,16:54,18:38",6.33,89.02
James Smith,"09:30,13:09,15:10,18:07,20:38","11:53,14:19,16:43,19:30,21:40",7.53,83.84
Olivia Williams,"09:16,13:06,15:45","11:59,15:08,16:29",5.49,51.54
John Jones,"09:15,12:33,15:30","11:28,14:15,16:04",4.49,52.03
John Smith,"09:13,11:34,13:57,17:57","10:51,13:03,16:51,18:35",6.66,72.08
Robert Jones,"09:16,11:40,15:37,18:02","10:20,14:27,17:13,18:54",6.33,63.57
Robert Johnson,"09:02,12:16,14:27","11:14,13:36,16:17",5.38,96.28
Michael Garcia,"09:27,11:28,14:40,17:28","10:39,13:38,16:33,17:53",5.67,59.56
Michael Brown,"09:04,11:46,15:40,18:15","10:54,14:24,17:18,19:16",7.13,72.96
Emma Garcia,"09:30,12:24,15:40,18:11","10:57,14:52,17:16,20:02",7.38,67.06
Michael Brown,"09:14,11:46,13:46,17:21,19:29","11:03,12:58,16:09,18:24,20:29",7.46,69.08
Maria Martinez,"09:23,13:13,16:00","12:19,14:54,16:13",4.84,69.11
Sophia Davis,"09:23,13:10,16:19,20:07","11:59,14:51,19:03,20:17",7.19,61.65
David Jones,"09:29,11:42,14:38,17:44","10:32,13:20,16:44,19:21",6.41,72.32
Maria Davis,"09:06,11:20,13:34,16:39","10:15,12:45,15:25,17:22",5.15,93.68
James Rodriguez,"09:03,12:01,15:21","11:09,14:20,17:10",6.25,67.19
Maria Smith,"09:15,12:50","11:28,14:57",4.34,95.61
Sophia Garcia,"09:01,11:52,14:35","10:41,13:48,15:47",4.8,93.84
Michael Brown,"09:05,11:24,15:25","10:13,14:18,16:34",5.19,64.52
David Williams,"09:18,11:33,13:55,16:57,21:10","10:27,12:53,15:56,19:48,21:14",7.43,77.45
John Brown,"09:29,13:26,15:24,17:52,20:30","12:27,14:33,16:42,19:35,21:23",7.99,92.79
Michael Smith,"09:18,11:59,14:34,17:17","11:25,13:21,16:29,18:30",6.63,82.13
Michael Davis,"09:11,11:47,13:59,17:21,19:29,22:27","10:37,12:58,15:56,18:48,21:24,22:28",7.96,78.55
John Rodriguez,"09:17,12:01,14:30,17:45","11:05,13:36,16:45,17:45",5.65,80.31
James Martinez,"09:18,11:41,15:01,18:08","10:46,13:54,17:20,19:18",7.18,61.51
Sophia Johnson,"09:06,11:34,14:54,18:08","10:40,14:20,17:01,19:23",7.71,99.25
John Brown,"09:13,11:25,13:45,15:46,19:15","10:34,12:58,14:49,18:00,19:40",6.63,89.77
David Johnson,"09:26,11:43,13:51","10:37,13:01,15:27",4.09,59.41
Robert Brown,"09:25,12:48,14:52,18:17,20:32","11:59,14:05,17:25,19:23,20:35",7.56,65.18
Olivia Rodriguez,"09:17,11:50,13:49,17:38","10:39,12:54,16:44,18:35",6.3,71.78
Alice Johnson,"09:22,11:58,14:59,18:18","10:51,14:26,17:24,19:15",7.33,87.94
Michael Smith,"09:16,12:39,16:56","11:13,15:39,17:19",5.34,85.18
David Brown,"09:23,11:30,14:19","10:31,13:32,15:35",4.45,70.09
Sophia Brown,"09:15,11:20,13:08,16:07","10:19,12:20,15:03,17:51",5.72,90.2
John Garcia,"09:07,11:55,14:36","10:33,13:46,15:44",4.43,81.04
Alice Smith,"09:06,11:47,14:03,16:56","10:55,13:05,16:06,17:16",5.51,84.24
David Garcia,"09:03,12:04,16:21","10:44,14:59,16:57",5.2,79.13
Alice Rodriguez,"09:26,12:59,15:21","12:08,14:41,15:39",4.71,84.36
David Garcia,"09:08,12:43,15:28,18:05","11:48,14:43,17:19,19:30",7.94,89.8
Olivia Martinez,"09:29,13:23,15:12,17:49,20:14","12:04,14:32,17:16,19:04,21:00",7.83,81.94
David Brown,"09:23,11:31,13:33","10:49,12:35,15:22",4.33,74.37
Olivia Jones,"09:06,11:02,13:42","10:20,12:50,15:53",5.22,53.84
Robert Jones,"09:03,11:55,14:27,17:11","10:45,13:26,16:05,18:06",5.78,99.62
James Johnson,"09:00,12:48","11:47,15:31",5.51,69.67
Robert Brown,"09:30,12:30","11:32,14:34",4.12,75.59
John Miller,"09:05,11:35,13:43,16:14,19:17","10:41,12:48,15:12,18:08,19:37",6.53,54.76
Robert Jones,"09:12,11:46,14:28,16:25,18:33,21:18","10:25,13:37,15:31,17:47,20:00,21:44",7.37,71.19
John Davis,"09:12,12:17,16:09","11:05,15:02,18:32",7.03,72.34
James Smith,"09:05,10:59,13:34,15:14","10:09,12:40,14:37,17:59",6.56,55.06
David Jones,"09:11,13:08,15:53","12:07,14:48,17:03",5.77,75.66
Maria Williams,"09:21,12:06,14:51","11:09,13:47,15:48",4.44,74.12
Emma Brown,"09:15,12:49,15:20","11:56,14:31,15:35",4.65,77.06
Maria Williams,"09:02,11:18,13:14","10:39,12:23,15:15",4.73,66.43
Maria Williams,"09:23,12:32,14:55,18:51,21:03","11:26,13:43,17:28,19:56,21:59",7.81,69.75
James Jones,"09:18,12:45","11:49,15:08",4.9,90.37
James Brown,"09:02,11:45,14:54","10:56,14:13,16:01",5.49,54.88
James Smith,"09:03,11:31,14:02,16:44","10:24,13:19,15:51,18:14",6.48,65.87
Robert Johnson,"09:19,11:36,14:49","10:38,13:54,15:54",4.72,54.16
David Brown,"09:30,13:30","12:25,14:48",4.22,86.16
Olivia Brown,"09:27,12:59,15:35","12:07,15:02,15:35",4.73,85.07
Robert Garcia,"09:21,13:00,15:19","12:08,14:20,17:41",6.49,55.68
David Williams,"09:21,11:09,13:17,15:15,18:11","10:23,12:29,14:26,17:03,19:44",6.88,80.95
Maria Williams,"09:10,12:26,16:10","11:14,15:14,18:15",6.95,62.17
Emma Martinez,"09:19,11:07,14:05,16:11","10:22,12:59,15:27,18:04",6.18,54.57
Robert Brown,"09:04,11:42,14:12,16:37,19:53","10:32,13:36,15:27,19:00,20:24",7.52,65.34
Olivia Miller,"09:05,11:51,13:56","10:38,13:02,15:31",4.33,63.77
John Williams,"09:25,13:11,16:26","12:16,15:38,17:37",6.5,79.89
Robert Rodriguez,"09:09,12:29,14:41,17:36","11:08,13:34,16:57,20:01",7.75,82.02
John Miller,"09:17,12:22,15:43,17:50","11:17,14:39,16:49,19:52",7.42,59.32
James Martinez,"09:21,11:19,13:18,15:59","10:40,12:26,14:39,17:13",5.03,59.25
Maria Williams,"09:15,11:47,15:01,17:07","10:30,14:05,16:07,18:00",5.54,77.47
David Smith,"09:15,12:40","11:48,14:28",4.36,50.34
Alice Miller,"09:16,11:57,14:44","10:52,13:27,16:03",4.42,68.26
Alice Smith,"09:19,12:35,16:03","11:48,14:54,17:20",6.09,66.74
Emma Martinez,"09:08,11:31,14:32","10:24,13:43,15:07",4.06,94.74
David Brown,"09:12,11:37,15:07,17:49,20:45","10:37,14:04,16:50,19:29,21:14",7.74,59.57
Emma Williams,"09:18,12:05,15:22","11:00,14:18,16:20",4.88,91.87
John Martinez,"09:07,11:48,14:50","10:43,14:08,15:59",5.09,51.93
Emma Miller,"09:24,12:11,14:49,17:12","11:40,13:41,16:32,18:15",6.55,95.02
Sophia Rodriguez,"09:28,12:18,15:25","11:19,14:44,16:15",5.13,75.01
Maria Smith,"09:04,11:45,15:28,18:36","10:38,14:30,17:16,19:04",6.59,53.2
Emma Brown,"09:23,11:10,13:22,16:01","10:31,12:13,15:10,17:11",5.16,80.37
David Williams,"09:26,11:29,14:28,18:03","10:29,13:44,17:03,18:45",6.6,85.85
David Johnson,"09:20,12:11,14:59,18:29","10:57,14:19,17:22,20:20",7.99,99.09
Robert Miller,"09:19,12:56,16:19,19:18","11:32,15:07,18:16,20:29",7.54,85.3
Sophia Rodriguez,"09:22,13:31,16:04,19:35","12:18,14:45,18:11,20:02",6.75,68.81
Sophia Garcia,"09:26,11:43,15:36","10:50,14:35,16:17",4.96,93.3
Alice Johnson,"09:23,11:34,13:47,15:56","10:36,12:40,15:06,17:50",5.55,92.09
Robert Davis,"09:10,12:37","11:44,15:21",5.31,71.2
David Smith,"09:17,12:47,15:39,18:10","11:50,14:16,17:22,19:03",6.65,89.68
Robert Johnson,"09:07,13:17,16:08","12:06,15:29,16:09",5.21,84.01
John Brown,"09:04,11:29,13:31,17:05,20:07","10:21,12:35,16:00,18:51,20:33",7.07,68.52
Robert Martinez,"09:19,11:33,13:55","10:34,13:00,15:53",4.67,76.2
David Williams,"09:02,12:23,14:37","11:11,13:33,15:28",4.17,83.18
Olivia Davis,"09:30,11:50,14:08,16:49,20:25","10:51,13:13,15:54,19:16,21:25",7.96,89.92
Olivia Smith,"09:09,13:00,15:17,18:30","11:53,14:27,17:28,19:05",6.96,79.67
David Williams,"09:15,12:23,15:45,19:24","11:29,14:56,18:10,19:57",7.77,74.64
Sophia Jones,"09:19,12:39,15:35","11:29,14:55,17:28",6.32,73.06
Emma Garcia,"09:30,13:09,15:30,17:36","12:14,14:10,16:50,18:19",5.81,80.28
Robert Williams,"09:27,11:20,14:26,16:55,19:39","10:37,13:34,15:50,18:34,20:20",7.15,99.04
James Smith,"09:00,11:47,13:47,17:00,19:11","10:44,13:01,15:54,18:27,19:59",7.34,69.68
James Jones,"09:18,13:11","12:01,14:52",4.4,72.41
James Davis,"09:00,10:58,13:36,16:10,19:24","10:03,12:45,15:13,18:27,20:29",7.83,63.25
Michael Jones,"09:12,12:19,15:22","10:57,14:42,17:08",5.9,58.54
Emma Davis,"09:07,11:40,14:26,16:50","10:31,13:10,15:47,16:52",4.29,51.04
Maria Smith,"09:18,13:24,16:53,18:51","12:14,16:09,17:55,18:59",6.86,71.53
David Williams,"09:05,12:41,15:21,18:08","11:51,14:08,17:00,18:33",6.29,54.22
Maria Rodriguez,"09:23,13:15,16:24","12:02,15:20,17:04",5.41,74
Sophia Smith,"09:18,13:30,16:09,19:14","12:16,15:34,18:02,19:39",7.34,91.57
Alice Garcia,"09:18,12:00,15:34","10:56,14:39,15:58",4.69,51.39
David Williams,"09:14,12:10,15:47,18:21","11:04,15:07,17:48,18:24",6.85,86.09
Emma Williams,"09:11,11:35,14:34,18:22","10:11,13:18,17:34,19:44",7.1,77.58
James Davis,"09:30,11:55,15:13,17:40","11:20,14:26,16:52,19:26",7.78,70.28
Michael Williams,"09:18,12:54,15:13","11:51,14:05,16:15",4.78,84.85
John Johnson,"09:16,12:32,14:51,18:34","11:25,13:55,17:14,18:35",5.94,72.31
Robert Smith,"09:16,11:50,14:50","10:43,13:52,16:07",4.78,72.61
Michael Johnson,"09:13,11:29,14:53","10:51,14:03,16:32",5.85,98.8
Emma Williams,"09:22,11:17,13:46,16:05","10:32,12:38,15:06,16:20",4.11,59.83
David Rodriguez,"09:24,12:19,14:47,17:11,19:48","11:22,13:56,15:58,18:41,21:04",7.54,55.24
Emma Miller,"09:13,12:06,16:07","10:48,14:53,18:43",6.98,50.95
Sophia Johnson,"09:24,12:21,15:51","11:30,14:48,16:41",5.4,74.74
Alice Rodriguez,"09:09,11:34,14:14,18:01,20:39","10:31,13:30,16:55,19:24,20:47",7.52,62.29
David Martinez,"09:16,13:28","12:02,14:56",4.24,77.32
Maria Rodriguez,"09:24,12:28,14:26","11:34,13:39,15:39",4.58,72.63
John Garcia,"09:01,11:42,15:54","10:25,14:40,17:55",6.39,78.62
John Williams,"09:17,13:26,17:13","12:05,15:48,19:14",7.19,78.24
Maria Johnson,"09:15,12:25,14:43","11:30,13:36,15:43",4.44,98.01
Alice Rodriguez,"09:08,11:19,13:15,15:52,18:43","10:42,12:40,15:06,17:37,19:19",7.13,82.55
Olivia Garcia,"09:16,11:46,14:31,18:48","10:31,13:15,17:26,19:14",6.08,87.68
Michael Jones,"09:26,12:16,15:23,18:52","10:59,14:14,17:24,20:01",6.69,88.29
Olivia Miller,"09:16,11:20,13:21,16:02,18:07","10:17,12:24,14:33,17:29,20:02",6.65,85.76
Sophia Jones,"09:05,12:46,15:17,17:47","11:48,14:25,16:58,18:36",6.87,82.51
Robert Williams,"09:20,12:09,15:26","10:52,14:27,15:49",4.22,74.69
John Rodriguez,"09:07,11:06,14:09,17:18","10:31,12:46,16:21,19:15",7.22,83.99
Michael Rodriguez,"09:19,11:38,14:46","10:56,13:40,16:51",5.74,68.83
Emma Smith,"09:00,11:19,13:21,17:15,19:47","10:03,12:37,16:18,18:54,20:33",7.73,51.92
David Johnson,"09:08,11:44,14:57,18:16","10:35,14:07,17:34,19:23",7.57,88.3
John Garcia,"09:19,11:40,15:11","10:25,14:22,17:18",5.92,66.77
Emma Johnson,"09:22,11:50,15:41","10:45,14:47,15:54",4.56,99.71
Emma Jones,"09:26,11:43,13:58","10:45,13:05,16:33",5.28,71.19
Emma Garcia,"09:23,12:18,16:24","11:24,15:15,17:07",5.69,55.32
Robert Brown,"09:03,10:43,14:25,16:59,19:50","10:06,13:25,16:04,18:38,20:00",7.22,50.88
David Martinez,"09:25,12:20,16:00,18:36,20:37","11:03,15:04,17:35,19:55,21:03",7.7,75.51
Alice Johnson,"09:28,12:52,16:53","11:34,15:32,17:15",5.14,69.91
Maria Garcia,"09:19,13:04,15:53,18:57","11:59,14:39,18:09,19:13",6.79,53.46
Emma Jones,"09:08,11:54,15:41","11:17,14:22,16:29",5.43,92.74
James Rodriguez,"09:10,12:19,15:39,17:44","11:16,14:57,16:54,18:15",6.5,76.55
James Smith,"09:13,12:43,16:01,18:07,20:22","12:00,15:03,17:08,19:26,20:46",7.97,55.82
Maria Martinez,"09:07,11:56,15:32","10:51,14:43,16:31",5.51,73.15
Robert Smith,"09:07,11:22,14:35","10:35,13:36,16:04",5.19,61.31
Sophia Jones,"09:02,12:12,16:38","11:15,15:11,17:18",5.88,85.18
Maria Davis,"09:25,13:10","12:00,14:42",4.13,79.19
Maria Garcia,"09:18,11:57,14:52,17:09,19:42","10:53,13:27,16:03,18:42,21:13",7.33,71.93
Emma Rodriguez,"09:14,11:18,13:49","10:14,12:49,15:41",4.4,52.91
David Williams,"09:05,12:45,16:45","11:44,15:44,17:06",5.99,80.96
Michael Martinez,"09:13,11:06,15:14,18:08","10:28,14:02,17:09,18:20",6.3,55.03
Michael Miller,"09:02,11:40,15:24","10:46,14:17,16:44",5.69,75.92
Michael Jones,"09:27,12:52","12:04,15:16",5.02,57.93
Olivia Miller,"09:11,11:40,15:27,19:16","10:48,14:30,18:11,19:52",7.8,61.54
Emma Williams,"09:24,13:11,16:20,19:32","12:02,15:09,18:15,20:13",7.21,89.21
Maria Johnson,"09:28,13:04,15:41,19:32","11:49,14:39,18:12,20:32",7.46,52.15
Emma Garcia,"09:26,12:02,14:20,16:54,20:30","11:29,13:04,15:52,19:36,20:44",7.56,83.98
Maria Johnson,"09:04,13:01,15:26,17:42,20:31","12:00,14:16,16:52,19:33,21:02",8,72.88
Emma Jones,"09:02,12:47,15:42","11:29,14:59,16:12",5.16,74.61
David Davis,"09:13,12:20,14:48,17:28,19:37","11:19,13:48,16:24,18:45,20:15",7.09,61.84
Sophia Williams,"09:24,12:54","12:08,14:36",4.45,86.25
John Brown,"09:22,13:20,15:35","12:21,14:46,15:48",4.65,86.14
Alice Johnson,"09:00,12:33,16:28,18:45","11:37,15:10,17:46,19:59",7.77,71.6
Emma Rodriguez,"09:09,12:47,16:07,18:45","11:31,15:32,17:57,19:36",7.81,85.69
John Williams,"09:17,12:54,16:06","11:42,14:53,17:06",5.41,75.78
Michael Miller,"09:01,11:47,14:51,17:59,19:59","10:29,13:54,16:50,19:19,20:50",7.77,93.13
Robert Davis,"09:05,11:36,14:05,16:17","10:23,12:49,15:32,16:20",4.03,95.92
Robert Miller,"09:14,12:11,16:01","11:26,15:00,16:44",5.75,72.57
John Miller,"09:05,12:13,14:22,17:52","11:22,13:21,16:59,18:22",6.54,66.91
Olivia Miller,"09:27,12:17,15:15","11:19,14:29,15:52",4.68,98.32
Sophia Williams,"09:12,11:35,14:32,17:19,19:56","10:18,13:32,16:19,18:40,20:34",6.83,98.36
Sophia Garcia,"09:30,12:09,16:05","11:01,15:08,17:23",5.81,99.18
James Rodriguez,"09:28,12:01,15:20","11:10,14:23,15:58",4.71,73.6
Robert Brown,"09:16,11:05,12:53,15:54","10:18,12:05,14:58,16:36",4.83,74.69
James Miller,"09:28,13:19,15:40","11:57,14:36,16:43",4.83,65.86
Michael Smith,"09:04,12:48,16:47,19:03","11:25,15:39,17:59,20:05",7.44,85.4
Maria Williams,"09:16,11:52,14:20,17:27,20:04","10:47,13:46,16:42,19:23,20:19",7.98,94.07
David Davis,"09:03,11:53,14:34","10:54,14:01,14:53",4.31,91.58
Olivia Johnson,"09:22,13:05,15:50,18:20","12:06,14:44,17:06,19:26",6.76,77.06
Maria Jones,"09:20,11:48,14:00,16:50","10:59,13:12,15:22,17:48",5.4,60
Michael Martinez,"09:30,12:29,15:07,18:52","11:28,14:05,17:59,18:54",6.48,76.17
Alice Brown,"09:09,12:36,15:10","11:46,14:07,16:31",5.49,56.76
Robert Miller,"09:28,12:53,15:26,19:01","11:29,14:31,18:00,19:53",7.09,77.77
Sophia Brown,"09:26,12:42,15:43,18:29,21:11","11:22,14:33,17:24,20:34,21:22",7.74,58.27
Maria Rodriguez,"09:14,12:26,15:33,18:22","11:22,14:32,17:08,18:56",6.4,58.49
Emma Garcia,"09:11,12:23,15:20,17:30,20:22","11:05,14:31,16:37,19:17,20:48",7.54,75.6
John Garcia,"09:26,11:51,14:41","10:31,13:39,15:52",4.07,91.39
John Rodriguez,"09:09,12:01,16:18,19:14","11:07,14:55,18:21,19:57",7.64,80.31
Olivia Miller,"09:18,12:11,15:36,18:58","11:07,14:51,17:53,19:53",7.69,87.67
Olivia Davis,"09:06,12:09,15:17,18:03","11:10,14:22,17:09,18:37",6.72,73.43
Robert Brown,"09:01,11:00,13:58","10:24,12:38,15:27",4.52,72.42
Sophia Martinez,"09:02,12:57,16:41","11:53,15:24,16:52",5.49,61.96
Olivia Davis,"09:18,12:35","11:52,14:47",4.78,54.84
Sophia Johnson,"09:30,12:44,16:28,18:42","11:36,15:20,17:48,20:25",7.76,73.88
David Garcia,"09:21,12:38,16:04,19:14","11:45,14:48,18:03,20:14",7.56,71.04
Sophia Miller,"09:27,11:46,15:02,18:05","10:55,13:40,16:53,18:33",5.69,66.69
Michael Rodriguez,"09:15,13:06","12:02,14:31",4.21,90.03
Emma Brown,"09:27,12:44,15:16,17:59","12:05,14:21,17:04,18:19",6.39,64.86
John Williams,"09:05,11:28,14:48,17:54","10:24,13:55,16:57,19:43",7.74,87.86
Alice Jones,"09:20,13:16,16:34","12:17,15:32,17:09",5.81,78.19
John Williams,"09:25,12:37,14:31","11:40,13:58,15:20",4.42,90.9
David Miller,"09:20,13:09,15:56","11:55,14:43,17:42",5.93,82.6
Alice Jones,"09:14,11:49,14:11,15:59","10:29,13:23,15:20,16:37",4.61,59.87
David Johnson,"09:01,11:54,14:18,18:15","10:47,13:40,16:51,18:41",6.53,52.81
Michael Brown,"09:30,12:52,15:07","11:47,14:03,16:23",4.74,54.77
Olivia Williams,"09:11,12:34,15:10,18:27","11:26,14:15,17:29,18:39",6.45,84.26
James Johnson,"09:10,11:56,15:02,16:54,19:25","11:08,13:49,16:06,18:41,20:08",7.42,99.9
Emma Johnson,"09:30,12:24,15:06","11:08,14:27,16:07",4.7,54.37
Michael Smith,"09:22,12:34,15:07,18:02","11:46,14:02,16:56,18:55",6.57,50.52
James Brown,"09:20,12:00,15:35","10:45,14:39,16:29",4.98,86.77
David Miller,"09:00,13:04,16:49,18:39","11:57,15:27,18:05,18:58",6.92,80.1
David Rodriguez,"09:03,11:52,13:51,16:53,19:22","10:32,13:09,15:40,18:25,20:23",7.15,68.63
Olivia Davis,"09:10,11:37,14:22,16:56","10:56,13:37,16:15,17:48",6.53,95.2
Maria Smith,"09:24,12:45,16:25","11:28,15:36,16:46",5.28,59.36
Olivia Jones,"09:26,12:50,16:12","11:25,15:12,17:11",5.34,59.42
Maria Garcia,"09:18,12:34,15:32","11:40,14:24,17:17",5.96,71.29
James Brown,"09:09,11:43,14:08,17:29,19:42","10:25,13:12,16:18,19:00,20:57",7.68,61.21
James Davis,"09:10,12:21,16:19,17:53","11:20,15:17,17:21,19:44",8,83.84
Sophia Martinez,"09:01,11:59,15:10,17:52","11:04,14:24,16:35,18:02",6.05,92.88
Maria Johnson,"09:24,11:53,15:27","10:58,14:29,16:21",5.08,78.84
Robert Miller,"09:22,12:15,14:58,17:48","11:21,14:06,16:48,18:02",5.91,77.9
John Davis,"09:09,11:34,15:30,18:37","10:31,14:20,17:12,19:46",6.99,60.84
Maria Jones,"09:30,13:39,17:13","12:21,16:27,18:10",6.6,83.68
Olivia Williams,"09:05,11:51,15:32,18:28","10:42,14:41,17:23,19:34",7.41,88.97
Alice Garcia,"09:08,12:10,14:23,17:15","10:59,13:40,16:25,17:53",6.02,73.38
David Smith,"09:16,12:00,14:09,17:17,19:10,21:26","11:21,13:04,16:30,18:19,20:20,21:27",7.72,92.28
James Johnson,"09:26,11:45,15:22,18:44","10:39,14:16,17:46,20:26",7.84,83.82
James Garcia,"09:14,11:48,14:09,16:10,19:15","11:13,13:20,15:16,18:03,19:21",6.63,54.68
David Martinez,"09:03,13:10,15:49","11:57,14:32,18:18",6.75,59.18
Emma Garcia,"09:10,12:57,15:02,18:35,20:36","11:39,14:09,17:28,19:45,21:16",7.95,78.91
Emma Davis,"09:25,11:57,15:03,18:18,20:23","10:46,14:14,17:03,19:26,21:24",7.78,53.94
Michael Smith,"09:18,12:05,14:27","10:52,13:21,15:51",4.24,52.49
James Miller,"09:06,12:14,15:43","11:08,14:53,16:45",5.73,82.58
Sophia Rodriguez,"09:09,12:06,15:37","11:11,14:37,16:38",5.57,79.31
Maria Brown,"09:15,12:57,16:12","11:50,15:12,16:15",4.89,86.94
Robert Davis,"09:02,12:28,15:31","11:48,14:13,16:45",5.76,95.71
James Williams,"09:13,11:56,14:36","10:56,13:46,15:18",4.26,75.03
Maria Smith,"09:22,11:35,14:46,17:58","10:32,14:01,17:02,19:43",7.63,53.24
Michael Jones,"09:29,13:14,17:06","12:18,16:09,17:24",6.04,64.02
Robert Williams,"09:06,11:53,14:41,17:24,19:27","10:33,13:34,16:46,18:44,20:31",7.62,91.21
John Miller,"09:11,12:06,14:20,17:38","10:48,13:29,16:43,18:31",6.27,83.77
David Rodriguez,"09:09,12:11,14:03","11:01,13:20,15:17",4.26,74.58
Maria Miller,"09:18,11:30,13:16,15:52","10:23,12:35,14:41,16:45",4.48,93.63
Emma Garcia,"09:02,12:13,16:01,19:28","11:22,14:50,18:03,20:21",7.88,57.39
Olivia Davis,"09:05,12:17,14:12","11:28,13:19,15:53",5.1,72.8
Michael Martinez,"09:21,13:02","11:43,14:59",4.33,53.12
Alice Davis,"09:27,11:58,15:17","10:47,14:13,15:52",4.18,87.49
Alice Johnson,"09:15,12:32,14:33,16:48","11:10,13:35,15:58,16:56",4.53,93.98
Maria Davis,"09:22,12:26,15:16","11:22,14:25,16:04",4.79,72.01
Sophia Martinez,"09:04,11:46,14:51,16:45","11:04,13:41,15:52,18:07",6.32,85.52
David Miller,"09:10,10:53,13:34","10:18,12:25,15:33",4.66,91.22
Sophia Jones,"09:30,11:49,13:48,16:41","11:06,12:52,16:01,18:18",6.49,60.63
David Davis,"09:06,12:43,16:57,19:57","11:28,15:33,19:02,20:19",7.65,76.99
Maria Garcia,"09:16,12:09,15:59,18:12","10:59,14:50,17:13,18:13",5.67,68.63
James Brown,"09:21,13:14,15:32,17:17,19:48","12:14,14:19,16:34,18:27,19:56",6.3,61.05
Olivia Rodriguez,"09:05,12:04,14:22,18:11,19:59","10:47,13:14,17:12,19:16,20:37",7.42,96.86
Alice Johnson,"09:25,11:57,16:04,18:52","10:49,14:51,17:50,20:23",7.59,61.9
Alice Rodriguez,"09:26,13:36,17:03","12:25,16:03,18:27",6.84,77.75
Michael Davis,"09:26,13:02","12:03,14:52",4.46,64.39
John Davis,"09:19,11:42,15:15,18:27,20:53","10:25,14:11,17:34,19:59,21:21",7.9,60.19
John Martinez,"09:10,13:11,16:20","11:49,15:48,16:51",5.8,64.98
Alice Martinez,"09:04,12:30,15:27,18:25","11:47,14:43,17:19,18:29",6.87,83.76
Robert Smith,"09:08,11:35,14:33","10:37,13:49,15:23",4.56,87.43
James Rodriguez,"09:07,11:14,14:40","10:16,13:43,15:33",4.53,72.69
Sophia Johnson,"09:02,11:57,15:49","10:50,14:38,17:15",5.92,70.61
Emma Miller,"09:17,12:19","11:21,14:27",4.21,77.03
Maria Garcia,"09:21,11:15,15:27","10:27,14:13,16:35",5.21,77.28
Maria Davis,"09:20,12:09,14:50,18:08","10:44,13:43,17:04,18:20",5.4,52.56
Sophia Jones,"09:27,13:17","12:05,14:48",4.16,92.11
David Smith,"09:24,13:19,15:36","12:19,14:31,17:19",5.85,69.51
Olivia Brown,"09:17,12:03,14:39,17:32","11:03,13:58,16:19,18:52",6.69,71.54
John Martinez,"09:29,11:53,14:42","10:42,13:47,15:57",4.38,86.28
Emma Rodriguez,"09:17,12:35,16:06","11:33,15:04,17:35",6.24,56.46
David Miller,"09:05,12:20,14:38","11:22,13:41,16:03",5.05,53.9
James Martinez,"09:06,12:24","11:33,14:04",4.13,53.78
Emma Brown,"09:13,12:11,15:08","11:05,14:03,16:35",5.19,55.69
Sophia Brown,"09:27,13:27,16:34","12:23,15:35,18:03",6.56,67.93
John Garcia,"09:24,12:57,15:42,19:08","12:06,14:40,18:04,19:50",7.49,66.73
David Johnson,"09:30,13:09,15:33,18:03","12:23,14:26,17:20,18:34",6.48,70.29
Maria Rodriguez,"09:12,12:24,14:17,17:08","11:27,13:39,15:58,18:24",6.46,76.29
Olivia Garcia,"09:01,11:23,15:01","10:06,14:05,15:14",4.01,98.94
Maria Brown,"09:26,12:33,15:23","11:36,14:28,16:57",5.65,67.53
John Davis,"09:25,12:26,14:38,17:18","11:43,13:30,16:25,19:44",7.59,59.87
James Brown,"09:01,12:03,15:25","11:11,14:33,16:16",5.52,66.12
Olivia Davis,"09:04,11:55,15:57","10:45,14:49,16:41",5.32,52.26
Robert Garcia,"09:24,12:01,15:15,17:39","11:01,14:10,16:21,20:29",7.71,61.7
Alice Williams,"09:22,12:14,15:13","10:56,14:16,17:18",5.69,53.06
Alice Brown,"09:28,11:55,15:26,18:25","10:54,14:36,17:32,20:06",7.91,54.55
Michael Davis,"09:22,12:24,15:32,19:14","11:22,14:22,17:49,19:27",6.47,95.59
James Martinez,"09:27,12:25,16:15,19:40","11:21,15:01,18:25,20:10",7.18,56.86
James Brown,"09:17,13:00,16:30,19:12","11:48,15:36,18:10,20:01",7.61,89.72
Robert Jones,"09:01,12:18,14:57,17:21,19:41","10:54,14:02,16:14,18:46,19:52",6.51,78.75
Michael Miller,"09:11,12:06,14:44","11:33,13:52,16:50",6.24,81.24
Maria Jones,"09:06,12:52,15:47","11:51,14:24,16:20",4.84,91.93
Olivia Miller,"09:30,12:50,15:29","11:35,14:18,16:17",4.36,66.44
Sophia Smith,"09:10,12:05,14:45,17:47,20:06","11:12,13:55,16:42,18:50,20:11",6.96,84.82
John Brown,"09:13,12:10,14:49,18:12,20:43","11:32,13:34,16:57,19:39,21:09",7.74,54.63
Maria Martinez,"09:08,12:53,15:09,17:04","11:58,14:11,16:17,17:26",5.65,79.11
Alice Garcia,"09:29,12:48,16:13,19:56","11:30,15:24,18:44,20:15",7.45,66.26
Robert Williams,"09:11,12:30,16:35","11:15,15:18,18:09",6.44,80.66
Michael Smith,"09:01,12:33,15:01","11:20,13:44,15:52",4.37,97.85
David Smith,"09:05,10:56,13:27,16:08,18:53","10:20,12:27,14:56,17:57,18:55",6.11,68.04
Maria Miller,"09:07,12:47,15:48","11:55,15:08,16:52",6.23,93.1
Alice Garcia,"09:30,12:20,14:35,18:01","11:16,13:42,16:50,19:40",7.04,94.53
James Garcia,"09:18,11:50,15:50","11:06,14:45,16:25",5.31,51.89
Robert Martinez,"09:09,12:23","11:20,14:20",4.15,59.49
James Johnson,"09:07,11:47,15:49","10:39,14:34,17:47",6.28,70.42
Olivia Brown,"09:26,12:31,14:53,17:37,19:35","11:26,13:57,16:36,18:49,19:55",6.68,68.67
James Johnson,"09:28,11:52,14:22","10:38,13:13,16:48",4.95,75.23
James Garcia,"09:23,11:42,15:17","10:33,13:53,15:59",4.06,54.05
James Smith,"09:18,13:01,16:01,19:07","12:09,15:01,18:32,19:40",7.93,59.93
Alice Davis,"09:11,11:44,14:59","10:45,14:19,16:41",5.85,71.19
Sophia Miller,"09:12,11:49,14:04","10:48,13:12,15:51",4.78,83.04
Michael Jones,"09:24,11:29,13:48,17:36","10:27,12:54,16:39,17:36",5.33,55.28
Alice Rodriguez,"09:02,12:12,16:00","11:01,15:00,17:24",6.2,79.58
John Smith,"09:06,11:16,14:56,18:18","10:12,13:48,17:38,19:06",7.14,87.21
James Jones,"09:15,12:18,15:33","11:24,14:50,18:03",7.2,93.43
Alice Miller,"09:24,11:39,13:41,17:17","10:48,13:07,16:24,18:08",6.44,78.09
Alice Jones,"09:16,10:58,14:49,16:53,20:08","10:16,13:52,16:04,18:51,20:36",7.6,60.01
Emma Jones,"09:24,12:22,15:21,18:51","11:01,14:23,18:05,19:02",6.55,67.46
David Johnson,"09:12,11:29,15:05","10:45,14:04,16:06",5.16,94.12
Sophia Martinez,"09:12,12:19,14:55,17:50","11:23,14:02,17:03,18:53",7.09,83.59
Robert Miller,"09:30,12:29,15:03,17:15","11:37,13:49,16:06,17:48",5.06,70.68
John Smith,"09:28,12:28,14:32","11:29,13:35,15:31",4.13,68.48
Emma Miller,"09:01,11:32,15:14","10:44,14:10,15:24",4.52,79.96
Maria Garcia,"09:08,11:12,13:26","10:10,12:54,14:48",4.12,50.49
Maria Rodriguez,"09:18,12:14,15:55","11:11,14:54,16:49",5.46,87.87
David Rodriguez,"09:07,11:30,13:55","10:28,13:14,14:56",4.11,65.51
Sophia Martinez,"09:20,11:56,15:06,17:24","10:48,14:00,16:34,17:27",5.06,98.03
Alice Smith,"09:13,12:00,14:48,17:01,18:59","11:06,13:53,15:53,18:04,19:37",6.54,96.8
Alice Johnson,"09:22,13:08,15:25,18:17,20:17","12:18,14:16,17:21,19:32,20:39",7.63,72.31
Maria Rodriguez,"09:01,12:00,14:50,18:00","11:23,13:56,17:00,19:27",7.92,52.61
Alice Miller,"09:28,11:47,14:16,16:40,18:56","10:40,13:04,15:46,17:53,19:07",5.4,66.87
Emma Brown,"09:12,11:33,13:53","10:38,12:52,16:03",4.92,53.53
James Williams,"09:18,11:12,14:49","10:27,13:44,15:13",4.09,77.01
Robert Johnson,"09:11,12:24,15:51,19:10","11:09,14:49,18:09,20:25",7.94,99.27
John Williams,"09:13,12:46,15:02","11:44,14:04,16:53",5.67,67.71
Michael Garcia,"09:20,11:49,15:42","10:34,14:45,15:52",4.35,84.58
John Miller,"09:21,11:35,15:12","10:28,14:33,16:03",4.95,51.23
Robert Jones,"09:21,11:39,15:00","10:54,13:57,15:21",4.21,75.4
Maria Davis,"09:00,13:01,16:48,18:54","11:58,15:31,17:56,19:11",6.9,88.84
David Williams,"09:17,11:59,14:35","10:43,13:06,16:24",4.37,81.94
James Martinez,"09:15,13:11","12:11,15:43",5.48,64.34
Robert Davis,"09:06,12:28,14:34","11:23,13:32,15:48",4.59,68.94
Emma Jones,"09:15,12:01,14:47,19:00,21:03","11:15,13:29,17:42,20:09,21:12",7.7,89.74
Sophia Williams,"09:08,12:30,15:05","11:15,13:42,17:03",5.3,75.91
Sophia Rodriguez,"09:15,12:25,16:04,17:59","11:15,14:42,17:12,18:21",5.79,70.95
Emma Martinez,"09:06,11:32,14:55,17:51","10:20,13:47,16:52,18:41",6.27,97.59
Olivia Miller,"09:23,12:41,16:00,18:42","11:31,15:06,17:57,19:36",7.41,76.3
Maria Jones,"09:18,13:01,15:18,18:31","11:54,14:36,17:50,18:48",7.01,88.51
Sophia Rodriguez,"09:30,13:00,15:37,18:09","11:43,14:56,17:15,19:02",6.68,91.23
Robert Garcia,"09:13,11:22,15:05,18:06","10:35,13:54,17:06,19:39",7.47,87.74
Robert Martinez,"09:10,11:50,15:01,18:35","11:00,14:13,17:33,19:49",7.99,53.35
Alice Smith,"09:20,12:14,14:30,17:55","11:23,13:17,16:56,19:01",6.63,99.21
Robert Johnson,"09:13,13:08,16:02,19:23","11:54,14:51,18:17,20:19",7.6,73.48
Maria Jones,"09:17,12:25,15:18,17:32,20:20","11:31,14:15,16:41,19:25,20:34",7.57,62.77
Maria Williams,"09:22,12:04,15:28,17:46","11:02,14:29,16:31,18:01",5.39,76.47
James Brown,"09:06,12:41,15:21","11:32,14:17,16:00",4.69,97.7
Alice Jones,"09:25,13:12,15:16","12:20,14:20,16:53",5.67,82.11
James Martinez,"09:19,12:03,15:19","10:45,14:27,17:30",6.02,58.47
Alice Williams,"09:12,11:53,14:41","11:11,13:30,16:15",5.17,97.67
Michael Garcia,"09:06,12:29,15:15","11:41,13:51,15:57",4.67,74.02
Sophia Davis,"09:15,11:24,15:19,18:14","10:15,14:16,17:10,19:41",7.18,91.87
Olivia Rodriguez,"09:18,12:03,14:12,18:11,21:07","11:14,13:11,17:09,19:58,21:10",7.86,63.99
Michael Rodriguez,"09:04,11:39,14:32,18:21","10:40,13:30,17:21,18:52",6.79,93.52
Alice Rodriguez,"09:16,12:30,15:22","11:32,14:45,15:27",4.61,50.35
Alice Rodriguez,"09:02,11:55,14:35","10:49,13:17,15:36",4.17,76.81
Alice Johnson,"09:15,12:32,14:50","11:29,13:44,15:40",4.27,63.67
Alice Rodriguez,"09:29,11:49,13:58","10:49,12:54,15:35",4.04,82.56
Emma Williams,"09:13,12:35","11:09,14:56",4.29,59.33
Michael Miller,"09:00,12:10,15:23","11:07,14:29,16:55",5.97,79.07
Robert Brown,"09:17,11:17,14:14,17:26","10:24,13:21,16:19,18:27",6.29,85.1
Olivia Smith,"09:11,12:21,14:33,17:59","11:17,13:42,17:02,18:28",6.42,57.33
Alice Brown,"09:04,12:55,16:05,18:28","11:44,15:03,17:14,19:45",7.24,77.22
Michael Martinez,"09:28,11:43,14:07,17:19,21:09","10:31,13:04,16:13,19:40,21:15",6.96,71.11
Alice Rodriguez,"09:05,11:39,14:26,17:35,19:46","10:32,13:15,16:41,18:37,19:56",6.51,58.72
Alice Miller,"09:28,11:43,14:17","10:46,13:20,15:59",4.63,82.91
James Davis,"09:24,12:14,14:53,16:44","11:13,13:43,15:53,17:23",4.97,52.25
Michael Garcia,"09:08,12:52,15:45","11:35,15:11,17:04",6.09,54.33
Maria Smith,"09:05,12:28,16:29,18:19","11:22,15:19,17:35,19:48",7.72,79.34
Robert Garcia,"09:13,12:29,15:02","11:29,13:50,15:25",4.01,65.71
Alice Jones,"09:18,12:47,15:24","11:51,14:36,15:25",4.39,88.12
John Davis,"09:30,11:56,14:32,17:48","11:07,13:43,16:42,18:53",6.66,50.52
Sophia Martinez,"09:07,11:26,14:57","10:29,13:49,17:00",5.82,68.68
Alice Miller,"09:01,11:50,14:07","11:01,13:22,15:26",4.86,54.75
James Jones,"09:14,12:39,14:40,17:55","11:22,13:48,17:09,18:35",6.45,51.34
John Garcia,"09:19,12:40,15:44","11:44,15:04,17:23",6.47,72.86
Olivia Jones,"09:27,12:02,15:37","10:36,14:41,16:22",4.55,99.02
Sophia Johnson,"09:02,12:54,14:56","11:57,14:03,15:38",4.78,88.72
Robert Johnson,"09:06,12:08,15:19","11:15,14:38,16:58",6.31,86.05
Emma Smith,"09:10,12:02,15:29","11:00,14:32,16:12",5.05,55.26
Olivia Rodriguez,"09:26,13:22,16:43","12:22,15:51,19:17",7.98,67.08
David Miller,"09:11,11:33,14:06","10:52,12:43,15:28",4.22,57.29
Sophia Rodriguez,"09:10,12:54,15:11","11:59,14:24,17:00",6.14,70.58
Emma Martinez,"09:10,11:30,15:08","10:47,13:58,15:59",4.93,87.03
David Davis,"09:28,12:40,15:20,17:37","11:35,14:34,16:36,18:22",6.04,88.47
James Williams,"09:14,13:24,17:31","12:07,16:22,17:40",6.01,59.18
Olivia Jones,"09:22,13:11,16:04","11:51,15:14,16:04",4.54,90.36
Emma Williams,"09:30,12:08,15:09,18:23","11:22,14:19,17:33,18:32",6.6,82.34
Maria Rodriguez,"09:19,11:36,13:41,15:23,18:04","10:40,12:53,14:47,17:16,19:48",7.35,53.08
James Garcia,"09:15,11:24,13:58","10:33,13:12,16:12",5.34,88.27
Michael Brown,"09:05,11:53,15:46","10:37,14:32,17:00",5.42,71.31
Alice Smith,"09:00,11:31,13:40,15:57","10:27,13:08,14:57,17:33",5.96,89.31
Olivia Rodriguez,"09:27,11:40,14:54","10:57,13:47,15:21",4.08,71.86
David Brown,"09:03,12:12","11:04,14:16",4.09,60.49
David Smith,"09:24,11:32,15:22,18:53","10:28,14:07,18:05,19:41",7.18,76.1
Alice Williams,"09:10,11:06,13:39","10:16,12:38,15:48",4.8,83.79
John Williams,"09:30,11:55,15:52,19:52","11:12,14:25,18:47,20:03",7.32,93.14
Robert Rodriguez,"09:03,11:52,15:20","11:09,14:20,16:22",5.61,97.71
James Garcia,"09:21,12:37,16:02","11:57,15:01,17:24",6.38,59.44
Emma Jones,"09:19,13:02","12:15,15:06",5.02,80.17
Sophia Williams,"09:11,12:29,16:29","11:26,15:26,18:14",6.95,84.27
David Garcia,"09:11,12:02,14:39,16:48","11:04,13:48,16:05,17:48",6.09,63.35
Alice Jones,"09:04,11:23,13:55,17:16","10:44,12:44,16:20,17:39",5.82,78.98
Emma Johnson,"09:09,11:27,14:30,17:08","10:21,13:45,15:55,18:03",5.84,50.43
Emma Miller,"09:15,12:37","11:47,14:15",4.17,56.33
Alice Jones,"09:09,12:07,15:09","11:24,13:59,16:45",5.73,74.78
Alice Smith,"09:22,11:29,13:31,17:14,19:23","10:37,12:53,16:08,18:30,19:40",6.83,80.37
Robert Johnson,"09:02,12:35","11:38,14:41",4.71,98.89
John Rodriguez,"09:28,11:30,14:17,16:20,18:14","10:40,12:54,15:18,17:30,19:47",6.35,94.28
Sophia Rodriguez,"09:19,11:24,14:12","10:26,13:22,15:13",4.11,57.12
Maria Miller,"09:15,12:22","11:03,14:40",4.11,68.85
David Brown,"09:16,12:37,14:28","11:31,13:53,15:07",4.17,97.74
David Garcia,"09:08,13:05","11:54,14:27",4.14,94.93
Michael Jones,"09:27,13:27,16:10","12:10,15:14,16:34",4.9,74.82
Maria Davis,"09:22,13:26,17:05","12:15,16:21,17:51",6.58,91.84
James Rodriguez,"09:12,12:28,16:17","11:27,15:14,17:18",6.04,54.55
David Jones,"09:11,12:41,15:52","12:03,14:58,17:11",6.48,99.02
John Garcia,"09:21,12:19,16:02,18:45","11:00,14:59,17:45,20:29",7.77,80.33
Robert Jones,"09:08,12:47,15:52","11:41,14:45,16:31",5.17,98.15
Alice Martinez,"09:26,11:55,16:04,19:17","10:59,14:46,18:23,20:29",7.93,53.77
Maria Davis,"09:12,11:36,13:35","10:39,12:38,15:08",4.04,90
John Garcia,"09:16,12:31","11:26,15:22",5.03,81.91
Emma Williams,"09:10,12:40,15:03,16:50","11:43,13:51,16:10,17:14",5.25,75.3
David Martinez,"09:26,12:08,15:54,18:58","10:45,14:43,17:45,21:01",7.81,92.12
Michael Jones,"09:01,10:53,13:27,17:34","10:03,12:15,16:20,18:43",6.44,51.97
David Jones,"09:29,12:57,16:21,18:44","11:58,15:25,17:42,20:02",7.6,77.09
John Brown,"09:30,12:31,15:05","11:50,14:15,16:25",5.41,64.79
Alice Rodriguez,"09:29,11:45,14:33,17:36","10:48,13:18,16:54,18:35",6.21,50.59
Sophia Smith,"09:27,11:47,15:46","10:53,14:43,17:35",6.19,87.1
Maria Rodriguez,"09:15,12:46,16:00","12:01,14:53,16:07",5,63.7
Olivia Smith,"09:11,11:52,15:19","11:15,14:32,15:21",4.77,88.61
Emma Garcia,"09:01,11:14,14:46,16:52,19:49","10:25,13:49,16:17,19:05,19:58",7.87,82.04
Michael Smith,"09:18,11:19,15:02,18:20","10:21,14:02,17:20,19:34",7.3,53.17
Robert Garcia,"09:18,12:14,14:29","11:09,13:30,15:53",4.52,79.68
Alice Martinez,"09:10,11:09,14:14,16:50,19:26","10:15,13:07,15:53,18:30,19:58",6.91,65.11
Sophia Garcia,"09:24,13:28,16:31","12:17,15:18,17:02",5.25,92.23
Olivia Miller,"09:30,11:58,14:56,17:39","10:53,13:41,16:40,19:03",6.23,87.19
Olivia Smith,"09:12,11:31,14:39,17:46","10:34,13:56,16:31,18:32",6.43,51.24
James Johnson,"09:28,12:34,14:30,17:18","11:44,13:46,16:12,19:05",6.97,88.81
John Martinez,"09:13,12:33","11:45,14:31",4.51,82.02
Robert Davis,"09:30,13:15,17:16","12:13,16:00,18:56",7.14,92.57
Maria Davis,"09:03,11:20,14:38","10:15,13:45,16:08",5.13,73.31
Emma Davis,"09:16,12:20,14:43,16:53,20:30","10:56,13:22,15:58,19:46,21:17",7.62,52.41
Emma Smith,"09:07,11:44,15:49","10:57,14:35,17:13",6.09,91.5
Maria Rodriguez,"09:24,13:05,15:49,18:13","11:43,14:57,16:49,18:57",5.92,95.49
James Martinez,"09:05,11:01,12:58","10:11,12:07,15:35",4.82,53.18
Emma Martinez,"09:21,12:15","11:15,14:39",4.31,89.68
Maria Martinez,"09:18,12:29,15:46,18:17","11:24,14:55,17:07,20:11",7.8,69.57
Michael Miller,"09:12,12:57,15:25,17:35,20:43","11:48,14:04,16:56,19:39,21:02",7.63,81.72
Alice Williams,"09:07,10:51,14:16,16:41","10:08,13:13,15:36,18:04",6.1,55.27
Olivia Williams,"09:14,13:12","12:13,14:25",4.21,54.62
Robert Williams,"09:22,11:41,15:19,17:51","11:03,14:24,16:47,18:55",6.95,95.65
Maria Smith,"09:17,12:06,14:37","11:28,13:38,14:57",4.05,69.94
David Johnson,"09:14,12:40,15:15,17:53","11:11,14:29,16:50,18:43",6.18,86.1
Robert Miller,"09:13,12:05,13:57,16:18","11:02,13:18,15:24,17:29",5.67,96.53
James Martinez,"09:15,12:42,16:18","11:43,15:28,17:50",6.78,99.45
James Jones,"09:01,11:21,15:02,18:13","10:11,13:49,17:11,18:17",5.86,73.1
James Davis,"09:02,11:21,13:59,16:51","10:11,12:59,16:00,18:00",5.96,87.41
John Jones,"09:30,12:47,16:33,19:21","11:56,15:26,18:15,19:25",6.86,54.41
Emma Smith,"09:03,11:19,13:52","10:25,12:41,15:08",4,82.84
Sophia Martinez,"09:20,12:55,15:49","12:06,14:55,16:29",5.45,56.4
Alice Brown,"09:08,11:14,15:14","10:15,14:06,15:34",4.32,76.25
Emma Jones,"09:28,12:55","11:33,15:23",4.56,95.53
John Davis,"09:19,12:44,15:43,18:09","11:37,14:52,17:08,18:55",6.62,94.01
Michael Martinez,"09:25,13:19,16:39","12:23,15:19,16:47",5.11,92.59
Alice Rodriguez,"09:19,11:27,13:51,17:24,19:52","10:22,13:05,16:18,18:43,20:42",7.29,93.22
Michael Rodriguez,"09:17,13:13,17:07","12:00,16:01,18:25",6.82,69
Michael Miller,"09:10,11:49","11:11,14:33",4.75,82.61
John Johnson,"09:19,12:11,15:31","11:11,14:16,17:43",6.16,89.92
Alice Garcia,"09:06,11:12,13:36","10:16,12:46,15:00",4.13,71.2
Emma Johnson,"09:11,12:12,15:29,18:10","11:21,14:24,17:18,19:46",7.79,70.73
David Martinez,"09:15,12:38,15:32","11:44,14:22,16:43",5.41,59.29
John Miller,"09:22,12:43,15:15,18:20","11:37,14:17,17:19,18:27",6.01,87.64
Emma Garcia,"09:20,12:50","11:52,14:29",4.2,97.58
Olivia Rodriguez,"09:03,11:29,15:15,17:49","10:30,14:27,16:42,19:34",7.63,62.38
John Williams,"09:23,11:37,14:57","10:29,14:05,16:36",5.22,61.84
Robert Johnson,"09:01,12:45","11:51,14:31",4.6,51.79
Olivia Smith,"09:04,11:57,15:30,17:55","10:33,14:17,17:04,18:58",6.45,68.24
Michael Davis,"09:19,12:32,14:59,17:30,20:03","11:46,13:45,16:34,19:12,20:45",7.65,53.2
David Davis,"09:15,11:19,14:05,17:48","10:16,13:06,16:56,18:15",6.11,51.67
David Martinez,"09:11,11:26,14:41","10:22,13:37,16:18",5,74.67
Robert Johnson,"09:19,11:49,14:48,17:02,20:08","10:47,13:35,15:54,19:09,20:31",6.85,80.6
Robert Garcia,"09:12,12:37,16:00","11:38,15:04,18:33",7.44,68.6
David Martinez,"09:23,11:43,14:36","10:36,13:22,16:55",5.19,54.26
Emma Williams,"09:25,11:29,13:52","10:43,12:31,16:34",5.05,70.28
Maria Williams,"09:12,11:46,15:10","10:36,14:03,16:40",5.2,96.27
Sophia Jones,"09:15,12:48,15:40,18:03","11:52,14:34,17:14,19:08",7.04,89.34
Michael Martinez,"09:14,11:23,14:04,17:32","10:30,13:03,16:30,19:00",6.85,70.67
Emma Davis,"09:27,11:34,14:00,17:49","10:36,12:57,16:21,18:50",5.91,95.96
Michael Jones,"09:02,12:40,15:06","11:28,13:44,16:08",4.54,79.21
Olivia Johnson,"09:05,11:39,13:46,16:07,19:27","10:22,13:07,14:57,18:28,20:16",7.12,84.68
Robert Brown,"09:30,11:35,14:29","10:54,13:11,15:42",4.23,63.81
Emma Jones,"09:30,13:34,15:24,18:16","12:20,14:41,16:46,19:17",6.34,55.71
John Smith,"09:10,12:15","11:24,14:11",4.17,78.87
Alice Davis,"09:26,11:50,15:05","10:53,14:04,15:35",4.19,82.78
Emma Miller,"09:07,11:11,13:26,17:14","10:15,12:27,16:14,18:35",6.56,56
John Williams,"09:22,11:45,14:04,17:52","10:54,13:12,16:50,18:19",6.21,50.6
David Johnson,"09:20,11:21,13:35,16:26","10:48,12:27,15:31,18:16",6.34,80.19
Maria Williams,"09:30,12:15,15:25,18:21","11:18,14:28,17:17,19:24",6.93,89.61
David Miller,"09:04,12:13,14:26,16:52,19:54","11:14,13:35,15:55,18:52,20:34",7.69,82.3
Olivia Johnson,"09:03,12:34,14:41,17:15","11:43,13:55,16:19,18:31",6.92,52.69
Robert Rodriguez,"09:02,12:06,14:36,17:01,19:07","11:11,13:17,16:10,18:08,20:51",7.76,66.59
David Rodriguez,"09:10,12:30,15:17","11:43,14:02,16:33",5.36,75.2
David Miller,"09:18,12:30","11:50,14:11",4.22,50.94
Alice Miller,"09:07,11:29,14:33","10:36,13:29,16:29",5.43,94.87
Michael Smith,"09:09,12:12,15:54","11:32,14:51,16:17",5.43,86.32
Michael Johnson,"09:28,12:31,15:13,18:24","11:42,14:05,17:08,19:46",7.1,69.14
Robert Jones,"09:20,12:29,14:52","11:28,13:56,16:16",4.99,81.19
Olivia Martinez,"09:08,10:56,12:43,16:04","10:09,12:00,14:59,17:21",5.65,97.75
David Martinez,"09:15,12:05,14:12,17:32,19:51","11:27,13:11,16:41,18:56,20:21",7.68,84.31
Sophia Garcia,"09:15,12:07,16:19","10:53,15:00,17:55",6.12,90.34
Emma Johnson,"09:17,13:04,15:20","12:05,14:15,16:58",5.62,54.31
David Brown,"09:30,12:36","11:32,14:35",4.03,65.96
Olivia Williams,"09:22,12:43,14:56","11:24,14:08,15:54",4.42,71.24
Michael Johnson,"09:14,11:42","11:02,13:57",4.06,64.68
Olivia Smith,"09:03,12:07,15:43","11:14,14:56,16:20",5.63,54.14
Robert Rodriguez,"09:11,12:51,15:57,18:16","12:07,14:44,17:11,19:48",7.59,96.84
James Smith,"09:30,12:07,16:01","11:13,14:49,17:31",5.93,60.83
John Jones,"09:00,11:39,15:47","10:41,14:31,16:00",4.77,85.84
James Smith,"09:07,12:34,16:30","11:44,15:22,17:12",6.13,62.47
John Martinez,"09:15,12:03,14:31","11:26,13:15,15:30",4.37,55.83
Maria Rodriguez,"09:07,12:07,15:10","10:59,14:17,15:39",4.52,80.29
Sophia Martinez,"09:18,11:57,15:10","11:21,14:10,16:32",5.65,72.14
Emma Brown,"09:01,12:12,15:07","11:08,13:54,16:49",5.52,85.64
Michael Garcia,"09:24,12:31,15:33","11:38,14:22,17:54",6.45,77.17
Sophia Smith,"09:20,12:07,15:23","11:06,14:20,16:06",4.71,57.84
James Johnson,"09:01,11:11,14:43","10:24,13:44,16:39",5.87,99.52
Alice Davis,"09:00,13:12,15:23","11:53,14:30,15:44",4.55,90.47
James Johnson,"09:26,12:17,15:06,17:04","11:26,14:23,16:09,18:25",6.52,62.09
Emma Miller,"09:04,12:06,15:34,18:44","11:11,14:38,18:05,18:58",7.41,90.76
Robert Williams,"09:17,12:46,15:50","11:35,14:27,16:48",4.95,85.18
Michael Davis,"09:21,11:52,15:37","10:58,14:51,16:13",5.21,82.07
Alice Garcia,"09:26,12:54,16:50","11:57,15:40,18:07",6.58,83.67
Sophia Miller,"09:11,11:51,15:55,19:16","10:34,14:38,18:15,20:13",7.46,99.95
Sophia Brown,"09:11,11:28,14:48,18:25","10:16,13:36,17:24,19:44",7.14,79.7
Sophia Miller,"09:10,11:24,14:01,16:32,19:34","10:32,12:48,15:27,18:41,19:52",6.66,89.52
Olivia Miller,"09:24,11:54","10:52,14:42",4.27,50.84
Alice Brown,"09:06,11:55,15:27","11:03,14:18,15:52",4.75,76.23
Michael Smith,"09:19,11:12,14:11,17:07,19:19","10:26,13:08,16:08,18:18,20:00",6.88,69.81
Olivia Brown,"09:22,11:34,14:55,18:34","10:47,14:07,17:50,19:04",7.39,76.81
Alice Rodriguez,"09:04,12:15,14:43,17:04","11:20,13:35,16:07,18:21",6.3,77.7
David Davis,"09:13,13:03,16:04","11:49,14:56,18:07",6.54,68.7
Emma Davis,"09:17,11:27,13:19,16:03","10:24,12:29,15:20,17:28",5.59,96.96
Robert Rodriguez,"09:07,12:24,16:11","11:15,15:03,17:22",5.97,55.97
Alice Jones,"09:23,12:52,16:42","11:29,15:49,17:04",5.43,92.17
John Williams,"09:08,12:04,15:01","11:12,14:00,15:02",4.03,69.43
Alice Jones,"09:06,12:44,16:16,18:10","11:46,15:36,17:21,19:27",7.91,98.37
Emma Brown,"09:08,11:11,15:04","10:19,14:08,15:37",4.7,99.92
Maria Miller,"09:28,12:33,15:55","11:50,14:55,18:23",7.21,71.05
James Davis,"09:03,12:05,14:36,17:10,19:54","11:06,13:35,16:03,18:29,19:58",6.39,95.74
Robert Garcia,"09:19,11:22,14:48,17:53,20:19","10:39,13:51,16:36,19:14,21:12",7.85,98.95
Maria Garcia,"09:27,12:42,16:04","11:33,15:14,18:50",7.4,75.17
Olivia Miller,"09:02,11:16,13:55,16:11,18:19","10:06,13:14,15:01,17:45,19:06",6.48,85.27
Michael Martinez,"09:02,12:47,14:47","11:43,13:51,16:16",5.24,89.85
John Johnson,"09:30,13:09,16:08,19:08","12:00,15:12,18:09,19:53",7.33,92.06
Emma Johnson,"09:18,11:29,14:03,17:23,19:47","10:41,13:14,16:27,18:59,20:31",7.87,60.17
Olivia Miller,"09:04,11:54,15:44,18:57","11:09,14:16,17:43,19:34",7.06,79.63
James Williams,"09:06,12:37,14:56,19:05","11:38,13:48,17:47,19:37",7.11,64.28
John Smith,"09:19,11:54,14:34","11:00,13:32,16:46",5.52,66.98
John Davis,"09:25,11:36,15:07,17:16","10:45,14:13,16:21,18:41",6.61,61
Maria Jones,"09:22,12:07,14:43","11:13,13:43,16:04",4.81,65.28
Sophia Smith,"09:07,12:12,14:26","11:26,13:32,15:38",4.86,61.4
James Johnson,"09:30,13:09","12:17,14:39",4.29,51.43
Robert Brown,"09:04,11:44,13:38,16:36","10:15,12:52,15:57,17:51",5.89,51.12
Olivia Rodriguez,"09:05,11:44,14:47","10:59,13:38,16:27",5.48,64.45
James Smith,"09:13,12:00,14:46,18:22","10:51,13:26,17:05,20:15",7.27,77.11
Michael Rodriguez,"09:20,11:58,15:16,17:51","10:53,14:24,16:54,18:34",6.34,55.33
Michael Williams,"09:18,11:49,14:41,17:36,21:17","10:30,13:43,16:36,20:09,21:24",7.7,63.25
James Miller,"09:06,12:53,16:27","11:34,15:30,16:43",5.37,94.34
Sophia Rodriguez,"09:04,11:49,15:24,18:57","10:55,14:23,17:48,18:58",6.85,67.54
James Smith,"09:01,11:31,13:58,16:35","10:35,13:12,15:43,18:22",6.79,79.99
Robert Williams,"09:11,12:34,15:13,18:04","11:15,14:23,16:45,19:23",6.74,98.49
John Martinez,"09:12,12:51","12:05,15:21",5.38,59.45
David Jones,"09:24,13:08,15:26,18:51","12:21,14:40,17:36,19:55",7.72,96.11
Emma Johnson,"09:21,12:38,15:18","11:53,14:14,15:24",4.25,70.68
Maria Brown,"09:29,12:10,14:38,18:27","11:16,13:52,17:07,18:56",6.46,93.76
Michael Miller,"09:09,11:50,14:11","10:45,13:07,16:09",4.86,88.37
Robert Rodriguez,"09:15,12:13,14:16","11:16,13:26,15:05",4.06,96.53
Sophia Johnson,"09:30,13:01,16:32,20:05","11:57,15:11,19:09,20:40",7.82,72.13
John Davis,"09:20,12:08,16:07,18:23","11:25,15:01,17:09,19:01",6.65,74.37
John Rodriguez,"09:30,11:30,13:58,17:26","10:51,12:51,16:28,19:46",7.54,96.74
Maria Davis,"09:24,12:24,14:59,17:12,21:00","11:20,14:04,16:08,19:50,21:26",7.83,71.59
John Garcia,"09:24,12:16","11:16,14:46",4.37,69.91
James Miller,"09:08,11:55,14:01,16:45,20:12","10:38,13:01,16:03,19:34,20:35",7.85,92.01
David Williams,"09:18,12:22,14:36","11:41,13:25,17:11",6.02,56.94
Alice Rodriguez,"09:29,12:12,16:01,18:06","11:04,14:36,17:21,18:44",5.96,62.86
Alice Jones,"09:13,11:58,14:11,16:20","10:54,13:19,15:44,17:43",5.97,93.28
Michael Jones,"09:13,12:14","11:15,14:32",4.35,84.32
Olivia Smith,"09:08,12:11,14:21,17:18","11:10,13:19,16:06,17:23",5.01,86.53
David Brown,"09:30,12:32","11:11,14:56",4.1,51.16
Maria Garcia,"09:30,13:40,17:01","12:24,16:14,18:19",6.77,83.72
Olivia Brown,"09:22,13:10,15:27","12:21,14:28,16:17",5.13,58.44
Sophia Martinez,"09:01,11:43,13:53,17:18","11:04,12:59,16:37,18:22",7.12,95.92
Alice Brown,"09:27,11:30,13:42,15:57","10:36,12:48,15:19,17:06",5.22,96
Maria Jones,"09:26,11:49,14:01,16:39","10:43,12:54,15:47,18:20",5.82,78.65
John Miller,"09:23,11:51,14:08,16:15","10:52,13:03,15:19,18:38",6.25,82.09
Michael Garcia,"09:12,13:00,14:58","11:51,14:15,16:33",5.49,81.88
Sophia Rodriguez,"09:16,11:53,14:02,16:52,20:04","10:35,12:57,16:00,19:15,20:59",7.66,95.78
James Jones,"09:30,11:52,15:28","11:06,14:28,16:03",4.79,90.78
James Garcia,"09:04,11:25,14:44","10:47,14:08,16:37",6.32,88.53
Olivia Johnson,"09:18,11:43,13:55,16:03,18:51","10:55,13:17,14:59,17:52,19:29",6.71,84.4
Emma Jones,"09:12,12:48,15:02,18:44","11:46,14:10,17:57,18:51",6.97,74.03
Alice Brown,"09:15,12:25,15:45","11:17,14:52,17:44",6.47,77.86
John Martinez,"09:04,12:28,15:33","11:18,14:53,16:29",5.6,54.1
Sophia Jones,"09:02,12:21,14:11,16:52","11:24,13:24,15:48,17:29",5.65,80.43
James Rodriguez,"09:25,13:21","12:17,15:30",5.03,71.46
Olivia Williams,"09:17,12:51,15:25","11:46,14:08,16:49",5.17,50.28
James Davis,"09:26,11:49,15:13,19:05","11:04,14:37,18:00,19:45",7.89,78.66
Maria Rodriguez,"09:23,11:54,15:36","10:40,14:35,15:53",4.26,70.42
David Miller,"09:15,11:28,15:03,17:01","10:26,13:55,16:17,19:26",7.29,61.98
Olivia Johnson,"09:23,12:23,15:31","11:13,14:31,16:23",4.85,91.7
Alice Miller,"09:13,13:07,16:41","11:40,15:51,18:10",6.67,58.78
Maria Miller,"09:05,12:10,15:24","11:34,14:27,15:47",5.15,62.55
Maria Smith,"09:16,12:51,15:53,18:37","11:52,14:35,17:52,19:30",7.2,81.34
Michael Jones,"09:25,11:44,15:12","10:58,14:08,16:02",4.79,51.99
James Johnson,"09:04,11:23,14:00,16:51,20:09","10:10,12:42,15:56,19:03,21:11",7.58,69.65
Robert Williams,"09:10,11:24,14:41,16:49","10:23,13:37,15:50,18:41",6.46,82.55
Robert Johnson,"09:20,12:09,14:37,17:02,19:45","11:14,13:24,16:02,18:31,20:04",6.37,89.48
Michael Davis,"09:10,11:16,14:58,18:20","10:29,13:56,17:25,18:58",7.08,57.42
Olivia Garcia,"09:23,12:56,15:57,18:08","11:51,14:38,17:07,19:21",6.56,51.67
Maria Garcia,"09:15,12:57,16:07","11:53,15:12,18:09",6.93,97.1
Sophia Miller,"09:03,12:03,13:59,17:30","11:06,13:22,16:06,18:23",6.38,82.89
Alice Johnson,"09:02,12:04,14:35","11:10,13:43,16:13",5.42,94.87
James Brown,"09:05,12:16,15:46","11:13,14:32,17:15",5.9,90.31
Olivia Jones,"09:08,11:06,14:56","10:10,14:02,15:11",4.23,92.11
David Rodriguez,"09:08,11:57,15:13","10:39,13:57,16:12",4.5,76.29
Alice Rodriguez,"09:21,13:18,15:36,17:26","12:10,14:40,16:38,18:10",5.96,92.44
Michael Davis,"09:00,11:42,14:47","10:47,13:54,15:36",4.8,68.23
Sophia Davis,"09:08,11:45,14:25","10:29,13:15,16:47",5.22,55.57
Emma Brown,"09:28,12:13,14:40,17:39,20:19","11:12,13:20,16:21,18:55,20:39",6.14,64.74
Olivia Johnson,"09:20,11:26,15:25","10:46,14:23,15:51",4.82,68.52
John Miller,"09:20,12:30","11:18,14:56",4.4,94.53
Robert Brown,"09:27,12:54,15:12","12:15,14:03,16:39",5.42,56.01
Alice Martinez,"09:15,12:48,16:03","11:25,15:16,18:22",6.97,84.08
Maria Brown,"09:23,11:59,16:05,17:42","10:32,14:58,17:12,19:55",7.48,89.89
Alice Rodriguez,"09:01,12:41,15:13","11:57,14:05,15:22",4.49,83.84
James Jones,"09:01,12:36,16:42","11:35,15:17,17:55",6.47,51.04
Emma Williams,"09:07,11:55,14:55,17:30","11:01,13:39,16:25,18:15",5.89,72.02
Olivia Williams,"09:23,12:52,16:33","11:51,15:35,18:08",6.78,54.55
Maria Garcia,"09:13,11:35,15:35","10:49,14:33,16:25",5.41,92.09
Emma Williams,"09:01,11:18,14:33,17:13,19:10","10:01,13:36,15:59,18:23,19:16",6.01,63.98
Robert Davis,"09:12,11:40,15:20","10:41,14:14,16:45",5.48,88.11
Olivia Williams,"09:04,12:49,15:26","11:50,14:31,17:26",6.48,54.05
John Martinez,"09:02,11:12,13:14","10:39,12:22,14:46",4.32,67.18
Sophia Jones,"09:25,11:28,14:43,16:59","10:27,13:48,15:49,17:12",4.69,76.05
Maria Smith,"09:13,12:16,14:44","11:07,13:35,16:54",5.38,72.66
Olivia Miller,"09:09,10:58,14:09","10:23,13:21,15:26",4.9,75.15
Maria Johnson,"09:06,12:13,14:34","11:17,13:39,14:58",4.02,86.83
Olivia Williams,"09:10,12:16,14:59,17:03,19:09","11:32,13:46,16:25,18:32,19:43",7.36,99.73
Alice Martinez,"09:25,11:52,14:04,16:57,20:37","11:05,13:01,15:48,19:45,21:11",7.93,63.11
James Rodriguez,"09:18,11:17,13:43,17:41","10:26,12:48,16:16,17:50",5.36,68.29
John Miller,"09:03,11:31,13:53,17:29,20:29","10:45,13:10,16:18,19:29,20:40",7.96,78.27
Robert Johnson,"09:30,12:04,14:13","11:20,13:10,16:25",5.14,52.85
Olivia Davis,"09:24,12:03,15:17,18:49","11:21,13:52,17:35,19:22",6.62,82.45
Michael Martinez,"09:14,11:14,14:24","10:24,13:24,16:49",5.75,84.06
David Brown,"09:28,13:18","12:22,14:35",4.2,83.6
Maria Smith,"09:29,11:51,15:21","10:39,14:02,16:25",4.43,78.97
Emma Miller,"09:25,12:29,15:48","11:16,14:35,17:23",5.54,64.49
Alice Davis,"09:13,12:03,15:30","10:57,14:18,16:56",5.42,76.84
Emma Rodriguez,"09:27,11:35,14:56,18:02","11:02,13:54,16:53,18:13",6.04,97.82
James Garcia,"09:09,13:06,16:33","11:48,15:37,16:48",5.42,67.41
James Rodriguez,"09:07,11:16,15:29,17:52","10:09,14:01,16:39,18:53",5.98,67.08
Alice Rodriguez,"09:12,12:04,14:01,15:39,17:49,20:02","11:00,13:16,15:02,17:00,19:06,20:12",6.82,67.22
Emma Jones,"09:21,12:23,14:48,18:08","11:17,14:10,17:07,19:21",7.25,78.23
Michael Brown,"09:10,11:49,15:51","10:46,14:28,16:03",4.46,74.48
Robert Martinez,"09:19,12:27,15:14","11:18,13:46,17:07",5.18,50.79
James Brown,"09:13,12:17,15:38","11:38,14:51,16:20",5.69,92.13
Olivia Williams,"09:00,12:55,14:59","11:42,13:59,15:59",4.77,77.34
David Garcia,"09:15,11:45,14:46","11:09,13:51,15:20",4.58,71.58
James Jones,"09:18,11:34,13:51,16:04,19:54","10:33,12:41,15:10,18:34,21:29",7.78,57.66
Michael Rodriguez,"09:18,11:50,15:20","10:25,14:25,16:34",4.94,65.82
Maria Martinez,"09:03,11:51,14:25","10:31,13:14,16:26",4.87,54.85
Maria Davis,"09:13,11:39,13:56,17:04","11:02,12:55,16:29,18:40",7.25,80.51
Olivia Garcia,"09:00,11:07,15:17","10:12,13:55,16:08",4.86,92.58
David Smith,"09:22,13:20,17:22","12:19,16:11,18:04",6.51,71.66
James Miller,"09:04,12:14,15:07,18:26","10:51,14:02,17:31,19:46",7.32,64.21
James Garcia,"09:27,11:45,14:58","11:05,13:54,16:12",5.03,88.06
Maria Davis,"09:02,12:54,16:57","11:35,15:50,18:03",6.6,67.25
Maria Martinez,"09:23,11:52,14:29,18:01","10:52,13:31,16:54,18:15",5.79,76.05
James Smith,"09:12,12:46,16:36","11:46,15:36,17:39",6.47,77.96
Emma Williams,"09:02,11:59,14:35,17:24,20:06","10:38,13:43,16:29,18:51,20:16",6.86,96.89
David Brown,"09:22,13:28,15:37","12:09,14:57,17:27",6.11,80.79
James Martinez,"09:04,12:31,16:36","11:17,15:17,18:06",6.5,88.62
Olivia Martinez,"09:07,11:03,13:56,17:02","10:13,12:49,15:58,18:18",6.17,78.68
Sophia Davis,"09:11,11:56,15:12","11:05,14:16,15:20",4.38,56.47
Sophia Williams,"09:13,12:17,15:22","11:17,14:19,17:29",6.22,66.58
James Rodriguez,"09:29,11:34,15:22,19:21","10:40,14:29,18:07,20:28",7.97,50.98
Sophia Williams,"09:24,13:03,15:59,19:49","12:09,15:09,18:49,20:03",7.93,56.1
Sophia Miller,"09:28,12:13","11:00,15:03",4.38,51.57
Olivia Jones,"09:21,11:43,13:43,17:24","10:59,12:45,16:13,19:27",7.23,74.13
Maria Jones,"09:04,12:43,15:44","11:46,14:33,16:30",5.32,68.85
Alice Brown,"09:29,11:56,15:17,18:34","10:57,14:26,17:24,19:33",7.07,82.7
Alice Garcia,"09:04,12:35,16:16","11:45,15:14,18:23",7.46,81.3
Sophia Garcia,"09:04,12:03,15:03,17:50","11:29,14:03,16:34,18:18",6.41,78.09
John Davis,"09:09,12:00,15:12,17:36","10:58,14:11,16:38,18:45",6.59,79.13
Michael Martinez,"09:22,11:25,13:43","10:33,12:48,15:43",4.57,69.94
Sophia Brown,"09:16,12:27,15:20","11:33,14:38,17:38",6.78,54.46
Michael Davis,"09:23,12:08,14:44,16:45,19:39","11:03,13:44,16:13,18:41,20:36",7.64,86.79
Maria Miller,"09:09,13:07,15:25,18:25","11:48,14:45,17:27,19:17",7.2,97.45
John Johnson,"09:23,11:41,15:41,18:35","10:49,14:32,17:40,19:49",7.51,70.27
Emma Smith,"09:05,12:52,16:06,19:33","11:41,14:51,18:14,20:38",7.81,82.23
David Smith,"09:19,11:58,14:27,17:18","11:10,13:19,16:17,20:00",7.74,72.37
John Miller,"09:26,11:59,14:06,16:50","10:50,13:17,15:51,17:51",5.47,58.98
Emma Brown,"09:13,13:09,16:08","12:04,15:16,18:28",7.32,84.79
Alice Brown,"09:28,11:43,15:05","10:43,14:09,15:31",4.13,63.79
John Smith,"09:25,12:26,14:57,17:49","11:24,14:06,16:28,19:51",7.2,99.95
Sophia Garcia,"09:06,12:40,15:06","11:54,14:08,16:21",5.52,57.28
John Johnson,"09:27,12:10,15:55","11:08,15:10,16:09",4.92,75.93
Maria Smith,"09:11,12:05,14:16,17:21","10:41,13:05,16:15,19:19",6.46,86.51
Olivia Davis,"09:08,11:06,13:40,16:50,19:00","10:09,12:28,15:39,18:12,20:45",7.48,99.1
Emma Miller,"09:22,11:41,13:54,16:30,20:22","10:58,12:52,15:19,18:57,20:35",6.87,69.24
Michael Smith,"09:10,12:36,16:39","11:19,15:35,17:43",6.21,97.29
Maria Jones,"09:16,11:48,14:38,18:17","10:30,13:33,17:15,19:27",6.78,60.33
James Smith,"09:21,12:20,15:14,17:13","11:03,14:10,16:16,18:40",6.02,72.08
Olivia Johnson,"09:23,13:16","12:04,14:43",4.15,96.01
Robert Davis,"09:29,11:49,15:56","10:59,14:48,17:05",5.63,78.08
Olivia Jones,"09:01,12:02,14:57,17:30,19:10,21:08","10:36,14:04,16:04,18:34,20:33,21:56",8,87.34
Emma Miller,"09:06,11:56,14:46,16:59","10:46,13:42,15:49,17:53",5.39,51.6
Maria Miller,"09:27,12:29,14:33,17:33,19:48","11:42,13:37,16:12,19:08,21:00",7.83,90
Emma Jones,"09:20,12:31","11:50,14:20",4.33,79.67
Maria Jones,"09:05,11:00,13:11,16:49","10:12,12:10,15:47,19:02",7.11,53.9
James Johnson,"09:24,12:29,15:21","11:20,14:16,17:24",5.78,84.19
John Williams,"09:01,11:31,13:47,15:53,18:12","10:07,12:53,15:20,17:12,18:32",5.68,60.82
James Williams,"09:18,12:52","11:55,14:45",4.51,68.28
John Davis,"09:12,12:14,14:37,17:59","11:12,13:14,16:47,19:53",7.08,68.89
Alice Williams,"09:01,12:56","11:54,14:40",4.62,99.61
Maria Johnson,"09:30,12:38,15:31,18:52","11:29,14:40,17:28,20:34",7.68,51.75
Michael Rodriguez,"09:18,11:59,15:13","11:01,14:36,15:54",5.02,88.08
Alice Brown,"09:28,12:00,15:41","10:53,14:39,17:46",6.15,65.48
Michael Smith,"09:24,12:29,16:23,19:27","11:52,15:13,18:15,19:33",7.18,62.97
Sophia Johnson,"09:19,11:52,14:28","10:55,13:35,16:14",5.1,61.5
Alice Jones,"09:10,12:12","11:27,14:58",5.05,95.59
Sophia Smith,"09:23,12:25,14:34,18:24","11:13,13:42,17:19,20:29",7.95,91.71
Emma Jones,"09:16,11:44,13:57,16:13","10:34,13:17,15:37,18:00",6.31,64.79
Michael Jones,"09:08,12:58,15:54,19:04","12:07,14:58,18:21,19:33",7.93,67.15
Emma Johnson,"09:26,11:51,14:30,16:24,19:20","10:33,13:32,15:40,18:30,20:20",7.07,72.91
David Miller,"09:24,12:40","11:23,14:46",4.09,96.12
Maria Miller,"09:28,11:13,14:26","10:28,13:50,15:28",4.66,75.83
Alice Garcia,"09:17,12:28,14:27","11:40,13:48,16:29",5.77,99.27
Alice Smith,"09:12,12:55,15:34","11:41,14:34,17:41",6.27,51.63
Sophia Rodriguez,"09:17,13:14,16:01","11:59,14:31,18:03",6.03,87.69
Michael Smith,"09:27,12:26,15:43","11:18,14:47,16:06",4.58,93.8
Michael Jones,"09:02,12:31,15:24","11:20,14:48,15:32",4.73,98.82
Sophia Davis,"09:23,11:29,13:44,17:57","10:38,12:50,16:34,18:05",5.57,89.79
James Jones,"09:30,12:59,15:30,18:15,20:06","11:49,14:27,16:56,19:19,20:37",6.8,93.12
John Johnson,"09:27,11:29,14:03,16:28,18:26","10:27,12:53,15:15,17:40,18:36",4.98,86.4
Michael Brown,"09:02,11:05,13:34,16:17,18:50","10:27,12:47,15:17,17:39,19:27",6.82,91.69
Michael Brown,"09:26,11:25,14:40,18:30","10:32,13:40,17:21,19:19",6.85,52.74
Sophia Miller,"09:05,11:18,13:51","10:32,13:04,14:55",4.29,85.56
Maria Smith,"09:27,12:46,15:17,17:33","11:54,14:31,16:42,17:36",5.67,99.82
David Rodriguez,"09:17,12:17,15:50,18:01","11:18,14:55,17:04,19:40",7.54,96.23
David Smith,"09:02,12:22,14:28,17:47","11:22,13:33,16:34,18:00",5.83,82
James Smith,"09:07,11:36,15:23","10:41,14:29,16:47",5.86,96.37
David Jones,"09:21,11:25,13:39,17:14,19:29","10:28,12:56,16:30,18:54,19:43",7.38,76.03
Sophia Davis,"09:13,12:22,16:00","11:07,15:16,16:09",4.95,87.9
Olivia Smith,"09:01,10:38,12:33","10:03,11:41,15:07",4.65,53.37
Sophia Williams,"09:01,11:51,15:47,19:08","10:42,14:44,17:44,20:26",7.83,60
John Davis,"09:29,12:51,16:31,18:10,20:27","12:07,15:22,17:35,19:27,20:30",7.57,78.12
Emma Martinez,"09:24,12:51,17:11","12:04,15:46,17:43",6.12,79.76
Olivia Martinez,"09:06,11:31,14:29,18:01","10:55,13:28,16:51,18:05",6.21,57.8
Sophia Johnson,"09:28,11:43,14:35,16:27,18:12","10:38,13:31,15:37,17:32,19:33",6.43,92.01
Robert Jones,"09:15,11:53,15:04,17:41","10:41,14:09,16:41,19:17",6.93,60.52
James Jones,"09:13,12:56,16:19,19:00","11:40,15:10,18:08,19:08",6.64,67.03
Michael Garcia,"09:16,11:45,14:19","11:13,13:15,14:57",4.08,58.66
Michael Martinez,"09:07,12:58","12:01,15:06",5.04,72.06
Sophia Davis,"09:11,12:11,15:39","11:08,14:33,16:58",5.65,69.2
Emma Miller,"09:25,11:48,15:38","10:47,14:44,17:32",6.2,50.77
Michael Davis,"09:21,13:13","12:12,14:25",4.06,80.71
Maria Martinez,"09:04,12:23,14:51","11:34,13:39,17:31",6.45,87.12
Alice Garcia,"09:13,13:26","12:12,14:42",4.27,75.99
Sophia Martinez,"09:30,11:56,14:45,16:47,19:15","10:58,13:49,15:56,17:54,19:31",5.93,93.25
Emma Martinez,"09:00,12:14,16:04,18:42","11:25,14:39,18:08,18:47",7,64.12
Alice Brown,"09:29,12:01,15:53","11:13,14:49,16:47",5.45,76.65
James Jones,"09:22,11:49,15:30","10:49,14:38,18:10",6.95,51.4
John Garcia,"09:21,11:17,13:50,16:37","10:28,12:56,15:27,17:36",5.38,51.06
Alice Johnson,"09:07,12:31,14:50","11:44,13:47,14:58",4.03,77.84
Olivia Brown,"09:24,12:47","11:52,14:22",4.07,62.01
David Johnson,"09:16,12:15,14:37,18:03","11:06,13:20,16:52,20:12",7.33,61.22
Olivia Smith,"09:18,12:02,15:15","11:09,14:10,16:36",5.34,52.54
James Miller,"09:10,11:15,14:10,16:57","10:11,13:07,16:06,19:04",6.94,94.15
John Davis,"09:14,13:06,15:57,19:29","12:05,15:02,18:20,19:40",7.36,82.68
Sophia Jones,"09:29,13:21","12:15,14:53",4.31,60.66
David Smith,"09:02,11:15,13:27,17:01","10:40,12:36,15:46,18:54",7.19,74.38
Robert Smith,"09:00,11:48,14:38,17:36","11:05,13:20,16:25,18:33",6.35,84.12
Olivia Rodriguez,"09:19,12:41,14:55,18:00","11:15,13:44,16:42,19:20",6.11,59.07
Emma Davis,"09:29,11:22,13:55,16:18","10:29,12:43,15:13,17:25",4.77,56.99
Olivia Garcia,"09:20,11:33,13:36,16:09,19:16","10:38,12:46,14:57,18:30,19:25",6.38,69.06
Sophia Brown,"09:29,11:30,14:32,17:36,20:11","10:50,13:15,16:19,19:12,21:13",7.53,95.73
James Williams,"09:04,12:28,15:08,17:24","11:17,13:53,16:41,19:05",6.88,65.97
Michael Garcia,"09:00,12:37,15:10","11:46,14:30,17:08",6.62,99.58
Maria Smith,"09:23,12:49,15:19","11:43,14:05,17:03",5.34,93.3
Olivia Jones,"09:12,12:17,15:00,17:52","11:37,13:54,16:37,18:22",6.16,66.47
John Martinez,"09:23,12:49,16:44","11:30,15:36,16:55",5.08,79.21
David Martinez,"09:19,11:29,15:44","10:37,14:27,17:00",5.54,67.27
Robert Brown,"09:01,12:55,16:25","11:46,14:57,17:08",5.5,68.94
James Williams,"09:03,12:03","11:12,14:29",4.6,73.4
John Brown,"09:12,12:39,16:50,20:04","11:38,15:38,18:52,20:18",7.7,65.36
James Williams,"09:16,11:13,15:04,17:15","10:18,14:04,16:30,18:24",6.47,54.78
John Williams,"09:16,11:56,15:58","10:50,14:56,17:27",6.06,72.1
John Jones,"09:15,12:44","11:57,14:07",4.09,76.06
Maria Garcia,"09:09,11:32,14:52","10:40,14:00,16:33",5.67,54
James Miller,"09:11,12:09,15:50,19:07","10:43,14:36,18:03,19:39",6.75,78.39
Maria Williams,"09:14,11:10,14:30,16:50","10:19,13:51,15:49,17:10",5.43,58.82
John Jones,"09:23,11:59,15:21,18:30","10:50,14:28,17:44,19:51",7.68,63.45
Michael Davis,"09:05,12:57,16:09","12:02,15:27,16:15",5.55,85.34
Robert Brown,"09:12,12:55,16:37","11:43,15:34,18:00",6.56,86.45
Michael Williams,"09:25,12:42,16:23","11:59,15:18,18:07",6.91,99.4
David Rodriguez,"09:25,13:29,15:44","12:13,14:47,16:45",5.12,79.77
Robert Brown,"09:17,12:57","11:56,14:56",4.63,60.9
Robert Jones,"09:24,12:20,14:49","11:27,13:54,15:29",4.29,90.44
Olivia Smith,"09:03,13:11,16:31","12:02,15:29,17:29",6.25,91.57
Maria Jones,"09:13,13:02,16:40","11:44,15:34,17:12",5.6,57.4
Olivia Martinez,"09:11,12:34,16:08","11:21,15:17,17:17",6.04,88.65
James Smith,"09:29,11:49,14:49","10:46,13:40,15:52",4.19,58.52
Robert Rodriguez,"09:00,12:38,15:14","11:51,14:39,15:46",5.4,50.21
Sophia Davis,"09:05,12:39,14:33","11:20,13:51,16:49",5.73,83.42
Emma Garcia,"09:25,11:39,13:33","10:34,12:41,15:54",4.54,78.61
Olivia Garcia,"09:22,13:05,16:32","12:19,15:50,18:10",7.35,72.19
David Davis,"09:16,12:09,14:49,17:42","11:00,14:06,16:30,18:13",5.9,86.37
Emma Brown,"09:02,11:58","11:01,14:49",4.84,58.36
John Williams,"09:08,13:03,16:47","11:37,15:41,17:38",5.98,82.15
Sophia Williams,"09:01,11:06,13:01,15:48","10:01,12:13,14:44,18:23",6.42,65.87
David Miller,"09:07,12:41,15:16,17:13","11:42,14:22,16:19,18:58",7.08,50.52
Michael Davis,"09:13,13:00,15:00,18:36,20:37","11:42,14:01,17:29,20:04,21:09",8,58.55
Robert Rodriguez,"09:12,10:55,13:58,17:19,19:59","10:12,13:18,16:01,19:22,20:18",7.8,89.21
Emma Davis,"09:01,12:49,15:32","11:56,14:21,16:55",5.83,84.23
David Rodriguez,"09:24,13:30,16:58","12:10,16:20,18:07",6.76,85.08
David Martinez,"09:24,11:20,13:11,15:28,18:36","10:39,12:35,14:51,17:25,19:48",7.33,57.37
Sophia Jones,"09:16,12:58,16:38","11:44,15:47,17:46",6.42,73.7
James Garcia,"09:16,13:03,16:34","12:15,15:47,18:12",7.36,80.2
James Martinez,"09:01,11:09,14:11,16:46","10:11,13:32,15:27,17:35",5.63,90.64
Olivia Williams,"09:28,12:52,16:48","12:14,15:29,18:16",6.86,88.35
Michael Miller,"09:10,12:08,14:34,16:22","11:11,13:46,15:39,17:53",6.26,76.3
Emma Garcia,"09:29,12:38,15:47","11:58,14:48,17:07",5.99,77.42
Sophia Smith,"09:30,11:48,15:09,17:49,20:44","10:50,14:10,16:34,19:40,21:19",7.56,93.16
Sophia Brown,"09:16,12:21,15:58,18:41","11:20,14:40,17:16,19:10",6.18,67.6
James Williams,"09:01,11:56,14:27,16:31,19:02","10:50,13:46,15:30,17:52,19:25",6.44,63.86
Emma Williams,"09:22,12:17,15:53","11:18,14:32,16:27",4.76,51.42
Emma Martinez,"09:13,12:05,14:59,17:04","10:52,14:12,16:10,17:05",4.97,72.31
James Rodriguez,"09:28,12:04,15:25,17:18","10:52,14:34,16:29,17:46",5.44,54.26
David Miller,"09:14,12:13,15:07","11:22,14:09,17:21",6.3,69.25
Emma Garcia,"09:18,13:03,17:16,19:47","12:06,16:03,18:59,20:00",7.75,56.97
Olivia Jones,"09:28,12:12,14:56","10:56,13:53,16:08",4.35,70.24
John Jones,"09:09,12:41,16:16","11:36,15:24,16:20",5.24,55.38
John Davis,"09:29,11:45,14:19,17:09","10:53,12:49,16:24,19:10",6.58,56.06
Emma Rodriguez,"09:12,12:33,14:32,17:53","11:43,13:52,16:29,19:45",7.66,63.34
Alice Davis,"09:13,13:05,15:59,18:06","11:48,15:00,17:06,19:31",7.04,82.36
Michael Johnson,"09:22,12:47,16:28,19:18","11:27,15:25,18:13,20:14",7.4,83.14
Sophia Smith,"09:07,12:20,15:02","11:33,14:26,16:01",5.53,75.15
Alice Johnson,"09:22,13:21,16:49","12:17,15:33,18:21",6.66,69.43
Michael Johnson,"09:10,11:57,15:28,17:53","10:45,14:13,16:55,19:23",6.81,52.53
Sophia Miller,"09:22,13:16,15:30","11:58,14:20,15:52",4.03,51.06
Alice Miller,"09:11,12:25,16:28,19:31","11:42,15:05,18:16,20:22",7.85,71.01
Emma Johnson,"09:27,11:47,14:00,17:06","10:32,13:12,16:05,19:24",6.89,79.65
Maria Jones,"09:28,13:19","12:17,14:48",4.3,52.32
Olivia Jones,"09:12,12:28,14:56,18:19","11:50,13:47,16:58,19:19",6.99,59.03
James Miller,"09:05,12:54,15:55","11:45,15:11,16:48",5.85,70.01
James Jones,"09:12,12:02,14:56,17:55","11:27,13:59,16:43,18:34",6.65,59.06
Maria Smith,"09:06,12:59,15:33","11:40,14:41,16:59",5.71,66.38
David Davis,"09:18,13:07","12:13,14:32",4.34,68.16
David Johnson,"09:07,11:34,15:32","10:24,14:16,16:56",5.39,96.07
Alice Williams,"09:16,11:54,14:38,17:50,20:05","10:48,13:33,16:34,19:07,20:42",7.03,52.81
Olivia Davis,"09:08,12:30,15:49","11:27,15:05,15:59",5.08,99.98
James Garcia,"09:22,11:09,13:12,16:22,18:51","10:28,12:30,15:21,18:10,20:10",7.72,55.53
John Williams,"09:28,11:30,13:33,17:20","10:51,12:37,16:33,18:42",6.87,77.68
Sophia Garcia,"09:26,12:27,14:29,17:27","11:38,13:29,16:13,17:55",5.43,75.81
John Williams,"09:12,12:23,14:29,16:39,19:26","11:28,13:46,15:36,18:22,20:11",7.24,73.65
Alice Rodriguez,"09:00,11:43,14:21","10:51,13:17,15:34",4.64,52.17
Olivia Jones,"09:12,12:41,15:37","11:48,14:11,16:18",4.79,58.23
John Smith,"09:26,12:45","11:56,14:27",4.2,69.77
Emma Johnson,"09:01,13:05","11:52,15:15",5.03,60.65
Sophia Smith,"09:08,11:32,14:40","10:44,13:42,15:59",5.1,64.55
James Martinez,"09:22,11:52,15:28","10:41,14:45,16:59",5.72,98.88
Michael Rodriguez,"09:25,12:25,14:53,17:42","11:00,13:58,16:43,18:45",6.03,62.15
James Martinez,"09:30,12:12,14:47,19:15","11:15,14:07,17:46,19:32",6.94,63.8
Alice Garcia,"09:23,11:58,15:52,18:56","10:53,14:58,17:52,19:18",6.87,94.5
Sophia Davis,"09:11,11:49,15:08","11:03,14:14,17:09",6.3,92.07
Emma Davis,"09:30,12:26,15:57,17:53","11:35,15:00,17:02,19:38",7.48,97.56
Michael Rodriguez,"09:15,12:08,15:03,18:18","11:23,14:04,17:20,19:53",7.94,56.77
Michael Smith,"09:11,11:51,14:19,16:53","10:55,13:20,15:43,17:47",5.52,73.94
James Brown,"09:19,12:30,14:28","11:30,13:42,15:10",4.09,80.96
James Davis,"09:23,11:29,14:37,16:55,19:11","10:24,14:00,15:55,18:11,20:07",7.04,69.75
David Rodriguez,"09:24,12:38,15:10,17:09","11:43,14:03,16:26,17:54",5.76,53.19
Olivia Rodriguez,"09:10,11:49,14:06,17:05,19:27","10:56,12:53,16:05,18:21,20:23",7.03,61.62
Olivia Williams,"09:04,12:12,15:00","11:03,14:11,15:24",4.38,81.73
Sophia Smith,"09:03,12:56,16:22,18:50","11:44,15:15,17:51,19:42",7.36,80.82
Robert Garcia,"09:27,13:02","12:25,14:32",4.48,60.21
Emma Brown,"09:06,11:32,15:23","10:40,14:06,15:54",4.65,70.75
Maria Jones,"09:14,13:29,17:09","12:10,16:12,18:14",6.75,66.23
Emma Johnson,"09:09,11:43,14:11,16:32","10:54,13:24,15:44,17:09",5.6,88.75
John Davis,"09:28,12:55,15:49,18:26","11:51,14:47,17:41,19:50",7.53,96.99
Maria Johnson,"09:14,13:16,15:56","11:54,15:08,17:07",5.72,51.44
Emma Williams,"09:28,12:17,15:25,18:17","11:19,14:35,17:29,19:10",7.11,75.53
Alice Smith,"09:16,11:24,15:20,19:11","10:27,14:08,18:15,19:39",7.3,62.13
Olivia Martinez,"09:21,12:46,15:55","11:50,14:50,16:23",5.03,54.11
James Garcia,"09:03,11:47,14:46,17:59","10:55,13:52,17:09,18:03",6.41,64.9
Maria Davis,"09:26,12:25,15:35","11:05,14:41,17:04",5.41,74
John Jones,"09:11,11:40,14:37,18:39","10:56,13:13,17:36,19:16",6.92,91.11
Michael Garcia,"09:30,12:04,14:09,17:16","11:16,13:12,16:04,18:53",6.45,76.36
Sophia Williams,"09:09,13:17","12:01,14:51",4.45,63.4
Robert Williams,"09:27,12:44,15:37","11:47,14:39,18:30",7.15,93.99
Alice Smith,"09:02,11:30,15:04","10:13,13:59,16:35",5.18,95.62
David Martinez,"09:19,11:56,15:29","10:36,14:53,16:32",5.29,92.7
Sophia Martinez,"09:13,11:40,14:38,17:03,20:19","10:37,13:24,15:49,19:27,21:04",7.48,76.74
Olivia Davis,"09:00,11:03,14:33,18:08","10:12,13:35,17:31,18:25",6.99,63.15
Michael Williams,"09:13,12:50,15:49","11:45,14:56,15:51",4.67,71.03
Olivia Miller,"09:05,11:19,13:33,16:46,19:56","10:19,12:29,15:50,19:10,20:12",7.36,98.52
John Jones,"09:04,12:21,15:50,19:01","11:07,15:02,17:39,19:31",7.07,65.95
Michael Williams,"09:24,12:48,15:34","11:41,14:18,16:10",4.4,50.2
Alice Davis,"09:21,13:16,16:20","12:18,14:56,17:04",5.36,64.27
John Rodriguez,"09:29,12:33,14:58","11:30,14:05,15:45",4.34,76.08
Michael Garcia,"09:16,12:09,14:28","11:30,13:35,15:58",5.18,87.63
Emma Williams,"09:10,12:46,15:05,18:05","12:09,13:52,17:28,19:31",7.9,64.26
David Garcia,"09:05,12:51,15:02,17:42","11:54,14:08,16:43,18:22",6.45,85.57
Maria Rodriguez,"09:02,11:40,14:37","10:56,13:41,15:03",4.36,77.01
Alice Garcia,"09:08,11:44,15:17","10:42,14:10,15:22",4.09,54.86
Robert Miller,"09:23,12:00","11:00,14:31",4.14,95.56
James Martinez,"09:19,12:27,16:15","11:47,15:13,18:48",7.79,54.58
Sophia Johnson,"09:17,11:32,14:49,18:36","10:36,13:43,17:36,19:17",6.97,68.94
Alice Williams,"09:28,12:27,15:41","11:25,14:40,16:16",4.75,51.24
Robert Johnson,"09:06,13:08","11:58,14:24",4.14,96.04
Olivia Brown,"09:06,11:30,14:47","10:33,13:59,15:07",4.28,96.81
Alice Garcia,"09:20,13:09,15:32","12:15,14:26,16:20",5,50.93
John Davis,"09:20,11:09,13:23","10:38,12:25,14:50",4.03,75.84
Robert Garcia,"09:19,13:02,16:57","12:00,15:33,17:31",5.77,92.76
James Smith,"09:15,12:08,14:46,16:36","10:59,14:08,15:48,17:56",6.11,70.02
Robert Smith,"09:12,11:44,15:03,18:25","10:47,14:13,17:04,18:45",6.42,94.09
John Johnson,"09:07,12:39","11:15,15:01",4.51,51.78
David Rodriguez,"09:23,12:20,14:47","11:24,13:54,16:06",4.91,68.07
Robert Brown,"09:18,11:17,15:07","10:20,14:10,17:05",5.89,51.67
John Jones,"09:30,13:16,15:43","12:00,14:54,17:17",5.71,51.86
Michael Davis,"09:26,12:33,15:16","11:36,14:07,15:55",4.4,87.32
Sophia Smith,"09:16,12:45,15:24","11:48,14:30,16:16",5.16,99.63
Alice Miller,"09:13,11:08,13:17,15:58,18:16","10:30,12:26,15:12,17:14,19:34",7.07,55.83
John Garcia,"09:05,12:15,15:12","10:48,14:24,15:49",4.49,85.09
David Martinez,"09:25,12:39,15:58,19:13","11:32,15:07,18:35,19:22",7.35,53.99
David Brown,"09:30,12:00,15:05","10:58,14:13,15:28",4.07,96.95
Maria Brown,"09:09,12:31,15:21,19:16","11:45,14:18,18:01,19:36",7.39,58.74
Alice Smith,"09:19,12:05,15:18","10:49,14:08,17:05",5.35,78.17
Michael Smith,"09:09,12:36,16:14,18:54","11:23,15:10,17:33,19:11",6.41,86.65
Alice Brown,"09:22,12:11,14:23,17:30","10:45,13:11,16:49,19:00",6.32,50.77
John Miller,"09:25,12:38,16:15,19:20","11:33,15:21,18:15,19:44",7.26,58.35
David Rodriguez,"09:24,11:41,13:58,16:45,18:54,21:08","10:51,13:04,15:32,18:01,19:57,22:06",7.69,91.45
James Martinez,"09:12,12:01","11:14,14:28",4.49,74.15
Alice Smith,"09:26,12:00","11:03,14:24",4.03,77.76
Sophia Jones,"09:06,12:18,15:08","11:33,13:47,16:49",5.63,53.6
David Johnson,"09:05,12:23,14:51","11:45,13:56,16:37",5.99,58.61
Emma Smith,"09:05,11:17,15:01,18:09","10:29,14:00,17:16,18:58",7.2,54.18
Robert Rodriguez,"09:05,13:02,15:14,17:20,19:58","11:57,14:15,16:26,19:09,20:01",7.16,72.4
Olivia Williams,"09:25,12:12,14:22,18:11,20:20","10:59,13:26,16:52,19:41,21:12",7.67,97.68
Alice Miller,"09:12,11:28,14:52","10:20,13:57,15:16",4.02,61.78
Alice Johnson,"09:01,11:35,14:24","10:44,13:13,15:05",4.04,93.97
David Martinez,"09:15,11:59,14:36","11:14,13:55,14:52",4.2,88.69
David Johnson,"09:14,11:44,15:28,18:13","11:04,14:19,17:14,18:18",6.27,89.2
Olivia Garcia,"09:03,12:09,15:14","11:04,14:01,16:36",5.26,68.8
Robert Smith,"09:04,12:35,15:28,18:05","11:25,14:43,17:15,18:06",6.29,83.02
James Johnson,"09:09,12:11,15:07,18:03","11:10,14:10,17:07,19:40",7.62,68.37
David Miller,"09:00,12:04,15:54,19:14","10:44,14:53,18:05,19:44",7.25,70.23
John Jones,"09:15,12:35,16:23","11:09,15:04,16:46",4.78,94.77
Robert Jones,"09:30,12:08,14:42,17:03,19:00","11:32,14:02,15:58,18:13,19:06",6.48,88.43
Emma Garcia,"09:04,11:29,14:36,17:12,20:08","10:12,14:04,16:19,18:59,20:30",7.59,61.11
David Williams,"09:20,13:24,16:34","12:19,15:26,17:46",6.22,53.09
John Brown,"09:13,12:18,15:09,17:35,20:19","11:09,13:52,16:28,19:12,21:19",7.43,82.77
James Garcia,"09:10,12:51,15:14,16:59","11:51,14:14,16:19,17:57",6.13,96.64
Sophia Rodriguez,"09:20,12:19,14:44,17:07","11:15,13:51,16:09,18:33",6.31,97.83
Michael Garcia,"09:28,11:48,14:38,17:45","10:41,13:27,16:37,18:51",5.95,70.73
David Rodriguez,"09:24,13:00,15:56","11:52,15:11,17:57",6.68,95.62
Emma Johnson,"09:07,12:24,14:54,17:56","11:27,13:51,16:58,18:43",6.63,95.7
David Smith,"09:18,11:41,14:05,17:30","10:37,13:16,16:40,19:14",7.23,68
James Jones,"09:10,11:27,15:03","10:36,14:05,15:18",4.33,75.7
John Rodriguez,"09:24,12:32,15:03","11:46,13:52,16:21",5.01,64.79
David Rodriguez,"09:09,12:00,15:50","11:10,14:36,17:15",6.05,80.57
Alice Jones,"09:18,12:22,14:29","11:37,13:30,15:26",4.4,65.67
Alice Garcia,"09:30,12:35,14:52,17:06,19:40,22:07","11:31,13:40,16:22,18:20,21:10,22:39",7.87,56.03
Sophia Garcia,"09:00,11:50","11:03,13:49",4.03,50.01
Emma Smith,"09:19,12:24,16:38","11:24,15:14,16:55",5.2,54.88
Michael Martinez,"09:07,11:25,15:12,18:06","10:10,14:06,17:15,19:29",7.17,57.39
Sophia Martinez,"09:01,12:08,14:26","11:22,13:17,16:17",5.36,76.43
Olivia Jones,"09:06,11:33,13:46,17:18","10:49,12:49,16:15,19:04",7.24,79.58
Emma Smith,"09:18,11:23,15:21,19:05","10:33,13:59,17:59,19:51",7.26,96.24
John Rodriguez,"09:07,12:07,16:07","11:00,15:02,18:59",7.68,82.46
Olivia Garcia,"09:15,11:29,14:56,18:01","10:34,14:15,17:07,19:12",7.46,93.31
Emma Rodriguez,"09:03,11:33,14:43,16:52,20:14","10:47,13:56,15:43,19:00,20:36",7.62,54.6
David Williams,"09:10,11:53,14:52,16:49,18:46,20:41","10:46,13:51,16:05,18:07,19:49,21:04",7.52,79.04
John Williams,"09:05,11:52,14:19,16:38","11:12,13:31,15:33,16:47",5.16,87.65
Olivia Miller,"09:17,12:25,16:05","11:45,15:07,17:29",6.58,55.92
David Brown,"09:24,12:20,15:15,17:22","11:23,14:18,16:20,17:46",5.44,92.49
Sophia Miller,"09:19,11:48,14:27","11:12,13:13,16:56",5.8,65.08
Emma Johnson,"09:22,12:05,14:15","11:17,13:09,16:05",4.82,98.1
Olivia Rodriguez,"09:09,12:55,16:06","11:55,15:09,16:28",5.38,58.89
Emma Smith,"09:12,12:23,15:04","11:12,14:02,16:12",4.8,96.59
Alice Garcia,"09:09,11:53,14:00","11:13,13:15,15:12",4.64,74.19
Robert Jones,"09:01,11:36,14:49,18:25","10:50,13:49,17:06,19:26",7.34,50.87
Robert Garcia,"09:07,11:17,14:47","10:08,13:45,16:46",5.47,87.34
Robert Smith,"09:18,12:06,14:10,17:47","11:18,13:09,16:55,18:39",6.67,97.18
John Smith,"09:11,12:57,16:32","12:00,15:32,17:50",6.71,87.88
Robert Johnson,"09:00,11:45,14:54,18:18","11:05,13:58,17:14,19:36",7.94,81.7
Olivia Garcia,"09:29,13:26,15:29,17:18,19:47","12:28,14:30,16:38,18:30,20:44",7.36,60.86
John Smith,"09:14,11:47,15:42,17:53","10:57,14:27,16:55,19:09",6.88,50.89
Sophia Johnson,"09:01,12:09,15:41","11:33,14:59,16:37",6.31,69.93
Michael Smith,"09:12,13:03,16:18,18:38","11:56,15:27,17:57,18:45",6.91,89.7
James Johnson,"09:04,11:27,14:11,18:04,21:06","10:24,13:10,17:02,19:53,21:14",7.86,60.41
Olivia Johnson,"09:27,12:50,15:22","12:09,14:03,16:01",4.58,67.65
Robert Jones,"09:01,11:56,14:28","10:55,13:15,15:53",4.63,95.82
John Davis,"09:03,13:12,16:29,20:07","11:49,15:18,18:48,20:53",7.96,90.84
Alice Brown,"09:26,13:17,16:46","11:58,15:56,17:33",5.97,81.77
Sophia Brown,"09:04,12:12,15:32","11:13,14:11,17:09",5.76,81.24
John Miller,"09:10,12:47","12:00,14:26",4.49,65.3
Olivia Davis,"09:06,12:30,15:45,19:28","11:28,14:32,18:08,19:49",7.14,60.21
Olivia Garcia,"09:07,11:38,14:07,16:34,18:35","10:22,13:08,15:31,17:48,18:39",5.46,81.5
David Smith,"09:29,12:17,16:15,18:48","11:16,15:05,17:36,20:29",7.62,73.24
David Brown,"09:25,12:25,16:10","11:20,15:14,17:57",6.53,73.66
Michael Jones,"09:15,12:44,14:54,16:49,18:51","11:17,13:57,16:04,18:14,20:10",7.15,60.99
Olivia Miller,"09:04,11:31,14:45,17:54","10:30,13:39,17:16,18:22",6.55,77.06
Olivia Miller,"09:02,12:34","11:15,14:37",4.28,64.23
Michael Davis,"09:18,13:10,15:53,17:50","12:10,14:33,17:12,19:25",7.16,97.83
David Martinez,"09:18,11:06,14:24,17:17","10:21,12:59,16:34,18:07",5.95,91.89
Emma Jones,"09:18,12:23,15:15,17:11,19:43","11:20,14:10,16:18,18:32,20:21",6.86,89.57
Alice Garcia,"09:01,11:25","10:45,13:55",4.25,57.95
Michael Williams,"09:07,12:55,16:16,19:24","11:45,15:14,18:21,19:37",7.25,68.36
Robert Davis,"09:09,11:37,15:27","10:36,14:22,15:34",4.32,69.39
Sophia Williams,"09:25,12:28,15:26","11:12,14:40,15:43",4.27,62.51
John Johnson,"09:06,12:06,16:06","11:13,14:58,16:53",5.77,52.49
Alice Rodriguez,"09:12,13:23,16:22","12:04,14:59,18:05",6.19,80.06
Michael Smith,"09:07,12:25,16:01","11:50,14:37,16:02",4.95,55.29
John Smith,"09:25,12:16,15:59","11:16,14:51,16:02",4.49,75.46
Michael Garcia,"09:19,12:13,15:43,19:06","11:22,14:52,18:03,19:51",7.79,71.59
John Johnson,"09:22,13:04,15:06","12:14,14:09,16:02",4.89,93.68
Robert Smith,"09:10,12:21,16:10","11:23,15:10,16:36",5.47,59.37
John Miller,"09:25,12:19,14:30","11:20,13:30,17:00",5.6,75.24
Robert Garcia,"09:03,12:43,15:45","11:53,14:44,16:40",5.77,65.57
Robert Martinez,"09:22,12:38,16:01","11:41,15:16,16:42",5.64,98.88
Sophia Garcia,"09:28,13:04","11:52,15:31",4.85,85.37
Emma Miller,"09:26,12:13,16:09","11:15,15:10,16:46",5.4,77.07
James Smith,"09:06,12:18,15:37,18:26","11:25,14:30,17:24,18:31",6.39,98.13
Robert Johnson,"09:25,11:21,15:15,17:43","10:26,13:52,16:37,19:27",6.64,67.55
Olivia Martinez,"09:23,12:05,15:17","11:04,14:21,17:01",5.69,75.01
Robert Martinez,"09:07,12:16,14:57","11:16,14:16,16:39",5.85,71.07
Olivia Jones,"09:24,11:27,13:26,15:47","10:34,12:46,15:05,17:27",5.81,71.06
John Jones,"09:14,12:30,15:21,18:25","11:50,14:07,17:33,19:36",7.61,71.62
Michael Martinez,"09:11,11:44,14:07,17:09","10:50,13:22,16:14,17:22",5.62,82.89
John Garcia,"09:06,10:59,14:49","10:07,13:31,17:07",5.87,92.8
Alice Williams,"09:00,12:01,15:28,17:44","11:01,14:17,16:50,18:55",6.84,73.82
Robert Miller,"09:10,12:51,15:40,18:19","11:48,14:44,17:15,18:28",6.26,99.85
Emma Johnson,"09:15,11:48,15:18","10:36,14:31,18:06",6.88,81.99
Robert Davis,"09:14,11:44,15:42,18:37","10:49,14:40,17:47,19:06",7.09,75.53
Michael Davis,"09:07,12:29,15:19,17:23","11:06,14:05,16:21,19:55",7.16,73.53
Emma Davis,"09:05,11:54,14:45,18:01,19:52","10:41,13:53,17:07,19:05,20:43",7.87,53.1
Alice Johnson,"09:01,12:43,14:55,16:50","11:41,13:50,15:57,17:03",5.04,74.05
Alice Garcia,"09:15,11:39,14:54","10:36,13:47,16:07",4.7,60.29
Olivia Davis,"09:16,12:28,15:35,19:08","11:26,14:32,18:03,20:21",7.93,93.6
David Smith,"09:20,12:00","11:08,14:26",4.25,55.34
Emma Miller,"09:05,12:01,15:00","11:18,13:55,15:52",4.99,76.93
James Martinez,"09:20,11:55,14:41,18:01","11:13,13:27,16:39,20:20",7.72,79.61
Sophia Smith,"09:28,12:18,16:26","11:37,15:11,16:27",5.06,86.19
David Jones,"09:15,12:03,14:08,16:59","10:52,13:11,15:36,17:29",4.72,77.79
David Brown,"09:28,13:09,16:20","12:18,15:32,17:09",6.05,55.14
David Williams,"09:27,12:36,16:12,19:05","11:31,15:25,17:56,19:41",7.22,82.14
Robert Brown,"09:23,12:31,15:01,17:58","11:30,14:13,16:53,18:49",6.54,81.82
Sophia Martinez,"09:03,11:02,14:26,16:39,19:41","10:15,13:11,15:44,18:24,21:05",7.81,68.21
John Rodriguez,"09:28,13:16,16:14","12:10,15:12,16:48",5.21,52.94
Sophia Williams,"09:15,13:02","11:55,15:04",4.71,85.73
Olivia Johnson,"09:04,13:09,15:44","11:51,14:36,16:22",4.87,63.36
Michael Miller,"09:16,12:02,14:36,17:09","11:06,13:55,16:13,18:32",6.73,51.87
Alice Jones,"09:18,11:54,15:43","10:46,14:49,17:22",6.04,59.26
Alice Garcia,"09:08,12:33,15:44,18:16","11:15,14:54,17:12,19:14",6.91,84.47
John Rodriguez,"09:29,11:53,15:37","11:06,14:37,17:32",6.27,92.33
Maria Smith,"09:08,12:54,15:32","11:42,14:15,17:02",5.42,56.19
James Martinez,"09:29,13:03,14:48","11:52,14:04,16:36",5.2,58.24
Emma Jones,"09:16,11:53,14:03,17:06,19:21","10:44,13:04,16:17,18:20,19:41",6.46,76.81
Robert Martinez,"09:29,12:33","11:13,15:07",4.31,91.6
David Rodriguez,"09:23,11:45,14:16,18:25","11:01,13:09,17:07,18:40",6.14,52.52
David Williams,"09:12,11:56,14:31,17:43","11:00,13:17,17:03,18:28",6.45,54.58
Robert Miller,"09:18,11:32,15:27,17:42","10:46,14:29,16:34,20:03",7.89,82.49
Maria Jones,"09:03,11:49,15:22,18:00","11:04,14:20,16:52,19:33",7.59,55.83
Robert Martinez,"09:25,11:55,14:01,16:27","10:56,13:18,15:47,18:47",7.01,90.92
Robert Rodriguez,"09:12,12:04,14:54","11:04,13:40,15:33",4.13,57.87
Maria Martinez,"09:06,12:49,14:41,16:43,20:00","11:35,13:58,15:47,19:06,20:37",7.75,99.16
Michael Rodriguez,"09:16,12:56,15:33","11:52,14:29,16:50",5.45,62.22
Olivia Martinez,"09:27,12:02,14:13,17:39","11:29,13:08,16:21,17:48",5.43,97.47
Maria Garcia,"09:05,13:02,16:04,19:03","11:35,15:18,18:24,19:33",7.61,71.29
Olivia Garcia,"09:04,12:34,15:24,17:58","11:29,14:24,17:03,18:42",6.64,70.61
John Brown,"09:07,11:40,14:05,17:02","10:23,13:01,16:13,17:46",5.5,61.63
Michael Smith,"09:10,11:57,14:30","10:52,13:21,15:59",4.58,93.67
James Garcia,"09:19,12:19,14:28","11:32,13:29,15:49",4.74,56.08
Sophia Williams,"09:08,12:44,15:25","11:41,14:18,16:23",5.09,52.79
John Johnson,"09:04,11:11,14:39,17:52","10:16,13:19,16:41,20:06",7.61,72.84
Alice Davis,"09:05,11:55","11:09,14:17",4.44,74.49
John Johnson,"09:28,12:26,15:18,17:28","11:44,14:36,16:26,19:26",7.54,90.65
Sophia Rodriguez,"09:23,11:16,15:23","10:41,14:06,16:03",4.82,92.5
Olivia Garcia,"09:08,11:57,15:18,18:08,21:45","10:45,13:53,17:01,20:18,21:46",7.46,66.75
Maria Miller,"09:08,13:13,16:45,19:45","12:03,15:39,18:26,20:22",7.65,60.11
Alice Williams,"09:11,13:20","12:00,15:18",4.79,60.93
Alice Williams,"09:20,11:51,15:08","10:56,14:08,15:43",4.48,51.05
Sophia Garcia,"09:21,12:40","12:00,14:02",4.02,63.53
Emma Smith,"09:16,11:13,15:08","10:26,14:08,16:44",5.7,61.8
James Jones,"09:23,13:06,15:29,17:44,20:33","12:20,14:38,16:35,19:56,20:42",7.94,58.04
Alice Johnson,"09:12,12:47,15:27","12:09,14:18,15:57",4.98,84.09
Emma Garcia,"09:25,11:53,14:40","10:41,13:36,15:55",4.24,62.72
Emma Rodriguez,"09:18,11:19,15:01","10:34,13:50,16:06",4.88,57.48
John Martinez,"09:11,11:27,14:35,17:14","10:15,13:32,16:15,18:42",6.29,96.71
Sophia Davis,"09:13,12:00,15:06","10:50,14:03,15:28",4.05,64.66
Alice Rodriguez,"09:17,13:08","12:06,14:50",4.52,92.83
James Rodriguez,"09:01,11:36,14:51","10:50,13:59,16:34",5.93,60.42
John Miller,"09:02,12:34,16:09","11:24,15:02,17:12",5.89,82.29
Emma Rodriguez,"09:28,11:46,14:27,18:05","10:49,13:23,17:00,19:52",7.31,60.52
Alice Smith,"09:23,12:27","11:36,14:18",4.08,87.12
Alice Miller,"09:26,12:56,15:52","11:48,15:07,16:34",5.25,69.94
Maria Martinez,"09:02,12:15","11:03,14:32",4.31,78
Olivia Davis,"09:19,12:14,15:43,19:09","11:26,14:47,18:25,19:18",7.52,67.95
Olivia Jones,"09:29,13:22,16:35","12:11,15:29,17:51",6.09,55.33
Sophia Davis,"09:24,13:40,17:29","12:14,16:29,17:46",5.95,51.76
David Williams,"09:04,11:09,14:53,17:56","10:06,13:47,16:58,18:30",6.32,89.35
David Williams,"09:15,11:26,13:29,16:12","10:19,12:33,15:15,18:59",6.74,93.16
Alice Jones,"09:24,11:44,15:12,19:05","10:46,13:52,18:09,20:05",7.46,85.95
Maria Davis,"09:19,11:34,14:53","10:40,13:45,17:00",5.66,54.87
Olivia Smith,"09:21,11:14,14:31","10:30,13:44,16:11",5.32,93.74
David Miller,"09:04,12:40,15:47,18:28","11:21,14:42,17:22,19:28",6.91,88.39
David Davis,"09:30,13:10,16:27,18:47","12:08,15:27,18:00,19:22",7.06,90.44
Sophia Garcia,"09:17,11:52,15:18","10:57,14:07,16:22",5,74.43
Robert Miller,"09:01,12:59,14:52","11:52,14:13,15:59",5.21,74.03
Maria Johnson,"09:16,12:49,16:48","11:32,15:37,18:02",6.3,66.64
Maria Jones,"09:00,12:24,16:03,18:46","11:42,14:49,17:22,19:49",7.49,74.81
Michael Miller,"09:20,13:07,15:39,18:17","12:05,14:38,17:06,19:50",7.27,77.61
Maria Johnson,"09:05,11:54,15:08","11:12,13:56,16:02",5.05,78.92
Michael Smith,"09:12,11:51,15:23,17:57","11:08,14:15,17:17,19:07",7.41,58.62
Maria Williams,"09:29,12:08,14:25","11:07,13:42,15:14",4.02,88.77
Maria Miller,"09:04,12:15,15:42","10:57,15:02,17:22",6.35,85.49
John Brown,"09:15,13:10,15:02,17:28,20:10","12:09,14:21,16:20,19:06,20:11",7.04,60.29
Sophia Smith,"09:09,12:58","12:01,14:37",4.52,96.28
Olivia Brown,"09:08,11:20","10:24,14:14",4.18,68.14
David Smith,"09:14,12:32,16:01,18:31","11:49,15:02,17:22,18:52",6.79,54.16
Maria Martinez,"09:06,12:41,14:56,17:02","11:38,14:16,16:18,17:10",5.62,58.38
Sophia Garcia,"09:20,12:58,15:17","11:42,14:11,17:07",5.43,67.05
Robert Miller,"09:28,13:16,15:47,19:09","12:16,14:31,18:14,20:14",7.59,66.05
Sophia Davis,"09:01,11:00,14:09,17:10,19:03","10:16,12:55,16:03,18:18,20:33",7.71,79.45
Maria Brown,"09:24,12:22,16:19","11:26,15:04,16:45",5.17,74.99
John Williams,"09:03,12:28,14:55","11:45,13:53,16:28",5.67,93.11
Emma Rodriguez,"09:13,13:19","12:08,14:27",4.07,81.76
Sophia Brown,"09:17,11:50,15:01","10:49,13:58,15:49",4.47,63.85
Robert Williams,"09:10,13:22,15:58,18:19","12:01,15:05,17:11,18:35",6.06,83.05
Emma Williams,"09:28,11:57","10:50,14:53",4.31,80.48
Michael Smith,"09:01,11:56,15:06","11:05,14:04,16:30",5.61,57.24
Alice Williams,"09:12,11:48,16:04","10:30,14:44,17:30",5.68,57.69
Alice Smith,"09:29,12:01,14:32,18:20","10:45,13:49,17:14,19:58",7.41,54.1
John Rodriguez,"09:11,12:25,16:01","11:36,15:08,16:04",5.19,78.54
Alice Jones,"09:15,12:56,15:38,18:29","12:04,14:42,17:27,19:28",7.39,50.61
James Jones,"09:12,13:05,15:55","12:02,15:08,15:57",4.92,64.25
David Garcia,"09:02,11:24,13:45","10:13,12:58,15:06",4.12,97.99
Maria Garcia,"09:20,11:40,15:46,18:41","10:30,14:25,17:37,19:10",6.26,96.03
Alice Garcia,"09:27,12:05,14:25,17:32","11:19,13:16,16:28,18:22",5.95,70.9
Sophia Martinez,"09:01,12:12,14:39,17:56","11:13,13:49,17:00,19:00",7.24,95.35
John Jones,"09:14,11:57,14:45","11:00,13:43,16:33",5.34,78.95
John Davis,"09:09,12:12,16:05,19:08","11:12,15:02,18:17,19:50",7.79,96.64
Robert Brown,"09:15,12:28,15:12","11:30,14:02,16:18",4.92,79.79
Olivia Jones,"09:01,12:24,14:39,17:52","11:33,13:47,17:01,18:17",6.72,79.28
James Davis,"09:07,12:57,15:02,17:57,19:58","11:45,14:04,16:52,19:19,20:51",7.83,91.12
James Williams,"09:07,11:52,14:28,17:29,21:14","10:53,13:17,16:15,20:16,21:16",7.79,54.63
Robert Smith,"09:05,12:14,14:37,18:33","11:14,13:38,17:22,18:44",6.5,76.57
Sophia Williams,"09:09,11:44,14:09","11:08,13:21,15:35",5.04,78.8
Robert Brown,"09:17,12:23,15:16,18:44,20:53","11:09,14:15,18:05,19:57,21:06",7.99,77.58
John Miller,"09:24,12:11,14:11,16:08,19:20","11:19,13:18,15:26,18:09,20:19",7.3,66.77
Maria Garcia,"09:02,11:45,15:08","10:56,14:01,16:52",5.9,86.37
Emma Miller,"09:27,11:16,13:19","10:41,12:27,14:56",4.04,79.25
Emma Brown,"09:26,13:17,15:19,17:33,20:08","12:23,14:29,16:24,19:10,20:23",7.11,58.28
James Martinez,"09:16,12:20,14:27","11:39,13:39,15:54",5.16,60.6
David Miller,"09:29,12:00","11:08,14:41",4.34,92.06
Maria Smith,"09:21,12:20,14:41,16:41","11:34,14:00,15:46,18:14",6.52,66.65
Alice Williams,"09:27,12:13,14:54,17:25","11:14,13:48,16:13,17:48",5.08,94.19
Olivia Rodriguez,"09:20,12:10,15:37,18:29","11:05,14:59,17:34,19:05",7.13,74.43
James Johnson,"09:27,12:40,14:47,18:15","11:16,13:46,17:25,18:18",5.61,95.14
Robert Jones,"09:27,11:39,13:59,18:10","11:06,12:51,16:50,19:00",6.54,71.4
Robert Williams,"09:10,11:07,15:15,18:38","10:22,14:01,17:51,19:39",7.73,59.42
Michael Rodriguez,"09:20,12:40","12:00,15:02",5.05,66.37
Alice Martinez,"09:18,13:02,15:06","11:54,14:29,16:03",5.01,88.11
Alice Miller,"09:01,11:46,14:20,16:15","10:42,13:34,15:42,17:01",5.62,80.06
John Brown,"09:07,11:07,13:38,15:51","10:11,12:38,15:03,16:51",5.02,81.76
David Garcia,"09:08,12:46,16:18","11:55,15:23,17:22",6.47,56.07
Olivia Rodriguez,"09:25,13:06,15:18,18:00,21:12","12:07,14:42,16:35,20:07,21:14",7.73,85.93
Sophia Johnson,"09:16,12:23,15:27,19:01","11:07,14:10,18:07,20:04",7.36,57.12
John Williams,"09:19,12:19,14:47,17:27","11:24,13:47,16:25,18:08",5.88,65.2
Robert Garcia,"09:03,12:48,14:56","11:53,14:04,17:13",6.4,56.6
James Johnson,"09:11,11:30,15:33","10:32,14:16,16:01",4.59,87.29
Alice Jones,"09:27,11:42,14:52,16:51,18:53","10:55,13:56,16:15,17:57,19:13",6.53,86.26
Emma Jones,"09:03,12:51,16:43","11:46,15:35,16:55",5.65,69.93
Olivia Johnson,"09:23,11:28,14:22","10:30,13:18,16:04",4.66,99.3
James Brown,"09:11,11:46,15:43","10:29,14:35,18:03",6.46,50.32
Emma Smith,"09:22,12:45,16:08","11:49,15:04,16:56",5.58,90.75
John Williams,"09:30,12:00,14:40,18:20","10:53,13:37,17:15,18:49",6.08,58.35
Olivia Miller,"09:20,12:03,14:25,16:46","11:01,13:26,15:29,17:23",4.75,71.66
David Davis,"09:26,13:30,16:25,19:01","12:17,15:09,17:35,20:39",7.31,66.98
John Davis,"09:11,12:44","11:48,14:49",4.71,91.66
Alice Williams,"09:04,11:43,13:46,17:32","11:05,12:56,16:14,18:13",6.38,52.86
Emma Rodriguez,"09:25,13:04","12:03,15:43",5.29,53.73
Michael Williams,"09:21,12:20,16:23","11:20,15:12,16:51",5.32,71.72
Olivia Smith,"09:16,12:10,14:27,18:22","11:17,13:53,17:22,18:56",7.22,81.01
Michael Johnson,"09:26,11:56,14:15","11:19,13:03,15:44",4.5,78.17
Alice Rodriguez,"09:01,12:04,15:14","11:17,14:13,16:37",5.8,76.83
John Rodriguez,"09:11,12:10,14:15","11:03,13:27,16:07",5.02,89.12
James Davis,"09:12,12:27","11:17,14:27",4.09,82.79
James Martinez,"09:11,13:07,16:18","12:05,15:05,16:50",5.4,53.96
Sophia Brown,"09:13,11:44,13:59","10:46,13:24,16:03",5.3,72.95
Alice Williams,"09:10,12:55,15:29","11:47,14:30,16:13",4.93,81.22
Michael Davis,"09:16,13:06,15:33,17:50","12:09,14:45,17:03,18:30",6.7,79.78
David Garcia,"09:27,12:05,15:19","10:40,14:09,16:43",4.69,57.3
Robert Martinez,"09:27,11:47,15:13,17:49","10:40,14:01,16:57,18:45",6.13,73.07
David Martinez,"09:16,11:25,13:55,16:12","10:25,13:23,15:25,17:05",5.5,73.25
John Davis,"09:19,11:55,14:25","11:01,13:10,16:10",4.71,59.09
Emma Johnson,"09:23,12:54","12:02,14:18",4.05,56.04
Michael Williams,"09:20,11:33,14:27,16:54","10:56,13:17,15:57,16:54",4.85,66.64
James Rodriguez,"09:22,12:18,15:01","11:45,14:07,15:15",4.44,54.44
Michael Martinez,"09:13,11:33","11:01,13:50",4.1,58.14
David Williams,"09:11,11:51,14:36,17:13","10:37,13:38,15:51,17:40",4.92,55.97
Emma Smith,"09:13,13:29","12:08,16:01",5.46,91.93
Alice Miller,"09:10,12:58,16:34,18:37","11:42,15:36,17:46,19:00",6.76,71.56
John Jones,"09:24,12:43,16:10","11:40,15:00,16:18",4.69,90.73
Michael Jones,"09:11,12:26,14:53","11:42,13:38,15:16",4.11,61.69
Olivia Garcia,"09:26,12:09,15:34","10:54,14:32,17:59",6.28,63.25
Sophia Miller,"09:14,11:33,13:40,17:09","10:45,12:37,16:09,19:20",7.25,97.26
David Smith,"09:03,11:44,14:27","10:50,13:33,15:35",4.74,77.55
Emma Smith,"09:15,13:03,16:16","11:49,15:28,18:12",6.93,68.42
Sophia Jones,"09:00,11:37,13:49,16:01,18:33","10:45,12:52,15:06,17:36,20:21",7.68,78.44
Michael Smith,"09:13,11:42,15:28","10:26,14:06,16:05",4.24,73.81
Robert Johnson,"09:17,12:44,15:42,17:49","11:17,14:34,17:03,18:32",5.9,59.77
Olivia Miller,"09:02,12:47,15:34,18:59","11:46,14:56,17:46,19:16",7.38,96.37
Maria Garcia,"09:21,11:47,15:06","10:43,13:58,16:44",5.2,81.71
Olivia Garcia,"09:20,11:39,15:39,18:44","10:51,14:31,17:36,19:23",7,63.37
John Smith,"09:20,12:22,15:08,18:52","10:53,14:15,17:55,19:29",6.84,95.62
Emma Jones,"09:26,12:33","11:36,14:39",4.28,60.77
Maria Williams,"09:25,12:03,15:44","10:47,14:51,16:51",5.3,87.61
Michael Rodriguez,"09:24,13:05,15:57","11:49,15:03,17:23",5.82,71.14
Michael Johnson,"09:12,12:51,16:40","11:36,15:32,17:28",5.9,56.77
Emma Garcia,"09:11,11:45,13:54","10:46,12:49,15:30",4.26,95.06
Alice Rodriguez,"09:30,13:26,16:55","12:09,15:42,18:43",6.73,81.39
Michael Brown,"09:06,12:29,14:33,17:40","11:37,13:55,16:38,18:17",6.66,58.27
Alice Martinez,"09:14,12:38,14:25,18:12","11:25,13:51,17:21,18:15",6.39,56.38
Maria Williams,"09:09,11:48,15:12","10:37,14:22,16:35",5.42,87.93
Maria Smith,"09:30,12:48,15:36","11:47,14:43,16:31",5.13,61.99
Michael Garcia,"09:15,12:42,15:21","12:04,14:39,15:55",5.35,99.12
James Smith,"09:22,11:45,14:04,17:02,19:03","10:56,13:00,15:56,18:05,20:00",6.69,96.42
Sophia Jones,"09:24,13:39,16:37","12:23,15:08,17:30",5.35,76.5
David Garcia,"09:20,13:16,16:59","11:54,16:04,18:53",7.28,90.25
Robert Garcia,"09:29,11:46,13:40,17:09","10:39,12:56,16:35,18:04",6.17,66.15
Olivia Johnson,"09:03,10:48,13:16","10:06,12:19,16:09",5.45,75.87
Olivia Smith,"09:29,12:51","11:56,14:46",4.37,67.1
Sophia Rodriguez,"09:25,11:38,14:07,17:19","10:39,13:08,16:26,17:46",5.52,91.97
Emma Garcia,"09:25,13:13,16:37,19:00","12:11,15:47,18:13,19:56",7.88,65.2
Robert Williams,"09:05,11:20,13:25,16:54","10:36,12:47,15:57,17:41",6.29,65.83
Emma Brown,"09:08,11:23,14:52","10:24,14:01,17:25",6.46,72.94
Emma Garcia,"09:04,12:21,16:35","10:57,15:13,17:21",5.52,89.09
Robert Rodriguez,"09:21,11:25,15:00,17:42","10:34,14:22,16:32,17:52",5.87,51.01
James Williams,"09:22,13:19,16:27","12:21,15:38,18:48",7.65,75.58
Michael Martinez,"09:17,12:32,15:53,18:40","11:10,15:08,17:57,19:47",7.68,60.32
Olivia Johnson,"09:09,11:24,15:11,17:47","10:17,13:57,17:11,19:02",6.94,66.3
Robert Davis,"09:04,12:30,14:41","11:37,13:57,15:46",5.09,76.65
Sophia Martinez,"09:15,11:40,14:21,17:46","10:50,13:21,16:53,17:55",5.95,54.55
John Brown,"09:22,13:03,16:20,18:48","11:53,14:57,17:31,20:37",7.42,91.15
Emma Rodriguez,"09:19,13:01,15:24,17:52,19:59","11:44,14:03,16:30,18:53,21:17",6.87,84.19
John Rodriguez,"09:24,12:26,16:12","11:28,14:56,18:21",6.73,91.21
Alice Brown,"09:25,11:38,14:15,15:45","10:53,13:06,15:15,17:12",5.39,75.8
John Smith,"09:08,12:48,16:38","11:33,15:47,17:22",6.14,98.91
Olivia Miller,"09:15,11:39,14:05,16:32","10:45,13:05,15:37,16:47",4.72,65
Maria Jones,"09:29,12:40,15:03,17:29,20:05","11:43,14:21,16:29,19:10,20:08",7.09,90.73
Robert Johnson,"09:19,13:13,15:44","12:06,15:06,17:03",5.99,96.15
Olivia Garcia,"09:01,11:43,14:02","10:36,13:27,15:13",4.51,90.7
Sophia Martinez,"09:13,13:25,16:24,19:18","11:58,15:04,18:10,20:31",7.38,73.63
Sophia Rodriguez,"09:01,12:25,14:38","11:20,13:29,16:02",4.79,90.14
James Rodriguez,"09:20,13:10","12:13,14:25",4.13,69.5
John Johnson,"09:16,11:21,14:18,17:28,20:54","10:23,13:12,16:02,19:32,22:03",7.93,51.22
Alice Davis,"09:21,12:26,15:46,18:44","11:04,14:35,17:37,19:23",6.37,52.47
Alice Brown,"09:20,12:35,14:52","11:30,14:11,15:23",4.29,85.62
John Jones,"09:11,11:33,15:35,19:37","10:16,14:18,18:26,20:01",7.09,71.74
Sophia Miller,"09:20,12:02,14:08,17:39","10:46,13:07,16:27,19:58",7.16,82.74
Robert Garcia,"09:05,11:42,15:17,18:42","10:25,14:14,17:50,20:03",7.78,98.13
Sophia Martinez,"09:30,13:09","12:11,15:11",4.73,58.74
Maria Williams,"09:07,12:05,15:00,18:08","11:26,14:00,17:22,18:24",6.87,95.08
John Brown,"09:08,12:21,15:37","11:35,14:39,16:46",5.9,64.69
Robert Martinez,"09:22,11:54,15:35","10:51,14:38,18:10",6.8,72.63
Alice Davis,"09:15,11:49,15:00,18:15","10:55,14:13,17:04,19:41",7.58,77.1
David Jones,"09:17,12:50,15:28","12:07,14:14,16:11",4.95,72.46
Michael Jones,"09:20,11:45,15:25,19:02","10:51,14:26,18:03,20:07",7.92,74.02
Michael Brown,"09:07,11:52,15:19","10:59,13:55,17:00",5.61,78.45
Emma Williams,"09:14,11:22","10:27,14:14",4.09,76.48
David Smith,"09:13,12:24,16:14","11:26,15:15,16:35",5.43,79.8
Michael Davis,"09:24,12:08,16:15","11:00,15:01,16:28",4.72,71.21
John Jones,"09:03,12:29,15:22","11:29,14:47,15:32",4.9,70.89
Maria Williams,"09:14,12:34,15:22","11:54,14:04,16:29",5.3,84.2
David Miller,"09:23,12:32,15:21,17:43,19:50","11:14,14:11,16:36,19:14,20:38",7.08,58.7
Maria Martinez,"09:04,12:20,14:38,16:42,19:15","11:04,13:50,15:40,18:03,21:16",7.9,53.98
Robert Smith,"09:19,11:32,14:14,18:02,20:07,22:01","10:26,13:06,17:03,19:06,21:16,22:05",7.8,77.52
Sophia Brown,"09:25,12:25,16:28,20:06","11:07,15:15,18:52,20:41",7.52,57.16
Sophia Johnson,"09:05,12:06,15:56,17:57,20:11","11:25,14:32,16:59,18:59,20:32",7.2,76.38
David Davis,"09:13,11:22,14:45,18:41,20:49","10:13,13:37,17:27,19:45,20:58",7.17,79.17
Olivia Brown,"09:01,11:11,13:55,16:37,20:13","10:28,12:39,15:35,19:25,20:32",7.7,99.24
David Davis,"09:02,11:46,15:00","10:44,14:11,16:32",5.67,84.86
Emma Jones,"09:20,12:39,14:58","11:40,14:10,15:40",4.56,87.54
Maria Jones,"09:09,13:04,16:35","11:46,15:34,16:52",5.42,50.35
John Jones,"09:29,13:13,15:43","11:59,15:06,15:43",4.4,72.36
David Smith,"09:02,13:12,16:58","11:48,15:42,17:49",6.12,66.88
Olivia Davis,"09:01,12:53,15:35","11:39,14:34,17:01",5.76,60.59
Robert Miller,"09:00,11:25,15:21","10:28,14:00,16:03",4.75,71.89
Emma Brown,"09:17,13:10,15:33","12:06,14:39,16:03",4.81,85.36
James Rodriguez,"09:00,11:28,14:02,16:12,19:01","10:24,13:18,15:20,18:21,20:19",7.99,87.27
Alice Martinez,"09:25,11:49,14:25,16:38,19:25","10:53,13:26,15:25,18:08,20:24",6.58,88.27
Michael Davis,"09:16,12:37,16:19","11:52,15:09,17:18",6.12,70.7
Alice Brown,"09:04,11:26,15:14,18:51","10:34,14:18,17:45,19:10",7.22,54.33
James Garcia,"09:24,12:04,14:40,17:28","11:04,13:33,16:20,19:03",6.4,51.42
Emma Brown,"09:21,12:37,16:00,20:12","11:43,14:49,18:47,20:39",7.81,50.44
Sophia Rodriguez,"09:11,12:06,15:43,18:59","10:59,14:57,17:47,19:25",7.16,87.13
Sophia Martinez,"09:04,11:29,15:24","10:33,14:15,17:11",6.04,68.69
John Brown,"09:01,12:40","11:53,14:10",4.37,66.35
Robert Rodriguez,"09:09,13:03","11:59,14:50",4.62,83.43
Maria Smith,"09:01,12:04,16:21","11:19,15:03,17:56",6.87,90.03
Alice Rodriguez,"09:29,11:36,14:54,17:01,19:51","10:40,14:03,15:55,18:52,19:58",6.62,99.39
Olivia Smith,"09:27,12:44,14:36,17:06,19:44","11:47,13:59,16:06,18:15,20:04",6.58,51.23
Sophia Jones,"09:12,12:52","12:05,14:13",4.24,53.17
Maria Brown,"09:21,11:45,15:16","10:53,14:24,15:22",4.29,69.18
Sophia Brown,"09:28,12:44,16:18","11:29,15:15,18:38",6.88,57.96
Emma Brown,"09:28,13:25,15:23","12:22,14:26,17:00",5.55,87.72
Alice Smith,"09:06,12:18,14:26,16:48,20:28","11:24,13:29,16:00,19:25,20:46",7.97,90.96
James Johnson,"09:28,12:48,15:36","11:47,14:31,16:34",5,77.82
James Williams,"09:05,11:37,15:02,18:02,20:17","10:37,14:21,16:57,19:09,20:34",7.59,53.4
Olivia Davis,"09:04,11:47,14:30,18:02,20:19","10:54,13:05,17:00,19:14,20:43",7.24,94.4
Maria Smith,"09:12,11:42,14:24,17:36","10:29,13:17,16:32,18:00",5.42,60.85
James Williams,"09:12,12:46","12:02,14:46",4.84,58.07
Olivia Miller,"09:24,12:58,16:11,19:07","12:02,15:07,17:52,19:09",6.51,90.18
Emma Williams,"09:17,12:42,15:39,18:28","11:48,14:53,17:11,18:39",6.42,57.34
David Johnson,"09:00,12:12","11:18,13:57",4.05,99.97
John Brown,"09:08,12:17,15:46","10:55,15:09,18:08",7.02,83.37
Robert Smith,"09:04,12:12,15:56","11:18,15:05,16:51",6.05,99.98
Olivia Williams,"09:21,13:09,15:28,19:35","11:43,14:38,18:28,20:26",7.71,85.61
Sophia Martinez,"09:22,11:37,15:13","11:01,14:00,17:03",5.88,72.45
James Martinez,"09:15,13:14","12:04,14:39",4.25,60.91
Michael Rodriguez,"09:22,11:17,14:03,17:21","10:35,13:12,16:18,18:16",6.31,64.13
David Rodriguez,"09:16,12:43,16:45","11:54,15:29,18:46",7.42,78.04
Alice Garcia,"09:20,12:29,16:05","11:35,14:52,16:58",5.52,62.76
David Brown,"09:18,11:43,14:49","10:48,14:16,16:26",5.68,94.07
Alice Martinez,"09:20,12:44,15:17,18:32,20:54","11:37,14:14,17:51,19:50,21:14",8,51.69
Robert Miller,"09:13,11:48,14:51,18:07","11:08,13:58,16:47,19:13",7.12,83.31
Sophia Miller,"09:06,12:29,15:50","11:18,14:46,17:46",6.42,98.76
Maria Davis,"09:15,12:43","11:37,15:25",5.08,59.66
John Smith,"09:17,12:03,14:34,17:08","10:46,13:15,16:04,18:48",5.86,79.2
Alice Brown,"09:29,12:16,14:15,16:29","11:15,13:33,15:29,17:49",5.63,58.28
Olivia Brown,"09:08,12:44,15:38,18:17,20:43","11:36,14:43,17:35,19:42,20:51",7.97,76.43
James Jones,"09:22,11:12,13:11","10:30,12:25,16:00",5.17,95.28
Alice Williams,"09:03,11:45,13:57,15:51","10:53,12:54,15:06,16:07",4.41,92.51
Olivia Rodriguez,"09:06,11:17,14:16,16:21","10:17,13:09,15:19,16:43",4.48,51.9
Robert Garcia,"09:03,11:16,15:26,17:59","10:40,14:01,17:12,19:16",7.42,62.77
Robert Smith,"09:27,12:17,15:14","11:40,14:21,17:00",6.06,85.84
Alice Miller,"09:28,11:27,14:28,17:14,19:29","10:33,13:21,16:24,18:34,20:05",6.86,58.27
Michael Garcia,"09:08,11:50,14:08","11:02,13:04,16:00",5.01,56.14
Michael Jones,"09:21,11:35,14:52","10:32,13:43,16:41",5.14,87.08
Sophia Garcia,"09:00,11:28,15:46,17:38","10:32,14:23,17:01,18:00",6.08,81.13
John Williams,"09:20,12:44,15:46,18:34,21:03","11:43,14:49,17:26,19:55,21:08",7.57,65.95
John Williams,"09:17,11:22,14:39,16:53,19:03","10:26,13:50,15:49,17:53,20:10",6.9,65.74
Emma Miller,"09:12,12:12,15:00","11:02,14:04,17:33",6.25,75.22
Maria Davis,"09:02,12:55,16:21","11:35,15:34,16:44",5.58,78.98
James Brown,"09:06,11:56,15:13","10:50,14:28,16:12",5.26,60.83
Sophia Smith,"09:27,12:16,14:58,17:53","11:07,14:02,17:06,18:16",5.96,76.5
Emma Garcia,"09:08,12:15,14:21","11:25,13:22,16:41",5.73,77.92
Emma Miller,"09:04,11:55,13:55","10:57,13:02,15:06",4.19,82.16
Sophia Davis,"09:26,12:31,14:37","11:20,13:34,16:38",4.97,70.29
Emma Rodriguez,"09:04,11:43,15:03,17:37","10:45,13:52,16:22,17:52",5.4,50.59
Sophia Garcia,"09:23,11:20,14:00,17:44,20:07","10:32,13:00,16:38,18:54,20:29",6.99,73.89
James Smith,"09:03,12:01,16:16","10:56,14:57,17:20",5.89,80.19
Alice Miller,"09:22,12:51,16:33","12:07,15:13,17:21",5.92,89.97
John Rodriguez,"09:07,13:00,16:34,18:47","11:56,15:37,18:01,19:53",7.99,55.61
Emma Williams,"09:05,12:30,15:20","11:49,14:22,16:37",5.9,65.58
Robert Garcia,"09:26,13:22,16:33","12:08,15:34,17:37",5.97,68.96
Robert Martinez,"09:00,12:05","11:19,14:30",4.74,95.83
John Garcia,"09:09,11:23,14:38,18:30","10:36,13:22,17:24,18:44",6.44,96.45
Maria Rodriguez,"09:20,12:33,14:40,18:32","11:28,13:39,17:10,18:39",5.86,66.59
John Martinez,"09:24,11:53,14:14","11:06,13:18,16:32",5.42,87.46
Olivia Jones,"09:17,11:32,14:16","10:39,13:07,15:49",4.5,66.14
Michael Smith,"09:19,12:29","11:38,15:20",5.18,58.78
Olivia Davis,"09:07,11:59,16:01","11:04,14:57,16:04",4.97,72.72
Olivia Williams,"09:12,12:47","11:48,14:44",4.56,80.24
John Miller,"09:27,12:33,16:05","11:37,14:37,17:15",5.42,91.01
Robert Garcia,"09:19,12:06,14:10,17:39","11:35,13:06,16:38,18:47",6.87,95.4
James Johnson,"09:19,11:07,14:49","10:30,14:05,16:00",5.34,61.08
John Williams,"09:15,12:00,14:31","11:00,13:27,17:03",5.74,78.32
Sophia Johnson,"09:22,12:05,15:58,19:16","11:06,14:50,18:15,19:29",7,95.32
Sophia Davis,"09:07,11:24,13:38,16:05","10:39,12:56,14:48,16:59",5.14,85.49
Emma Jones,"09:29,13:05,16:36","11:55,15:35,17:03",5.39,75.44
Robert Brown,"09:12,11:45,14:43,17:09,20:49","10:37,13:47,16:23,19:49,20:52",7.83,55.21
Olivia Jones,"09:05,11:57,15:29,18:21,20:49","10:42,14:30,17:22,19:56,20:51",7.68,50.35
Alice Miller,"09:12,12:46,15:04,17:59","11:47,13:55,16:42,18:27",5.85,85.34
Olivia Martinez,"09:00,11:25,13:51,18:00","10:10,12:59,16:40,18:39",6.21,60.33
Alice Johnson,"09:29,12:47,15:28,18:24","11:54,14:01,17:04,18:39",5.51,69
Robert Martinez,"09:09,11:17,13:56,16:11,18:14,21:11","10:36,13:02,15:12,17:16,20:02,21:30",7.67,85.71
Maria Jones,"09:26,11:34,14:02","10:26,12:52,15:48",4.07,89.88
Alice Garcia,"09:17,13:02,16:36","12:05,15:47,17:04",6.03,96.39
Robert Rodriguez,"09:02,13:05,16:14,17:55,19:56","11:52,15:14,17:14,19:07,20:36",7.85,94.93
James Johnson,"09:11,12:45,16:05,18:31","11:52,14:37,17:27,19:21",6.77,90.83
Michael Garcia,"09:13,12:36,14:48,18:43","11:42,13:43,17:47,18:50",6.71,82.09
Maria Martinez,"09:21,11:32,14:27,17:47","10:34,13:26,16:33,19:42",7.14,64.46
Sophia Jones,"09:26,12:39,15:37","11:48,15:00,17:14",6.34,64.74
Robert Davis,"09:07,12:37,15:30,18:30","11:37,14:39,17:12,19:44",7.48,69
John Martinez,"09:24,12:39,16:01,18:19","11:39,14:42,17:35,20:19",7.88,62.49
Michael Martinez,"09:24,12:49,15:41,18:31","11:42,14:33,17:32,19:05",6.46,74.07
Alice Smith,"09:01,11:11,13:03,14:56,18:28","10:18,12:12,14:12,17:14,20:01",7.31,96.59
James Martinez,"09:26,13:26,17:02","12:06,15:44,17:26",5.38,85.17
Sophia Brown,"09:05,12:16","11:04,14:32",4.25,56.44
Robert Rodriguez,"09:08,12:42","11:57,14:26",4.56,82.58
Sophia Jones,"09:24,13:03,15:21","11:49,14:27,16:03",4.52,80.85
David Jones,"09:29,11:40,13:49,16:42","10:47,12:49,15:38,17:14",4.81,81.17
Alice Martinez,"09:07,12:15,14:34,18:05","11:34,13:46,17:09,18:07",6.59,94.49
Michael Davis,"09:16,12:38,14:52","11:33,14:05,16:16",5.14,74.51
Robert Garcia,"09:23,13:03,16:15","11:43,15:09,17:54",6.09,86.32
David Martinez,"09:04,11:57,14:22","10:57,13:35,15:06",4.26,84.79
Robert Davis,"09:22,13:26","11:58,15:15",4.42,85.04
Robert Rodriguez,"09:13,12:26,16:18","11:44,15:04,16:27",5.31,77.96
Alice Brown,"09:16,12:25,14:28,16:34,19:36","11:06,13:29,15:53,18:35,19:48",6.54,67.91
Olivia Garcia,"09:06,12:46,16:33","11:43,15:30,17:28",6.28,83.8
Robert Miller,"09:28,11:52,15:13,18:23","11:00,14:21,17:19,19:16",7.01,60.17
Sophia Johnson,"09:15,11:22,14:32,17:17","10:41,13:20,16:12,18:19",6.11,98.47
Sophia Johnson,"09:05,11:39,13:59,17:13,19:33","10:25,13:01,15:57,18:36,19:42",6.2,79.45
Olivia Miller,"09:07,12:16,14:46","11:28,13:54,16:36",5.82,62.98
Sophia Johnson,"09:30,12:08,15:39","11:07,14:52,16:46",5.48,71.87
James Rodriguez,"09:18,11:53,14:30,16:42","10:46,13:45,16:01,17:26",5.6,75.21
James Martinez,"09:10,13:14,16:49","12:05,15:41,17:14",5.79,58.28
Sophia Williams,"09:10,12:32,15:40","11:05,14:38,15:55",4.27,61.33
Emma Brown,"09:28,13:21,16:31,19:19","12:25,15:36,18:18,19:29",7.16,71.74
James Martinez,"09:13,12:27","11:22,14:47",4.49,67.53
Robert Miller,"09:10,12:38,14:56","12:01,13:56,17:07",6.35,51.42
Maria Brown,"09:02,12:03,14:21,16:37","10:48,13:34,15:39,16:41",4.66,85.85
Maria Jones,"09:20,11:04,13:17,16:55","10:20,12:11,15:57,17:02",4.91,57.48
John Miller,"09:28,12:06,14:19,16:45","11:26,13:31,15:54,16:47",5,67.85
Alice Johnson,"09:10,12:05,14:39","10:46,13:21,16:20",4.56,79.95
Sophia Davis,"09:13,11:36,15:12,17:27","10:35,14:11,16:23,17:50",5.52,60.73
Sophia Miller,"09:22,12:56,16:09,19:10","12:18,14:49,18:17,19:32",7.33,91.25
David Brown,"09:23,12:01,15:56,19:22","10:45,14:53,18:25,19:42",7.05,70.67
Robert Davis,"09:03,12:08,15:25","10:49,14:26,16:48",5.46,68.72
Michael Miller,"09:15,12:19,15:19,17:50,20:22","11:02,14:02,16:33,19:37,20:46",6.92,71.79
John Miller,"09:25,11:49,13:54,16:25","10:44,13:06,15:36,17:26",5.32,80.45
Alice Johnson,"09:15,11:53,15:32,18:14,19:52","10:47,14:25,17:30,19:16,20:09",7.35,84.33
Olivia Williams,"09:23,12:32,14:56","11:29,13:55,16:26",4.99,67.46
Sophia Davis,"09:03,12:49,15:24,17:45,20:28","11:47,14:18,16:35,19:29,20:56",7.61,97.25
Alice Davis,"09:10,12:03,15:33","11:21,14:36,17:24",6.58,97.31
James Rodriguez,"09:02,12:36,14:40","11:59,13:44,15:02",4.46,85.81
Alice Williams,"09:02,11:48,14:11,17:58","10:21,13:01,16:40,19:01",6.07,92.82
Sophia Davis,"09:16,12:58,15:54,18:57","12:04,15:03,17:43,19:23",7.14,54.28
Olivia Brown,"09:26,13:17,17:00","12:05,16:05,18:29",6.94,51.49
Robert Rodriguez,"09:30,11:53,15:24","10:54,14:38,17:10",5.92,65.15
Robert Martinez,"09:13,12:28,14:50,17:52","11:47,14:02,16:56,17:57",6.33,82.68
Maria Martinez,"09:13,12:17,14:05","11:14,13:20,15:16",4.26,61.42
Olivia Garcia,"09:00,11:55,15:35","11:00,14:32,15:44",4.78,55.53
Robert Miller,"09:12,11:48,15:50,18:10","10:45,14:42,17:08,19:16",6.86,83.38
Emma Williams,"09:29,12:37,15:39","11:40,14:36,17:53",6.4,61.87
Maria Jones,"09:25,11:39,14:36","10:43,13:34,16:24",5.02,71.75
Robert Smith,"09:29,12:00,14:22,16:49,20:04","11:16,13:09,15:55,19:17,20:04",6.95,68.67
Olivia Rodriguez,"09:13,11:52,15:38","10:34,14:18,17:48",5.96,69.11
James Garcia,"09:11,11:47,15:09","10:32,14:10,15:59",4.58,98.55
Robert Davis,"09:14,12:44,15:11","11:32,14:26,16:01",4.84,89.11
Robert Garcia,"09:30,13:29,16:38","12:29,15:18,18:57",7.13,91.8
Maria Garcia,"09:01,11:41,14:36,16:36","10:22,13:22,15:50,16:44",4.42,53.95
James Jones,"09:25,13:35,16:53","12:09,16:00,18:03",6.33,81.51
Olivia Martinez,"09:00,12:26,15:05,17:53","11:32,13:55,17:00,18:22",6.42,71.59
Michael Martinez,"09:00,11:25,15:18,17:18","10:24,14:16,16:25,18:23",6.46,65.8
Sophia Brown,"09:06,11:04,14:01","10:12,13:18,15:12",4.53,96.05
Olivia Williams,"09:04,12:47,15:59","11:27,14:53,16:42",5.21,63.38
Sophia Brown,"09:22,12:30,14:29,17:54","11:07,13:42,16:34,20:12",7.34,75.88
Alice Rodriguez,"09:21,12:22,15:34","11:06,14:51,18:01",6.69,58.61
Alice Jones,"09:25,12:08,16:13","11:00,14:55,17:01",5.17,80.93
Michael Davis,"09:00,12:22,14:31,18:09","11:21,13:55,17:13,18:49",7.28,91.13
James Smith,"09:14,12:12,15:34","11:00,14:32,17:52",6.4,96.79
Olivia Johnson,"09:07,11:35,14:08,17:17","10:07,12:56,16:10,17:38",4.73,73.45
Olivia Garcia,"09:10,12:31,15:37","11:51,14:34,17:42",6.83,88.82
Sophia Rodriguez,"09:05,12:47","12:01,14:23",4.55,90.23
John Williams,"09:01,11:24,14:02,16:40","10:53,13:11,15:18,17:33",5.81,63.22
Sophia Jones,"09:03,12:37,16:28","11:41,15:29,17:42",6.75,83.87
Alice Brown,"09:26,11:47,15:40,18:15","10:45,14:36,16:59,19:26",6.64,99.9
Emma Johnson,"09:05,12:44,14:30,17:04,19:11","11:51,13:49,16:07,18:09,20:18",7.68,65.54
Alice Johnson,"09:16,11:48,14:51,17:54","10:50,14:08,16:55,19:48",7.88,60.22
David Miller,"09:08,11:06,13:25,15:35","10:25,12:33,14:37,17:51",6.21,70.57
Emma Rodriguez,"09:29,12:40","11:44,14:25",4.01,67.24
David Garcia,"09:11,12:12,14:32,16:59,19:21","11:02,13:19,15:58,18:36,19:36",6.28,90.04
John Jones,"09:10,11:44,15:48,17:58","10:58,14:34,17:00,18:36",6.47,79.85
Emma Brown,"09:00,12:03,14:03,16:21,18:15","10:53,13:10,15:39,17:28,20:17",7.76,90.25
James Brown,"09:00,11:57,15:43,17:30,19:21","11:03,14:53,16:50,18:42,19:39",7.61,54.28
Sophia Smith,"09:27,11:57,14:45,17:37","11:09,13:22,16:51,18:03",5.66,59.3
John Brown,"09:03,12:28,15:36,18:24","11:15,14:38,17:28,19:08",6.98,68.36
Olivia Williams,"09:12,11:51,14:22,16:29","10:55,13:25,15:24,16:29",4.32,83.23
James Garcia,"09:12,11:22,14:27","10:30,13:40,16:42",5.87,67.38
Olivia Davis,"09:05,11:23,13:11,15:09,18:25","10:08,12:25,14:24,17:23,18:50",5.97,73.54
James Davis,"09:19,13:33,16:35,19:59","12:18,15:32,18:52,20:36",7.87,56.39
John Brown,"09:30,12:24,15:21","11:21,14:05,17:25",5.61,85.16
Olivia Johnson,"09:24,12:19,15:17,17:27","11:14,14:09,16:35,18:35",6.11,53.64
David Smith,"09:07,11:36,14:10,16:31,20:09","11:03,13:00,15:27,19:16,20:34",7.8,73.46
Emma Johnson,"09:12,12:28","11:28,14:30",4.32,66.21
David Martinez,"09:26,11:54,13:53,16:10","10:39,12:57,15:02,17:49",5.07,75.95
Emma Rodriguez,"09:15,11:49,15:35,18:47","11:02,14:41,17:42,19:11",7.18,92.82
Sophia Miller,"09:00,12:06,14:44","10:58,13:26,15:45",4.32,59.93
David Brown,"09:05,12:31,15:21,18:01","11:37,14:21,17:02,19:39",7.69,53.03
James Smith,"09:00,11:18,15:20,17:17,19:32","10:43,14:16,16:31,18:37,20:00",7.67,66.26
Maria Davis,"09:21,13:21,15:45","12:17,14:47,18:11",6.81,56.98
Maria Miller,"09:00,12:23,15:02,17:51","11:28,13:48,17:13,18:55",7.14,99.26
Alice Rodriguez,"09:03,12:20,14:32,17:27,19:53","11:34,13:32,16:24,18:32,21:09",7.94,73.79
Michael Johnson,"09:10,12:54,15:59","12:09,15:09,16:00",5.25,72.85
Emma Johnson,"09:30,13:32,15:42","12:11,14:40,16:50",4.96,90.4
Robert Williams,"09:20,11:16,14:34","10:32,13:37,16:15",5.25,79.93
Robert Johnson,"09:02,11:26,15:16","10:21,14:24,15:23",4.4,93.18
Robert Davis,"09:16,12:49,16:00","11:46,14:34,17:12",5.46,54.05
James Martinez,"09:13,13:15,15:38","11:59,14:26,16:02",4.36,54.31
Olivia Brown,"09:16,11:54,15:12,17:44,20:14","10:38,14:00,17:05,19:25,21:03",7.86,64.38
John Rodriguez,"09:21,11:32,13:38","10:49,12:52,15:01",4.19,64.88
Maria Johnson,"09:02,11:52,14:50,17:14","10:33,13:38,16:33,18:12",5.98,67.53
James Williams,"09:20,11:36,14:16,17:24","10:21,13:27,16:38,17:36",5.44,93.79
Olivia Smith,"09:20,12:51,16:02,20:09","11:26,14:42,18:46,20:27",6.98,82.3
Olivia Miller,"09:15,11:19,14:50,17:07,19:43","10:39,13:54,16:12,18:14,20:28",7.22,65.07
Michael Williams,"09:20,11:57,14:35,16:53","11:00,13:17,15:59,16:58",4.49,76.41
Michael Smith,"09:27,12:55,15:51","11:46,15:17,17:30",6.35,51.56
Sophia Garcia,"09:25,11:44,14:21","10:43,13:29,15:29",4.19,62.72
James Jones,"09:11,11:54,15:13","10:59,14:12,17:54",6.79,58.3
Olivia Davis,"09:11,11:39,14:14,17:24","10:27,13:14,16:39,18:23",6.27,81.76
Sophia Davis,"09:07,11:58,14:53","11:02,13:26,15:44",4.25,57.47
Olivia Williams,"09:26,11:34,14:20,16:47","10:35,13:28,16:10,17:53",6,87.5
Robert Smith,"09:17,11:56,14:52,18:11","10:52,13:58,17:00,18:13",5.79,87.1
Sophia Smith,"09:13,12:10,15:02","11:04,13:59,16:31",5.16,92.48
Michael Martinez,"09:28,12:42,15:50,18:32","11:38,14:47,17:27,19:41",7.03,76.93
James Brown,"09:00,12:33,16:08","11:26,14:53,17:13",5.86,95.44
Sophia Jones,"09:15,12:11,14:43,17:38,19:59","11:10,13:39,16:30,19:11,20:46",7.51,95.25
David Martinez,"09:07,11:31,14:08,16:59,19:58","10:20,13:14,15:51,18:38,20:33",6.89,60.51
Robert Davis,"09:21,11:21,14:30","10:49,13:43,14:46",4.11,61.8
Olivia Williams,"09:11,12:42,16:19","12:00,15:29,18:23",7.68,91.82
David Johnson,"09:25,13:20,16:55","11:53,15:51,17:31",5.58,58.1
Olivia Rodriguez,"09:26,13:02,15:48","12:05,14:41,17:41",6.18,68.15
David Martinez,"09:00,11:17,13:27,17:07","10:16,12:27,16:04,17:32",5.48,57.97
James Rodriguez,"09:23,11:36,13:39","10:51,12:39,15:17",4.16,70.65
John Brown,"09:22,13:12,16:50","11:57,15:51,17:38",6.04,98.95
Emma Davis,"09:18,12:27,15:12,19:07","11:13,14:30,18:06,19:47",7.54,74.94
David Johnson,"09:23,12:26,16:16","11:30,15:15,17:38",6.31,70.37
David Martinez,"09:22,12:33,14:58,17:37,21:00","11:14,13:52,16:37,20:14,21:05",7.55,56.47
Alice Garcia,"09:18,11:28,14:35","10:21,13:21,15:50",4.2,55.83
Alice Martinez,"09:23,12:40","11:43,14:39",4.32,73.99
Olivia Rodriguez,"09:12,12:10,15:00,17:16","11:23,13:34,16:18,19:02",6.65,62.47
Sophia Martinez,"09:29,12:24,14:29,16:46","11:11,13:29,15:31,18:14",5.3,51.87
David Smith,"09:02,12:08,15:40","11:33,14:31,16:40",5.91,94.82
Michael Williams,"09:22,11:42,14:10","10:48,13:02,16:34",5.17,97.13
Alice Johnson,"09:12,12:30,16:09","11:25,15:19,17:10",6.06,57.76
Maria Jones,"09:05,12:33,15:21,18:53","11:51,14:24,18:02,19:18",7.73,90.89
Robert Johnson,"09:18,11:44,15:04","10:29,14:02,15:47",4.21,62.48
Alice Miller,"09:24,11:59,15:00,18:01","10:58,14:15,17:08,19:00",6.96,63.28
Emma Smith,"09:24,12:40,15:57","11:19,14:50,17:08",5.28,82.05
Sophia Williams,"09:04,11:19,15:14","10:32,14:02,16:45",5.7,84.97
Michael Smith,"09:08,12:44,15:27","11:58,14:19,17:02",6.01,54.5
Michael Martinez,"09:24,12:05,14:33,17:47","11:17,13:24,16:34,18:38",6.07,69.39
Maria Smith,"09:23,13:00","12:01,14:28",4.1,98.28
Robert Johnson,"09:07,12:43,16:26","11:51,15:32,17:16",6.4,87.88
Emma Garcia,"09:20,13:02,16:08","12:07,15:05,16:57",5.65,55.27
Robert Garcia,"09:16,12:12,16:00","11:21,14:53,16:48",5.58,89.38
Olivia Miller,"09:17,11:32,14:58,18:16","10:25,14:10,17:12,19:09",6.88,88.59
Michael Martinez,"09:03,11:47,15:55,17:50","10:44,14:40,17:00,19:14",7.06,72.79
Maria Rodriguez,"09:13,12:46,15:03,17:05","11:43,14:06,16:15,17:24",5.36,76.52
David Miller,"09:15,13:06,15:03","12:12,14:28,15:17",4.55,99.29
James Davis,"09:26,12:22,14:47,17:35","11:23,13:58,16:41,17:46",5.65,65.35
David Rodriguez,"09:03,12:15,15:26","11:34,14:22,17:09",6.36,72.41
Maria Brown,"09:06,12:22,14:38,17:40","11:21,13:59,16:42,18:55",7.2,71.73
James Rodriguez,"09:27,12:34,15:40,17:45","11:33,14:37,16:57,20:10",7.86,84.79
Sophia Rodriguez,"09:18,12:20,14:31,18:30","11:31,13:52,17:07,19:28",7.32,65.63
James Martinez,"09:06,13:07,15:23,18:45,21:40","11:57,14:09,17:39,20:26,21:41",7.86,84.11
Maria Williams,"09:27,11:43,13:46,15:51","10:29,12:46,15:04,17:25",4.96,82
Sophia Jones,"09:01,12:49,15:11,18:18","11:49,14:11,17:28,18:18",6.46,50.51
Alice Williams,"09:00,12:20,14:45,17:21,20:10","11:15,13:36,16:27,19:10,20:45",7.63,88.19
Robert Garcia,"09:18,13:04,15:36,18:12","11:52,14:15,17:10,18:26",5.56,91.75
Michael Brown,"09:30,11:51,14:15,17:35,20:18","10:37,13:34,16:30,18:52,20:46",6.85,65.44
Maria Williams,"09:27,12:23,14:43,17:54","11:34,13:54,16:57,18:59",6.96,91.33
Emma Smith,"09:25,12:37,16:26","11:51,15:33,17:02",5.97,94.39
Michael Williams,"09:00,11:11,14:04,16:23,18:37","10:20,13:07,15:32,17:35,20:17",7.6,67.08
Olivia Miller,"09:27,11:33,14:32,16:51","10:32,13:27,15:54,17:06",4.61,68.16
James Martinez,"09:26,12:55,15:59","12:09,14:42,17:16",5.79,69.76
Robert Brown,"09:05,12:16,14:27,16:36,18:58","11:34,13:28,15:32,17:46,19:40",6.65,52.5
John Williams,"09:08,11:55,16:16","10:53,14:54,17:23",5.86,67.6
David Johnson,"09:03,11:01,13:12","10:12,12:34,15:32",5.05,86.65
Emma Martinez,"09:03,12:11,15:43,18:19","11:00,15:01,17:07,19:06",6.98,95.22
Olivia Johnson,"09:30,13:22,16:26","12:23,15:37,17:17",5.99,88.43
Alice Williams,"09:08,11:20,13:36","10:37,12:36,15:32",4.69,93.62
Olivia Davis,"09:01,11:34,14:31,17:32","10:48,13:40,16:22,18:23",6.59,96.36
David Jones,"09:01,11:36,13:52","10:44,12:36,16:17",5.15,68.23
Sophia Smith,"09:03,12:47,14:59","11:44,14:06,15:03",4.08,82.4
David Rodriguez,"09:23,12:32","11:25,15:00",4.51,97.66
Olivia Davis,"09:24,13:05,15:12,17:34,19:23","12:00,14:17,16:29,18:39,19:36",6.39,73.51
John Garcia,"09:10,12:25,15:01","11:29,13:46,16:03",4.71,69.64
David Brown,"09:24,11:53,14:48","10:25,14:01,16:22",4.73,76.96
James Rodriguez,"09:05,12:03,15:22","11:06,14:40,16:12",5.48,77.57
Sophia Brown,"09:29,11:48,14:40","11:03,13:59,15:47",4.87,69.5
Maria Jones,"09:28,11:56,14:57,17:00","11:06,14:00,16:03,17:43",5.52,99.26
Sophia Garcia,"09:01,11:09,12:56","10:17,12:11,14:52",4.24,56.1
James Davis,"09:26,12:01,14:53,17:26,20:06","10:45,13:56,16:01,19:20,21:05",7.25,64.68
Maria Miller,"09:24,11:41,14:20,16:34","10:37,13:22,15:32,17:31",5.05,67.86
Alice Garcia,"09:00,10:55,14:41","10:02,13:22,16:37",5.42,83.7
John Garcia,"09:27,12:36,16:16","11:40,15:08,17:11",5.67,61.83
Michael Smith,"09:17,11:59,15:40,18:47","11:18,14:54,17:51,19:03",7.39,50.21
Robert Williams,"09:29,12:09,16:10,19:15","10:44,15:04,17:58,19:58",6.7,62.13
Robert Martinez,"09:20,12:12,14:50,17:34","11:24,13:39,16:46,18:33",6.44,65.52
Alice Davis,"09:16,12:00,14:16,17:47","11:02,13:20,16:33,17:48",5.41,58.87
Emma Davis,"09:15,12:32,15:37,17:28,20:33","11:38,14:13,16:41,19:48,20:40",7.59,92.07
Alice Davis,"09:20,12:43,15:55","11:35,15:06,16:42",5.42,57.11
Olivia Miller,"09:02,12:32,15:54,18:21","11:45,14:52,17:08,19:14",7.18,81.68
Alice Williams,"09:11,11:53,15:22","11:12,14:16,16:15",5.29,62.07
Emma Davis,"09:26,13:02,16:40","12:04,15:28,16:44",5.14,88.16
Sophia Smith,"09:14,12:27,15:48","11:05,14:49,16:58",5.39,89.56
Alice Rodriguez,"09:08,12:19,14:22","11:30,13:24,15:50",4.93,59.52
David Miller,"09:08,12:21,15:51,18:11,20:32","11:15,14:57,17:01,19:31,21:10",7.85,66.82
Emma Williams,"09:09,10:53,15:04,18:45","10:11,13:45,17:52,19:54",7.86,54.15
Emma Rodriguez,"09:12,11:13,13:50","10:38,13:08,16:08",5.66,64.04
Robert Williams,"09:23,13:09,15:22,18:05","12:10,14:51,16:36,18:47",6.42,84.38
Robert Williams,"09:18,13:12,16:03,18:57","11:54,15:09,18:11,19:21",7.09,52.29
Alice Miller,"09:11,11:52,15:38,18:14","10:53,14:23,17:16,18:51",6.47,84.23
Maria Johnson,"09:03,12:50,16:35","11:24,15:31,17:30",5.95,62.87
Maria Williams,"09:20,12:57,16:34","11:28,15:27,17:38",5.71,82.28
Emma Davis,"09:15,11:53,14:05,17:00","10:53,12:58,16:01,19:18",6.97,50.06
Sophia Jones,"09:16,12:07,15:39,17:58,20:18","10:48,14:56,16:59,19:17,21:06",7.8,56.76
Michael Garcia,"09:04,11:50,14:02,16:39","11:04,13:05,15:48,18:37",6.99,98.03
Maria Williams,"09:29,12:09,14:35,17:19","11:02,13:58,16:09,18:10",5.8,66.6
James Brown,"09:01,12:37,15:13,17:08","11:40,14:20,16:31,18:34",7.11,77.52
David Brown,"09:30,13:37,16:41","12:16,15:52,18:54",7.24,61.97
Alice Garcia,"09:15,13:07,15:33","11:40,14:34,15:43",4.04,50.37
James Rodriguez,"09:28,12:14,15:30","10:58,14:25,17:04",5.26,93.61
Maria Brown,"09:29,12:25,15:39,19:08","11:27,14:49,17:54,19:25",6.91,87.71
Sophia Johnson,"09:21,11:51,14:01,17:52,20:01","10:47,13:12,16:42,18:59,20:44",7.31,79.83
Maria Williams,"09:04,12:07","11:22,14:12",4.4,65.42
Olivia Martinez,"09:11,12:43,15:04,16:58","11:45,14:12,16:13,18:42",6.94,80.27
David Davis,"09:12,11:23,14:27","10:36,13:10,16:45",5.5,64.84
James Garcia,"09:25,13:07,16:02","12:07,15:29,16:48",5.84,87.54
Sophia Miller,"09:08,11:33,14:23,17:09","10:43,13:26,16:11,17:20",5.47,50.45
Emma Brown,"09:16,12:54,16:37","11:47,15:27,17:28",5.93,91.48
Olivia Davis,"09:07,11:57,14:59,17:02","10:40,13:34,16:16,19:04",6.5,72.8
Maria Garcia,"09:18,13:35,16:36","12:11,15:43,17:47",6.21,94.19
James Williams,"09:09,12:48,15:03,17:34","11:36,13:54,16:30,17:41",5.12,85.9
John Miller,"09:05,11:17,14:35","10:25,13:34,15:56",4.97,68.99
David Brown,"09:08,12:06,14:40,17:41","11:06,13:49,16:13,19:05",6.64,82.9
Michael Johnson,"09:07,12:05,14:22,18:01,20:14","10:42,13:38,17:17,19:05,20:33",7.45,70.24
Michael Jones,"09:06,12:00,15:03,18:54","10:41,13:48,17:36,19:08",6.17,92.62
David Garcia,"09:26,13:16,15:48,19:01","12:17,14:50,18:16,19:08",7.01,82.04
Sophia Williams,"09:22,13:14,17:11","11:56,16:02,17:14",5.43,78.27
John Jones,"09:27,13:10,16:54","12:06,15:53,18:20",6.8,76.17
Olivia Smith,"09:10,11:18,13:27,16:19,18:25","10:28,12:29,15:37,17:25,18:26",5.78,51.64
Emma Jones,"09:06,11:48,13:56,16:26,19:50","10:46,13:01,15:25,18:39,21:06",7.86,70.15
Olivia Brown,"09:27,13:30,16:21,18:27","12:16,15:30,17:38,19:51",7.51,65.14
Robert Brown,"09:16,12:45,16:05,18:07","12:08,14:51,17:28,19:12",7.44,94.59
Emma Garcia,"09:25,13:20","12:05,15:06",4.43,58.04
James Rodriguez,"09:13,12:14,14:55,17:20","11:21,13:44,16:37,18:06",6.11,59.46
Maria Brown,"09:21,11:59,14:34,17:28","11:03,13:43,16:35,19:31",7.51,63.75
Emma Jones,"09:14,12:26,14:53,17:59","11:46,13:40,17:09,18:27",6.52,98.78
Robert Garcia,"09:08,11:23,14:44,16:56,19:59","10:26,13:46,16:18,19:05,20:30",7.92,92.29
Robert Rodriguez,"09:16,11:57,14:52","11:10,14:02,15:22",4.5,77.08
David Johnson,"09:14,12:37,14:45","11:35,14:06,15:36",4.69,66.54
Olivia Martinez,"09:03,11:40,13:55,16:41","10:44,12:47,15:25,19:33",7.17,58.09
Robert Brown,"09:26,12:46,16:36","11:42,15:09,18:17",6.34,73.5
Emma Jones,"09:17,11:33,15:46","10:52,14:24,17:09",5.82,76.51
James Jones,"09:27,12:27,16:12","11:49,15:07,17:58",6.8,88.89
James Brown,"09:19,12:11,16:05,19:53","11:12,14:50,18:41,20:23",7.63,56.17
Robert Martinez,"09:21,11:35,15:34","10:50,14:29,16:25",5.23,53.9
James Garcia,"09:13,10:57,13:16,15:37,17:25","10:15,12:20,14:28,16:43,18:35",5.9,81.74
John Williams,"09:14,11:47,15:08","11:04,14:27,15:11",4.56,83.72
James Smith,"09:28,12:24,14:23","11:18,13:41,15:23",4.13,61.42
David Johnson,"09:21,11:23,14:13,16:38","10:45,13:06,15:18,19:16",6.84,97.59
Emma Garcia,"09:28,12:06,15:40","10:56,15:01,17:40",6.4,71.22
Emma Smith,"09:12,12:10,15:49,17:49","10:43,14:27,16:52,17:53",4.92,91.38
Sophia Martinez,"09:11,12:26,14:53,17:12","11:12,13:54,16:37,18:40",6.7,97.76
Sophia Jones,"09:30,13:33,17:43","12:20,16:32,19:44",7.84,89.04
Emma Garcia,"09:03,11:40,13:43,15:58,19:07","10:39,12:42,14:57,18:22,20:03",7.21,81.6
John Davis,"09:12,11:33,14:40,17:44","10:24,13:54,17:02,18:01",6.22,55.56
Emma Brown,"09:08,11:50,15:11","10:37,14:32,16:33",5.55,81.08
Alice Rodriguez,"09:26,11:35,14:46,17:02,19:54","10:30,13:38,16:08,19:06,20:28",7.13,67.69
Michael Brown,"09:05,11:26,15:22,17:38,19:35","10:39,14:11,16:41,18:59,20:09",7.56,52.8
Emma Miller,"09:30,11:37,15:02,17:55,21:17","11:03,13:43,16:46,19:58,21:44",7.89,77.05
James Brown,"09:30,12:58,16:06","11:51,15:21,16:43",5.36,82.86
Michael Smith,"09:01,11:26,14:36","10:19,13:38,16:30",5.41,63.58
Michael Davis,"09:13,11:42,15:21","10:42,14:17,17:24",6.13,71.92
James Martinez,"09:03,11:32,14:30,18:02","10:35,13:02,16:40,18:51",6.03,98.95
Emma Garcia,"09:01,12:28,15:38","11:34,14:11,16:34",5.21,66.41
John Rodriguez,"09:21,13:27,15:35","12:06,14:41,17:42",6.11,59.77
Michael Smith,"09:00,11:40,15:23","10:43,14:17,15:33",4.5,64.62
David Martinez,"09:13,12:07,14:27","11:03,13:42,15:12",4.17,88.03
John Brown,"09:25,11:21,13:43,17:04","10:40,12:58,16:10,18:55",7.17,90.68
Michael Miller,"09:18,12:35,14:27,18:27","11:45,13:42,17:16,19:10",7.12,77.32
John Rodriguez,"09:21,11:29,13:43,16:14,18:34","10:36,13:07,15:31,17:29,19:39",7.03,99.54
Olivia Johnson,"09:26,11:44,14:14,16:56,19:26","10:42,13:11,15:59,18:13,20:35",6.9,88
Olivia Rodriguez,"09:15,11:54,15:54","10:53,14:43,17:12",5.76,65.63
Robert Brown,"09:06,11:38,14:57","10:23,13:44,15:36",4.05,96.78
Sophia Miller,"09:18,12:19,15:27,17:54","11:07,14:18,17:10,18:51",6.48,83.36
Maria Johnson,"09:30,13:28","12:22,15:06",4.51,66.39
James Jones,"09:08,11:59,14:54","11:05,14:12,17:43",6.99,83.64
Maria Rodriguez,"09:14,12:17,14:27","11:26,13:38,15:45",4.86,93.64
Olivia Williams,"09:19,11:23,13:32,16:06","10:31,12:39,15:29,16:28",4.79,86.63
Olivia Johnson,"09:08,12:41,15:10","11:54,14:19,16:42",5.93,63.16
Olivia Miller,"09:07,11:46,14:37","10:54,13:25,15:59",4.82,51.7
Olivia Johnson,"09:21,13:23,15:35,17:38,19:49","11:58,14:27,16:35,18:53,20:45",6.88,66.31
David Jones,"09:04,13:03,16:37","12:00,15:27,17:08",5.86,91.98
Maria Jones,"09:12,11:04,13:49,17:09,19:24","10:17,12:43,16:14,18:18,20:27",7.37,50.55
Michael Smith,"09:02,11:15,14:03,16:19","10:16,13:04,15:05,17:07",4.9,56.44
Sophia Davis,"09:17,11:56,15:16,18:07","11:15,14:30,17:24,18:14",6.8,76.46
Sophia Garcia,"09:17,13:28","12:07,15:57",5.33,88.24
Olivia Miller,"09:12,11:18,14:58,17:57,20:19","10:33,14:00,16:53,19:27,20:35",7.74,67.05
David Brown,"09:28,12:48,15:49","12:03,15:00,18:30",7.47,72.3
Maria Smith,"09:13,12:56,14:46","11:47,14:13,16:14",5.32,93.35
Emma Smith,"09:08,11:49,15:09,17:48","10:34,14:25,16:52,19:00",6.96,73.77
Robert Smith,"09:00,12:40,15:17,18:18,20:46","11:33,13:56,17:04,19:42,21:32",7.78,87.07
Maria Garcia,"09:29,12:58,16:39","11:58,15:31,17:08",5.53,68.2
Sophia Johnson,"09:25,11:20,13:43,16:19,19:39","10:26,12:59,15:34,18:12,20:45",7.51,99.07
David Rodriguez,"09:25,11:49,14:49,17:50","10:41,13:45,16:58,19:34",7.1,55.15
John Martinez,"09:15,12:54,16:28,18:39","12:00,15:23,17:53,19:18",7.3,61.68
Michael Garcia,"09:02,11:37,14:38,17:40","10:24,13:32,16:25,17:59",5.4,59.6
Sophia Martinez,"09:09,12:51","11:41,14:49",4.51,94.95
Maria Brown,"09:18,11:32,13:41,16:14,19:32","10:53,12:55,15:38,18:35,19:53",7.63,83.17
David Johnson,"09:00,11:47,14:45,17:08,19:11","10:51,13:57,15:54,18:19,19:55",7.09,98.34
Maria Smith,"09:03,11:49,15:32","10:53,14:18,17:16",6.07,77.81
Alice Miller,"09:13,12:20,14:42,18:21","11:11,13:35,17:32,19:05",6.79,94.79
Emma Jones,"09:24,13:04,17:10,20:19","11:45,15:44,19:29,20:58",7.99,75.45
Maria Williams,"09:25,12:30","11:47,14:38",4.51,59.91
James Rodriguez,"09:07,11:31,14:10","10:24,13:06,17:01",5.73,51.4
John Johnson,"09:08,11:38,15:35","10:46,14:17,15:51",4.56,91.7
James Jones,"09:14,13:25","12:10,15:22",4.89,67.58
Michael Rodriguez,"09:08,11:28,13:51","10:27,12:50,15:12",4.05,95.28
Olivia Brown,"09:09,12:56,15:39","11:43,14:55,16:44",5.64,70.71
Maria Brown,"09:18,12:35,16:32","11:27,15:32,16:53",5.45,66
Sophia Williams,"09:24,12:34,15:56","11:58,15:21,16:23",5.81,68.97
David Brown,"09:12,12:24,14:23,18:21","11:15,13:32,17:22,18:31",6.34,93.32
Maria Johnson,"09:29,11:34,15:29,17:14","10:38,14:19,16:39,18:39",6.5,97.57
Alice Smith,"09:28,12:55,15:48","12:13,14:52,16:28",5.37,99.52
Sophia Johnson,"09:28,13:00,16:20","11:54,15:20,17:28",5.91,66.61
Robert Williams,"09:29,13:30,15:48,18:15","12:21,14:44,17:23,19:22",6.81,85.78
John Smith,"09:30,12:13,14:18,16:03,18:42","11:12,13:25,15:20,18:00,19:26",6.62,83.49
Robert Brown,"09:11,12:30,15:35","11:18,14:40,17:36",6.32,66.25
James Smith,"09:04,11:54,14:29,17:29","10:55,13:30,16:05,20:14",7.8,98.13
Robert Jones,"09:17,12:12,14:46","11:19,13:31,16:15",4.83,68.1
Olivia Brown,"09:08,11:52,13:58,15:57","10:39,12:54,15:06,18:22",6.1,64.23
James Johnson,"09:26,12:51,14:45,16:56","11:41,14:10,16:08,18:03",6.07,97.64
John Jones,"09:10,12:13,15:07","11:21,13:59,16:00",4.84,85.9
Michael Miller,"09:23,11:36,15:25,19:32","10:23,14:04,18:12,21:03",7.78,89.56
James Brown,"09:21,12:42,16:29","11:25,15:13,19:00",7.11,66.72
Emma Johnson,"09:12,13:16,15:33,18:30","12:02,14:37,17:12,20:26",7.78,94.12
Sophia Johnson,"09:04,11:32,15:24","10:30,14:20,15:54",4.75,69.03
Michael Brown,"09:29,11:51,15:38,17:48","11:19,14:40,16:50,19:10",7.22,79.82
John Williams,"09:00,13:00,15:48","11:45,14:21,17:08",5.44,57.57
Olivia Brown,"09:21,13:04,15:25","12:03,14:36,16:51",5.67,90.27
Sophia Smith,"09:19,13:13,16:20","12:11,15:22,17:02",5.73,65.53
Maria Jones,"09:28,13:41,17:30","12:19,16:26,19:28",7.57,58.94
Olivia Miller,"09:19,12:08,14:04,16:16,19:02","11:02,13:22,15:07,18:22,19:57",7.03,73.54
John Johnson,"09:13,12:58,16:02","12:07,14:57,16:30",5.36,84.65
Olivia Johnson,"09:00,12:51","11:55,14:19",4.4,67.48
John Williams,"09:17,12:08,14:04","10:59,13:14,15:57",4.7,90.62
James Jones,"09:10,11:10,14:12,17:20","10:11,13:12,16:14,18:41",6.45,51.18
Maria Martinez,"09:19,11:53,15:45","10:41,14:37,16:35",4.94,57.81
James Rodriguez,"09:21,12:02,13:56","11:06,13:20,15:08",4.26,92.89
James Brown,"09:02,12:00,15:16,18:21","10:51,14:29,17:38,19:01",7.35,85.91
James Martinez,"09:14,11:22,14:19","10:20,13:13,16:37",5.26,86.78
James Jones,"09:24,13:29,16:43","12:17,15:34,17:45",6.01,53.89
Sophia Rodriguez,"09:30,13:10,14:50,17:09","12:12,14:12,15:51,18:20",5.94,56.25
Robert Jones,"09:18,11:36,14:04,18:22,21:07","10:35,12:59,16:56,19:54,21:45",7.71,67.95
Emma Martinez,"09:03,12:25,15:40,19:02","11:32,14:52,18:08,19:20",7.71,88.54
Robert Williams,"09:01,11:09,14:38","10:23,13:21,16:11",5.13,64.52
Robert Smith,"09:21,13:04,16:50","11:52,15:29,17:25",5.52,60.18
David Williams,"09:05,11:57,13:46,16:22","10:45,12:59,15:47,16:29",4.85,72.93
Robert Martinez,"09:25,11:26,14:32,16:22,18:21","10:32,13:13,15:36,17:22,18:40",5.29,91.71
John Williams,"09:04,12:12","11:13,14:04",4.03,73.47
Olivia Martinez,"09:04,11:47,14:16","10:55,13:32,15:12",4.54,82.56
Olivia Jones,"09:22,12:52,15:29,17:42","11:31,14:24,16:30,18:07",5.13,98.44
Emma Garcia,"09:13,11:16,13:49","10:18,12:48,16:03",4.85,92.14
Michael Martinez,"09:08,11:26,13:59","10:31,13:07,14:57",4.04,63.81
Robert Williams,"09:06,13:09,15:24","11:57,14:28,16:33",5.32,92.07
Emma Davis,"09:18,11:55,14:59","11:07,14:16,16:41",5.88,66.81
Robert Smith,"09:22,11:24,13:39,17:06,19:12","10:24,12:50,16:04,18:28,19:30",6.56,90.33
Emma Smith,"09:26,12:46","11:44,14:47",4.32,51.43
Robert Smith,"09:06,11:51,14:22,17:54,20:32","10:25,13:06,16:53,19:21,21:59",8,89.38
John Davis,"09:21,11:49,13:53,15:53","11:17,13:01,15:14,16:31",5.12,60.29
John Brown,"09:06,12:00,15:41,19:29","10:45,14:49,18:10,19:47",7.26,91.21
Olivia Davis,"09:03,12:08,14:35","11:19,13:43,15:58",5.24,88.09
John Davis,"09:09,12:50,15:11","11:51,14:11,15:15",4.13,72.63
Emma Martinez,"09:30,11:32,14:38","10:45,13:28,16:19",4.88,89.55
Robert Brown,"09:21,12:25,14:15,16:28,18:48","11:18,13:29,15:18,18:03,21:03",7.9,54.7
Emma Martinez,"09:22,11:19,13:26,15:54,18:39,20:25","10:41,12:22,14:39,17:31,19:50,21:39",7.63,85.99
James Johnson,"09:27,11:53,14:09,16:19,19:44","10:57,12:53,15:24,19:04,20:05",6.85,73.32
Maria Rodriguez,"09:26,11:53,14:11,16:19,18:48,21:22","10:54,13:19,15:29,17:51,20:36,21:38",7.81,62.38
John Garcia,"09:23,13:26,16:12,18:24","12:06,15:07,17:33,18:55",6.28,56.73
Michael Brown,"09:05,12:02,14:32,16:43","11:08,13:34,15:34,17:18",5.21,86.4
Alice Miller,"09:02,11:15,14:06","10:32,13:15,15:01",4.43,89.74
Michael Williams,"09:27,11:33,14:01","10:43,13:17,15:14",4.23,54.5
Maria Brown,"09:04,12:06,14:05,17:35","10:54,13:12,16:41,18:07",6.07,92.78
Alice Miller,"09:29,13:12","12:16,15:15",4.84,54.39
David Williams,"09:09,12:51,15:29","11:40,14:25,17:47",6.4,62.23
Robert Johnson,"09:19,13:19","11:54,14:55",4.19,57.97
David Williams,"09:25,13:04,16:12","11:59,15:06,16:54",5.31,82.51
Sophia Davis,"09:22,11:26,14:43","10:48,14:06,16:15",5.64,51.18
Michael Williams,"09:29,12:56,15:50,18:06","11:57,14:40,17:10,19:13",6.66,74.18
David Martinez,"09:17,12:16,15:13","11:05,13:51,16:33",4.72,76.87
Alice Smith,"09:16,11:47,13:53,16:53","11:06,13:18,16:07,18:02",6.74,56.28
David Garcia,"09:29,11:37,15:06,17:27,20:04","10:38,14:24,16:32,19:15,20:31",7.63,94.93
Maria Smith,"09:11,11:31,14:17,17:17","10:21,13:41,16:15,17:30",5.53,58.33
Michael Rodriguez,"09:06,12:02,14:10,15:48,18:01","11:18,13:04,15:18,17:06,19:13",6.87,72.31
Maria Johnson,"09:15,12:36,16:14","11:38,15:19,18:05",6.96,93.96
John Williams,"09:14,12:19,16:18","11:46,15:18,17:34",6.8,52.84
Alice Johnson,"09:23,12:41,15:10","11:31,14:14,16:21",4.87,71.66
Michael Jones,"09:10,11:15,15:02,17:19,19:00","10:13,13:57,16:28,18:22,19:26",6.68,60.02
Maria Garcia,"09:05,12:12","10:58,14:41",4.38,54.89
Robert Garcia,"09:23,11:56,15:42,18:16,20:31","10:39,14:34,17:16,19:29,21:29",7.66,86.89
John Jones,"09:15,11:15,14:23","10:27,13:27,16:18",5.32,75.28
Robert Davis,"09:23,12:38,16:16,19:26","11:22,15:00,18:14,21:03",7.94,67.62
James Davis,"09:08,11:31,14:12,16:23","10:33,13:00,15:34,16:57",4.84,78.03
Maria Williams,"09:30,12:17,15:21","11:05,14:37,16:26",5.01,74.41
John Jones,"09:13,11:12,15:07","10:20,14:07,15:37",4.54,99.03
Emma Rodriguez,"09:17,11:50,14:53,17:20","11:16,13:41,16:12,18:29",6.31,78.63
Emma Rodriguez,"09:20,11:00,12:46,15:02","10:27,12:01,14:12,15:49",4.36,91.94
Sophia Brown,"09:21,12:06,14:26,18:08","10:55,13:23,17:12,19:23",6.88,84.5
Emma Williams,"09:25,12:06","11:23,14:39",4.53,64.79
Olivia Garcia,"09:18,12:22,15:12,18:15","11:22,14:12,17:27,19:47",7.7,73.87
David Rodriguez,"09:12,12:04,15:45","10:58,14:54,17:39",6.51,80.85
John Rodriguez,"09:13,12:40,15:07","11:29,14:35,15:57",5.03,66.94
Michael Jones,"09:06,11:09,13:04,17:05","10:14,12:10,15:51,17:55",5.77,91.44
Alice Rodriguez,"09:12,12:32,16:23,18:51","11:32,15:00,17:28,19:51",6.89,64.84
David Johnson,"09:19,13:20,16:12,18:56","12:18,14:59,18:14,20:00",7.74,74.63
David Brown,"09:21,11:21,14:55,18:21,20:37","10:29,13:35,17:15,19:27,21:19",7.5,67.09
David Johnson,"09:13,13:04,16:15","11:49,15:33,17:26",6.28,89.05
Maria Rodriguez,"09:15,12:06,14:49,17:39","11:01,13:58,16:55,18:37",6.71,96.66
John Miller,"09:03,12:56,15:48","11:37,14:48,16:55",5.55,66.5
Robert Williams,"09:01,11:30,14:12,16:52,18:50","10:28,13:17,15:42,17:55,19:34",6.53,82.19
John Brown,"09:13,12:31,16:24,18:54","11:45,15:29,17:56,19:07",7.26,75.54
James Garcia,"09:20,12:05,15:17,17:44","11:04,14:28,16:34,17:46",5.44,55.75
John Miller,"09:24,13:06,15:07,18:20","12:09,14:13,17:17,20:17",8,61.64
Sophia Rodriguez,"09:26,12:54,16:41","11:47,15:36,18:10",6.55,82.22
Alice Davis,"09:04,13:07","11:50,15:34",5.22,66.06
Emma Rodriguez,"09:30,12:43,16:29,18:55","11:48,15:29,18:07,20:01",7.81,70.86
Sophia Davis,"09:13,11:26,15:06","10:27,14:24,16:45",5.86,66.48
Alice Rodriguez,"09:20,12:49,15:48","11:52,14:51,17:49",6.6,83.14
Sophia Smith,"09:30,13:16","12:11,15:26",4.87,80.3
Michael Garcia,"09:03,11:39,15:04,18:45","10:44,14:06,17:34,19:56",7.82,98.48
Emma Rodriguez,"09:04,12:30,16:18","11:01,15:06,16:45",5,97.47
Alice Jones,"09:17,12:04,16:07","10:47,14:51,17:36",5.78,50.16
John Martinez,"09:20,11:44,15:00,17:47","10:28,14:02,16:42,19:41",7.05,71.74
David Williams,"09:30,11:43,15:04,18:11","10:35,14:09,17:07,19:09",6.55,51.45
Sophia Jones,"09:28,12:10,15:24,18:24","11:03,14:11,17:20,18:57",6.09,81.57
James Garcia,"09:11,13:21,15:47","12:10,14:37,15:55",4.39,98.88
Michael Garcia,"09:25,12:53,15:03,18:56","11:50,14:01,17:50,19:08",6.55,76.53
Sophia Martinez,"09:25,13:02","11:41,15:34",4.82,59.15
John Johnson,"09:29,12:50,15:51","11:35,14:56,16:18",4.66,85.7
Maria Garcia,"09:18,11:49,14:44,18:10","10:56,13:56,17:08,19:59",7.98,76.36
James Martinez,"09:02,11:46,15:47","10:49,14:29,18:16",6.99,98.11
James Johnson,"09:06,12:40,14:39,18:20","11:47,13:57,17:13,19:37",7.83,81.18
Alice Jones,"09:25,11:41,14:36,18:23,21:05","10:51,13:31,17:08,19:56,21:13",7.49,88.95
Robert Rodriguez,"09:19,13:09","12:11,15:38",5.35,55.49
Olivia Smith,"09:29,11:58,16:00","10:44,14:52,17:04",5.22,84.06
James Garcia,"09:29,11:55,14:01,17:02,18:50","10:42,13:06,16:12,18:05,20:37",7.42,95.16
Olivia Davis,"09:10,12:44,15:45,18:13","11:46,14:34,17:24,18:29",6.35,58.57
Michael Garcia,"09:22,11:45,14:11,17:27","11:10,12:57,16:08,18:02",5.54,66.39
Emma Jones,"09:00,10:52,12:44,15:26,18:46","10:13,12:12,14:21,17:30,20:03",7.53,76.85
Sophia Williams,"09:03,11:47,14:45","10:43,13:39,15:24",4.19,97.38
Alice Johnson,"09:12,12:51,15:29,17:40,20:01","11:32,14:37,16:48,18:46,20:28",6.97,91.09
David Davis,"09:02,11:50,14:15,16:44,19:37","10:24,12:58,15:42,18:22,20:30",6.47,58.41
David Miller,"09:10,11:10,13:49,16:39,20:02","10:24,12:54,15:30,19:11,20:39",7.81,91.84
Emma Rodriguez,"09:19,11:57,15:04","10:54,13:49,17:01",5.41,93.57
David Brown,"09:26,12:04,14:14","11:21,13:21,15:30",4.47,94.73
Robert Garcia,"09:01,13:04,16:27","11:51,15:13,17:31",6.05,56.41
Michael Martinez,"09:24,11:52,15:55","10:46,14:45,17:22",5.7,90.85
John Miller,"09:29,11:46,14:50,17:11,19:27","10:47,13:25,16:02,18:13,21:13",6.96,96.21
Maria Williams,"09:21,13:02","12:04,14:42",4.39,82.95
Emma Smith,"09:16,11:40,14:55,17:26","10:16,14:20,16:18,18:14",5.86,83.83
David Martinez,"09:25,11:56,15:30","10:50,14:21,17:15",5.58,51.17
Michael Garcia,"09:22,11:44,14:05","10:41,12:54,15:39",4.06,77.26
James Smith,"09:11,13:06,14:59","12:05,14:06,17:01",5.94,92.4
David Smith,"09:30,12:41,14:57,18:36","11:52,13:52,17:40,19:02",6.71,65.39
Michael Smith,"09:01,11:55,13:52","10:50,13:16,15:08",4.45,84.47
Olivia Davis,"09:19,11:26,14:59,17:59","10:29,13:54,16:50,18:58",6.48,72.8
Olivia Williams,"09:02,12:50,16:57,19:56","11:53,15:33,18:48,20:17",7.77,74.35
Emma Miller,"09:08,12:51,15:11,18:07","11:30,14:17,17:36,19:44",7.85,53.03
David Miller,"09:11,11:13,13:54,17:32","10:24,12:59,16:31,19:18",7.38,66.58
Michael Miller,"09:00,13:09,15:05,17:03","11:56,14:14,16:08,17:10",5.18,74.5
James Williams,"09:09,13:05,15:13,18:01","12:07,14:13,16:50,19:53",7.59,86.17
Michael Jones,"09:06,11:21,14:45,16:56","10:10,13:35,15:47,18:35",6,77.49
Alice Smith,"09:27,11:05,13:40,15:59","10:35,12:48,14:47,16:06",4.09,64.88
Olivia Brown,"09:10,11:18,14:02,16:55","10:29,12:54,15:53,19:36",7.46,80.28
Maria Brown,"09:11,13:16,15:37","12:09,14:41,15:44",4.51,97.28
James Garcia,"09:06,12:05","10:38,15:00",4.45,56.75
David Martinez,"09:05,12:36,14:29,17:54","11:52,13:45,16:54,18:24",6.87,79.89
James Garcia,"09:05,12:11","11:05,15:09",4.97,90.66
John Davis,"09:02,12:57,16:21","11:48,15:17,17:24",6.16,88.12
Alice Martinez,"09:09,12:33,15:24,17:08","11:41,14:40,16:27,18:34",7.15,78.37
Alice Brown,"09:05,12:01,13:43,17:00","10:46,13:01,16:15,17:13",5.45,87.58
Michael Davis,"09:05,12:10,14:27,17:12","11:19,13:12,15:49,17:43",5.16,95.32
Emma Smith,"09:16,12:45","11:32,15:02",4.56,92.44
Michael Martinez,"09:00,12:12,14:23,17:44,19:56","11:09,13:36,16:54,18:53,20:39",7.94,78.9
Sophia Williams,"09:30,12:14,14:17,18:07","11:15,13:18,16:47,18:56",6.13,94.4
Maria Rodriguez,"09:11,12:02,16:01","11:06,15:00,17:59",6.86,72.21
Maria Johnson,"09:07,13:01,15:05,18:11,20:43","12:06,14:13,17:06,19:20,20:48",7.45,51.32
Sophia Brown,"09:10,13:12,16:04","12:00,15:26,17:25",6.42,83.13
Maria Jones,"09:23,12:41,15:27","11:44,14:25,16:48",5.45,65.79
James Davis,"09:17,11:43,14:01,17:34,19:28","10:46,13:06,16:29,18:41,20:26",7.43,83.32
Robert Smith,"09:18,12:36,16:03","11:57,14:44,17:17",6.02,62.93
Maria Jones,"09:17,12:35","11:51,14:57",4.94,57.54
Michael Smith,"09:20,12:34,15:40","11:45,14:30,17:44",6.43,75.01
Maria Garcia,"09:29,11:20,13:22,16:25,19:39","10:43,12:47,15:13,18:59,20:11",7.65,89.78
Olivia Brown,"09:17,11:48,13:44,17:54","10:47,12:59,16:35,18:34",6.2,82.81
Emma Rodriguez,"09:00,11:43,14:35,18:24","10:55,13:30,17:32,19:03",7.31,89.88
Robert Garcia,"09:15,12:30,15:18,18:11","11:45,14:29,17:25,18:53",7.31,90.62
Maria Jones,"09:14,11:31,13:59,16:14,19:28","10:49,12:42,15:04,18:22,20:06",6.62,91.38
Robert Williams,"09:29,11:59,14:21,18:16","11:06,13:23,17:12,19:57",7.56,95.87
Maria Davis,"09:30,11:46,14:14,16:15,18:27,21:02","10:42,13:14,15:32,17:43,19:58,21:51",7.77,95.31
Robert Miller,"09:29,12:08,15:33,17:46","10:58,14:37,16:33,18:10",5.37,84.79
David Miller,"09:17,13:14,15:19","12:16,14:23,15:27",4.28,62.42
Michael Johnson,"09:22,12:17,14:25,16:40,19:45","11:06,13:20,15:37,18:29,21:23",7.44,98.41
Emma Jones,"09:17,12:16,15:13,18:34","11:13,14:09,17:36,18:49",6.46,82.06
Sophia Rodriguez,"09:03,12:20,15:13,17:08","11:19,14:16,16:14,17:30",5.6,92.27
Michael Miller,"09:09,12:28,15:48,17:57,20:07","11:11,14:31,16:50,19:15,20:41",6.99,78.12
Sophia Jones,"09:25,13:11","12:02,14:38",4.08,62.64
James Miller,"09:00,11:21,13:26,15:54,19:26","10:12,12:26,14:47,18:07,19:46",6.18,62.08
Michael Williams,"09:09,11:25,14:28","10:22,13:51,17:07",6.31,84.05
John Brown,"09:04,11:35,14:52","10:45,14:05,15:27",4.77,65.43
Robert Miller,"09:21,12:12,15:10,18:07","11:11,14:16,17:16,18:30",6.39,65.49
Emma Jones,"09:06,11:58,15:00","11:00,13:57,17:28",6.35,61.14
Maria Rodriguez,"09:09,12:48,15:12,18:18","11:59,14:19,17:15,19:15",7.36,71.14
David Williams,"09:04,11:17,13:58","10:45,12:59,15:50",5.26,57.75
Alice Johnson,"09:22,12:06,15:23","10:48,14:39,15:55",4.52,80.82
Maria Garcia,"09:23,11:31,13:50,16:36,19:39","10:37,12:53,16:00,18:39,20:44",7.9,90.3
John Brown,"09:23,13:36,17:56","12:15,16:34,19:56",7.84,91.05
John Smith,"09:10,12:58,15:48","11:55,14:40,17:11",5.85,52.15
Sophia Garcia,"09:21,11:33,14:57,17:57","10:28,13:43,16:43,18:06",5.21,91.97
Michael Martinez,"09:21,13:45","12:18,14:49",4.03,95.03
Olivia Brown,"09:08,11:38,14:49,18:32","10:45,14:04,17:06,19:39",7.45,83.35
Alice Smith,"09:21,11:18,13:21,16:14","10:25,12:37,15:16,17:36",5.68,82.44
David Williams,"09:02,10:43,14:24,16:50,19:15","10:06,13:14,15:56,18:31,19:23",6.94,79.13
James Garcia,"09:25,11:41,14:33,17:37","10:50,13:21,16:27,19:27",6.83,95.9
James Martinez,"09:04,12:25,14:35","11:21,13:26,15:35",4.31,53.35
John Rodriguez,"09:06,12:40","11:32,14:27",4.23,90.12
David Miller,"09:30,11:25,13:49,17:03,19:30","10:36,12:37,16:09,18:42,20:29",7.27,85.1
John Garcia,"09:15,12:05,15:53,19:19","10:58,14:38,17:59,20:52",7.93,75.1
Olivia Williams,"09:30,13:00,15:38","12:07,14:27,17:38",6.07,97.15
Olivia Smith,"09:20,12:55","12:01,14:52",4.64,53.15
Michael Martinez,"09:29,12:41,15:10,17:35","11:54,14:09,16:35,19:32",7.26,99.63
Emma Johnson,"09:17,12:56,17:18","11:43,15:53,17:38",5.73,52.83
Michael Johnson,"09:12,13:20,15:30,17:48","12:03,14:29,16:39,20:18",7.66,79.38
Sophia Jones,"09:12,11:47,14:35,17:31","11:14,13:57,16:33,19:17",7.93,83.84
Michael Rodriguez,"09:23,12:27,16:19","11:32,15:05,17:24",5.88,83.37
John Williams,"09:25,12:30,15:13,16:51,19:39","11:27,14:32,16:14,18:14,20:07",6.95,76.88
Robert Smith,"09:20,12:33,14:35,17:26,19:39","11:36,13:44,16:50,18:38,20:08",7.4,74.2
Alice Martinez,"09:03,11:24,14:57","10:24,13:52,15:29",4.36,97.8
Michael Jones,"09:05,11:06,14:47,16:50","10:13,13:20,15:58,17:11",4.91,59.62
Michael Brown,"09:15,12:12,14:36","10:58,13:39,15:37",4.2,74.94
John Johnson,"09:27,11:42,15:16","11:01,14:03,15:39",4.3,58.93
Sophia Rodriguez,"09:22,11:36,14:11,16:39,20:06","10:43,13:00,15:31,18:46,21:19",7.43,77.2
Maria Jones,"09:00,11:57,14:15,16:45","11:03,13:26,15:39,17:49",6.02,64.3
Emma Davis,"09:22,12:57,15:55","11:47,15:07,16:31",5.19,71.43
John Brown,"09:20,12:16,15:29,18:03,20:12","10:59,14:15,17:09,19:11,21:00",7.24,97.57
Maria Brown,"09:19,13:10","12:07,14:50",4.47,56.28
Sophia Miller,"09:12,13:13,16:24","11:50,15:21,18:31",6.89,83.04
John Williams,"09:03,12:11,14:56,18:34,20:31","11:00,13:58,17:18,19:51,20:36",7.48,94.29
David Brown,"09:25,12:57,16:27,18:36","11:56,15:24,17:40,19:56",7.52,52.9
James Smith,"09:28,11:25,13:49,17:11","10:51,12:56,16:26,17:29",5.83,96.74
Alice Martinez,"09:00,12:40,16:19","11:51,15:35,16:54",6.36,87.56
James Martinez,"09:13,12:50,16:15","12:06,15:18,17:02",6.15,56.36
Michael Martinez,"09:02,11:50,14:27,17:55","10:53,13:30,17:00,18:29",6.64,52.45
James Jones,"09:07,12:12,14:33","11:06,13:41,15:45",4.68,97.12
John Smith,"09:20,11:39,15:31","10:40,14:06,15:51",4.13,96.04
John Williams,"09:07,12:25,15:29","11:38,14:18,15:37",4.54,54.17
Emma Smith,"09:10,11:59,14:25,17:01,20:42","10:49,13:30,15:46,19:36,21:19",7.73,54.69
John Miller,"09:08,13:12,16:31","12:06,15:46,18:09",7.17,65.89
Sophia Brown,"09:18,11:27,14:55,17:07,20:34","10:29,13:27,16:23,19:21,21:02",7.35,90.09
Emma Rodriguez,"09:15,10:53,13:49,17:58","10:18,12:58,16:38,19:26",7.42,85.6
David Smith,"09:04,12:12,14:44","11:17,14:04,15:24",4.76,99.85
Emma Smith,"09:16,12:38,16:01,19:03","11:27,14:54,17:56,19:23",6.71,80.15
Olivia Jones,"09:17,12:05,14:20,16:04,18:49","11:04,13:26,15:22,17:47,19:41",6.76,98.8
James Brown,"09:07,13:11,15:44,18:17","12:01,14:27,17:21,18:33",6.07,87.56
David Rodriguez,"09:07,13:04,15:32,17:05,19:39","11:53,14:25,16:32,18:48,20:09",7.33,70.9
Olivia Jones,"09:09,11:21,15:03,17:41,19:43","10:10,13:52,16:35,18:54,21:03",7.62,93.57
Sophia Rodriguez,"09:08,11:42,14:36","10:42,13:35,15:41",4.54,64.09
David Rodriguez,"09:06,12:17,15:50","11:12,14:39,16:35",5.22,74.15
John Johnson,"09:30,13:35,15:58","12:26,14:47,15:58",4.14,61.07
Robert Martinez,"09:20,11:40,14:43","10:51,13:31,16:23",5.04,53.16
Robert Miller,"09:08,12:32,14:44","11:31,13:45,15:48",4.68,77.25
Alice Garcia,"09:28,11:54,13:51,17:26","10:48,13:10,16:12,18:49",6.35,81.36
Maria Brown,"09:17,11:57,15:30,17:29","11:03,14:46,16:52,18:22",6.84,51.92
Emma Johnson,"09:09,12:07,15:22","11:11,14:25,15:39",4.63,73.9
Sophia Miller,"09:02,12:55,16:42","11:49,15:44,16:50",5.75,73.81
Maria Martinez,"09:10,12:17","11:18,14:33",4.41,95.1
Olivia Johnson,"09:12,11:16,13:58,16:35","10:18,13:18,15:33,17:32",5.67,59.03
Maria Johnson,"09:14,12:38,14:44","11:26,13:41,17:05",5.61,97.11
Sophia Williams,"09:19,11:19,14:47,17:31","10:30,13:47,16:23,20:09",7.89,89.99
John Jones,"09:10,12:38,15:44","11:48,14:25,16:16",4.95,74.45
James Garcia,"09:25,11:39,13:32,16:36","10:29,12:45,15:20,17:25",4.79,94.83
David Jones,"09:30,12:08,14:24","10:55,13:32,16:54",5.32,55.46
Sophia Rodriguez,"09:09,12:29,14:46,18:16,20:33","11:19,13:42,17:09,19:42,21:17",7.94,88.12
Alice Rodriguez,"09:30,12:25,15:05","11:32,14:07,16:26",5.09,52.67
Alice Davis,"09:21,11:31,14:16,16:16","10:38,12:58,15:17,16:38",4.12,85
Sophia Jones,"09:09,11:05,14:22,17:25","10:13,13:29,16:23,17:39",5.73,70.06
Alice Johnson,"09:08,11:47,14:36,18:13","10:51,13:43,17:06,18:41",6.63,86.45
John Brown,"09:16,12:43,16:32","11:47,15:39,18:42",7.63,87.64
Robert Williams,"09:16,12:06,15:39","11:05,14:26,16:52",5.38,80.92
Emma Davis,"09:19,12:06,16:04","11:00,14:45,17:12",5.47,79.78
Emma Johnson,"09:22,13:05,15:41","12:21,14:21,16:25",4.99,72.63
John Johnson,"09:07,12:10,15:33","11:02,14:57,15:53",5.04,87.2
Robert Williams,"09:13,12:41,15:09,18:25","11:41,14:12,17:20,19:53",7.65,57.55
Robert Jones,"09:01,12:56,14:42,18:20","11:55,13:59,17:29,19:03",7.46,54.9
James Williams,"09:15,12:47,14:59,17:36","11:47,13:50,16:57,18:09",6.11,70.31
Michael Davis,"09:16,12:27,14:52,17:49,19:25","11:20,14:03,16:43,18:49,20:32",7.65,69.93
John Davis,"09:22,12:37","11:52,14:18",4.19,97.79
James Jones,"09:09,13:09,17:05,19:54","12:02,16:02,18:51,20:06",7.74,53.22
Robert Jones,"09:00,12:09,15:07,17:34","11:21,13:43,16:15,17:43",5.22,51.8
Emma Miller,"09:25,12:13,15:24","11:10,14:15,16:18",4.7,75.45
John Miller,"09:05,12:45,15:27,18:44","11:38,14:29,17:59,18:56",7.03,69.55
John Rodriguez,"09:16,12:08,15:51,18:19","11:01,14:52,17:29,20:06",7.9,74.66
James Davis,"09:05,11:39,14:59","10:39,14:17,16:36",5.83,77.54
John Smith,"09:28,11:40,15:35","10:37,14:18,16:48",5,95.84
John Jones,"09:07,11:18,13:56,16:03","10:11,12:41,15:11,17:42",5.37,77.93
David Jones,"09:08,11:37,14:30,16:40","10:45,13:40,15:55,18:28",6.89,60.82
Michael Smith,"09:22,12:47,15:24,17:53","11:38,14:38,16:53,19:28",7.2,80.13
James Rodriguez,"09:30,11:55,15:11,17:49","11:09,14:25,17:04,18:37",6.83,83.97
Robert Davis,"09:18,12:24,15:45,18:13","11:30,14:37,17:00,19:34",7.02,57.17
Olivia Smith,"09:10,11:15,14:38,17:56","10:21,13:42,16:56,19:16",7.27,97.97
Emma Rodriguez,"09:14,11:27,15:02","10:21,13:51,16:38",5.13,88.69
Michael Rodriguez,"09:10,12:53","11:55,15:04",4.94,75.79
Olivia Garcia,"09:04,12:46,14:31","11:50,13:49,15:44",5.05,91.57
Olivia Garcia,"09:23,12:36,16:41,19:00","11:32,15:34,18:05,19:08",6.66,61.26
Olivia Miller,"09:13,11:47,14:25","10:53,13:32,16:34",5.57,72.71
Maria Brown,"09:23,12:16,15:20","11:05,14:18,16:47",5.19,67.25
Olivia Johnson,"09:16,13:17","12:05,15:00",4.54,94.1
James Rodriguez,"09:12,12:58,15:48,18:54","12:07,14:35,17:41,19:44",7.26,51.98
Sophia Martinez,"09:20,11:34,13:37,15:46","10:37,12:46,14:38,17:08",4.88,82.94
Robert Miller,"09:22,12:45,16:15","11:31,15:03,16:55",5.13,76.6
Alice Smith,"09:26,12:29,16:37","11:19,15:26,17:06",5.33,74.66
Alice Miller,"09:04,12:39,15:43","11:57,14:50,16:36",5.96,76.83
Michael Brown,"09:27,11:28,13:57","10:32,12:32,16:34",4.78,60.39
Emma Davis,"09:12,10:58,14:22,17:11","10:19,13:09,16:21,18:14",6.35,56.61
David Rodriguez,"09:18,11:45,15:18","10:34,14:13,15:42",4.14,53.81
John Miller,"09:01,12:10,14:17,17:45","11:24,13:27,16:44,17:49",6.2,65.84
Alice Davis,"09:30,12:40,16:26,19:19","11:20,15:31,18:04,20:31",7.53,56.04
Olivia Miller,"09:24,13:24,16:53","12:17,16:02,18:29",7.13,59.36
Alice Martinez,"09:08,11:44,14:53","10:28,13:58,16:35",5.27,97.77
John Martinez,"09:02,12:57","11:53,14:40",4.58,73.14
Robert Williams,"09:01,12:13,15:07","11:15,14:06,15:16",4.28,84.8
David Brown,"09:11,12:09,14:59","11:10,14:27,16:32",5.85,78.29
David Williams,"09:13,12:53,14:46","11:42,13:56,17:14",6.01,69.9
David Brown,"09:23,13:08","12:02,14:44",4.26,70.77
Robert Williams,"09:14,11:51,14:12,17:24,19:56","10:30,13:15,16:22,19:15,20:24",7.16,81.87
John Williams,"09:16,12:49,16:13","12:00,15:34,16:38",5.91,85.14
Alice Miller,"09:15,12:41,15:16","11:43,14:08,16:26",5.1,84.82
James Martinez,"09:26,11:30,14:04,16:12,18:22","10:30,13:25,15:09,17:34,18:44",5.8,83.48
Olivia Williams,"09:17,11:37,14:10","10:44,13:10,16:40",5.52,88.7
James Rodriguez,"09:03,12:38,14:35,16:44","11:49,13:42,15:49,16:47",5.12,53.24
David Williams,"09:20,12:38,15:26,18:26","11:42,14:14,17:33,18:54",6.55,76.07
Maria Brown,"09:18,11:21,14:33","10:26,13:45,15:06",4.09,98.77
John Garcia,"09:18,13:05,15:42,18:53","11:54,14:23,18:00,19:45",7.07,55.23
Maria Martinez,"09:17,11:25,14:15","10:26,13:16,16:03",4.81,54.97
Emma Brown,"09:05,13:12,16:14","12:02,15:27,16:30",5.47,95.97
David Martinez,"09:14,12:14,14:21,18:06","11:04,13:21,16:52,18:56",6.3,54.65
Emma Miller,"09:24,12:24","11:33,14:47",4.54,87.1
David Brown,"09:05,12:56,15:12","11:56,14:26,16:02",5.19,82.34
Emma Rodriguez,"09:03,11:41,14:43","10:41,13:37,15:17",4.14,72.91
Sophia Garcia,"09:06,11:19,14:38","10:23,13:14,15:45",4.33,57.63
Olivia Brown,"09:16,13:11","12:13,14:30",4.28,92.4
Maria Miller,"09:26,11:52,14:23,16:20,20:04","10:56,13:28,15:29,18:46,20:28",7.04,85.21
Sophia Johnson,"09:07,12:05,15:08","10:42,14:20,16:10",4.88,92.83
David Jones,"09:22,12:16,15:58","11:34,14:51,18:49",7.64,84.86
Maria Garcia,"09:17,12:52","12:04,15:01",4.95,63.6
David Jones,"09:12,12:49,15:24","11:37,14:37,17:06",5.93,83.51
Sophia Smith,"09:25,13:08,15:35","12:19,14:55,16:25",5.52,63.49
Emma Davis,"09:01,10:55,13:13,16:49,19:07","10:12,12:15,15:35,18:03,19:39",6.65,83.94
Robert Garcia,"09:25,12:44,16:01","12:05,14:37,17:02",5.57,56.55
Alice Williams,"09:04,11:32,15:12,18:05","10:24,14:09,16:54,19:09",6.72,63.39
Sophia Johnson,"09:20,12:40,14:52,16:44","11:43,13:41,16:03,18:18",6.16,69.43
Sophia Jones,"09:13,12:34,15:31,18:30","11:36,14:47,17:34,19:29",7.64,51.55
David Johnson,"09:15,12:16,15:01,17:46","10:55,14:18,16:44,19:40",7.33,58
Sophia Williams,"09:12,12:07,14:44","11:00,13:41,16:14",4.88,80.67
Alice Johnson,"09:06,10:42,12:42,16:06,19:31","10:07,11:50,14:50,18:11,19:40",6.52,55.8
Sophia Jones,"09:13,11:07,13:19,15:54,19:13","10:22,12:20,14:55,18:15,20:15",7.37,79.58
Emma Rodriguez,"09:28,13:32,17:11","12:18,16:16,18:32",6.93,70.37
Sophia Davis,"09:08,12:19,15:44","11:13,14:35,16:10",4.79,60.43
Maria Smith,"09:24,12:24,14:59","11:23,13:36,15:56",4.15,98.35
James Smith,"09:06,11:25,15:14,17:22","10:25,14:03,16:35,17:30",5.45,80.44
John Miller,"09:21,11:55,15:36","10:51,14:17,15:58",4.24,71.29
Michael Jones,"09:25,12:33","11:54,14:11",4.12,78.2
Alice Smith,"09:12,13:15,15:29,17:33","11:58,14:38,16:48,17:50",5.76,86.52
Emma Jones,"09:07,13:08","12:01,14:24",4.18,63
Olivia Martinez,"09:25,11:43,14:12,16:55","10:44,13:21,16:01,17:56",5.79,68.64
John Smith,"09:25,12:50","11:47,15:07",4.66,92.99
John Rodriguez,"09:08,11:31,14:17,16:41","10:48,13:29,15:49,17:02",5.52,90.32
David Brown,"09:29,12:52","11:45,15:33",4.96,82.71
Emma Martinez,"09:11,11:21,14:24,18:05","10:20,13:32,16:40,19:45",7.27,70.58
Alice Williams,"09:26,12:55,16:41,19:31","11:44,15:25,18:32,20:01",7.15,77.58
Robert Davis,"09:17,12:19,15:52","11:07,15:15,17:13",6.13,73.75
Sophia Brown,"09:00,12:12,14:44,18:21","11:25,13:40,17:00,18:38",6.45,92.73
John Davis,"09:11,13:12,15:31","12:08,14:28,16:02",4.75,88.62
David Smith,"09:12,11:24,14:21,18:16","10:36,12:58,17:15,19:11",6.78,86.54
Sophia Rodriguez,"09:09,12:58","12:02,14:50",4.76,93.52
Olivia Brown,"09:22,12:17,15:40","10:51,14:36,16:02",4.18,54.42
Emma Garcia,"09:26,12:15,16:28","11:13,15:08,17:18",5.51,93.27
Michael Johnson,"09:12,12:41,15:17,17:01,20:28","11:30,14:17,16:26,19:19,20:39",7.55,79.97
Robert Rodriguez,"09:27,12:05,15:11","11:20,14:07,17:26",6.18,75.98
James Miller,"09:14,12:23,15:31,19:19,21:47","11:24,14:10,18:04,20:39,21:53",7.94,53.81
David Rodriguez,"09:01,12:42,14:42,18:04,20:56","11:24,13:49,16:49,19:46,21:12",7.59,59.1
Robert Johnson,"09:27,12:24,16:04,18:54","11:40,15:07,18:04,19:25",7.45,61.44
Emma Smith,"09:05,12:30,15:08","11:27,14:16,15:54",4.91,78.39
Olivia Johnson,"09:08,11:21,13:25,17:07,20:01,21:54","10:14,12:24,15:52,18:57,21:02,22:05",7.64,87.34
Robert Rodriguez,"09:01,11:29,15:26,18:29","10:18,14:21,17:17,19:32",7.06,56.17
John Jones,"09:14,11:01,14:11,17:34","10:21,12:57,16:46,19:03",7.13,89.92
Michael Garcia,"09:22,11:44,14:53","10:43,14:10,17:36",6.51,68.45
Robert Martinez,"09:23,12:09,15:40,18:39","11:22,14:21,17:47,19:20",6.99,68.14
Robert Garcia,"09:25,11:31,15:00,17:26","10:29,13:58,16:30,18:18",5.89,56.79
Emma Smith,"09:16,11:19,13:58","10:29,12:35,15:39",4.18,70.43
James Smith,"09:29,13:12,15:59","12:02,14:34,16:39",4.59,91.35
John Smith,"09:13,11:52,14:40","10:27,13:35,16:27",4.75,71.61
Olivia Davis,"09:17,13:20,16:09,18:43,20:22","12:12,15:07,17:32,19:46,20:39",7.42,94.66
David Brown,"09:28,13:01,14:54,17:16,21:01","11:57,14:10,16:13,20:09,21:03",7.87,77.69
James Jones,"09:01,12:45,15:23,17:37","11:27,14:20,16:45,18:46",6.54,62.07
David Johnson,"09:10,12:18,14:48","11:22,13:50,15:40",4.61,92.23
Olivia Davis,"09:17,12:29,14:48","11:40,13:49,15:43",4.64,79.52
James Johnson,"09:04,11:21,14:19,16:24","10:22,13:29,15:31,17:27",5.69,98.65
Olivia Martinez,"09:10,11:46,14:20","10:58,13:30,16:35",5.79,59.03
Olivia Garcia,"09:25,12:07,14:59,17:55","11:12,14:04,16:56,18:42",6.48,77.11
John Brown,"09:17,12:49,14:59,18:02","11:49,14:14,17:04,18:48",6.81,57.72
Sophia Rodriguez,"09:24,13:22","12:14,14:47",4.25,55.9
John Miller,"09:14,11:21,14:31,17:10","10:20,13:51,16:05,18:20",6.34,89.94
Michael Brown,"09:07,12:06,16:04,18:29","11:06,15:02,17:38,18:49",6.82,61.92
Maria Martinez,"09:17,12:36,16:24","11:46,15:19,19:02",7.84,91.28
Michael Garcia,"09:19,11:46,13:58","10:32,13:12,16:14",4.93,70.75
Alice Brown,"09:22,13:00,16:46","11:46,15:33,17:34",5.75,89.92
Alice Martinez,"09:00,11:12,14:18,18:27","10:09,13:41,17:16,19:34",7.72,69.94
Olivia Rodriguez,"09:06,11:37,15:16,17:09","10:37,14:06,16:20,17:17",5.21,97.08
Olivia Davis,"09:28,12:22,15:15","11:08,14:28,17:34",6.1,62.7
Michael Garcia,"09:25,12:52,16:38,19:36","11:41,15:23,18:36,20:02",7.19,94.37
Robert Rodriguez,"09:16,13:16,15:41","11:55,14:41,17:22",5.75,98.85
Alice Jones,"09:10,12:33","11:32,14:46",4.59,91.62
Robert Davis,"09:14,13:12,16:01","12:13,14:48,17:42",6.27,91.97
John Garcia,"09:07,12:35,16:12","11:39,14:45,16:39",5.15,89.71
David Brown,"09:30,11:49,14:09,17:16,19:50","10:39,12:59,16:10,18:52,20:45",6.85,57.37
Sophia Johnson,"09:09,12:20,16:20","11:15,15:19,16:45",5.51,56.22
John Williams,"09:26,12:11,14:35,16:42","11:19,13:26,15:43,18:56",6.51,63.74
David Williams,"09:20,12:01,15:50,18:04","11:02,14:56,17:26,18:47",6.94,69.93
Sophia Martinez,"09:29,12:36,14:26,17:02","11:21,13:38,16:03,18:05",5.58,58.45
James Martinez,"09:05,13:25,15:54,18:04,20:23","12:03,15:01,17:01,19:18,21:15",7.79,85.78
Maria Miller,"09:00,12:50,15:05,16:59,19:38","11:52,14:07,16:19,18:48,20:03",7.63,72.31
Sophia Brown,"09:16,11:07,14:15","10:23,13:03,15:24",4.21,83.79
Emma Brown,"09:28,12:22,15:42,18:16","11:15,15:00,16:56,20:07",7.5,75.55
Sophia Martinez,"09:11,11:21,13:35,15:58,18:44,21:27","10:19,12:30,14:59,17:52,20:34,21:51",7.82,52.71
Michael Brown,"09:02,11:18,14:00","10:16,12:52,16:42",5.51,89.8
Robert Smith,"09:15,12:02,16:08","10:58,14:51,18:22",6.77,77.99
Alice Rodriguez,"09:05,11:07,14:30,17:12","10:09,13:16,15:49,17:34",4.9,53.3
Sophia Johnson,"09:05,12:36,15:11,18:00,20:24","11:22,13:53,16:53,19:30,21:33",7.92,72.7
Robert Martinez,"09:19,11:41,15:23,18:16","11:01,14:08,16:54,18:38",6.04,71.56
Michael Miller,"09:19,12:30,16:39,20:19","11:18,15:19,19:06,20:26",7.38,98.87
Maria Williams,"09:28,12:55,15:45,18:13","11:54,14:45,17:41,18:39",6.65,73.66
Sophia Garcia,"09:02,12:30,15:34,18:17","11:39,14:25,17:32,18:26",6.65,93.44
James Miller,"09:30,12:39","11:41,14:50",4.38,94.96
James Davis,"09:08,12:03,14:20,17:18,20:36","10:45,13:24,16:16,19:37,20:51",7.48,81.46
Michael Johnson,"09:12,11:15,14:09,17:37,20:09","10:14,13:06,16:47,19:18,20:13",7.28,75.14
Olivia Jones,"09:21,12:57,15:39","11:52,14:25,16:48",5.14,96.21
Michael Garcia,"09:09,11:38,14:16,16:45","10:35,13:30,15:38,17:34",5.5,52.22
Maria Garcia,"09:13,12:09,15:54","10:57,14:44,16:08",4.56,69.45
Alice Davis,"09:20,12:37,15:49","11:37,14:41,18:13",6.76,79
Emma Williams,"09:30,11:28,13:05,16:38","10:51,12:30,15:26,17:36",5.72,77.86
